optimization_step,episode,loss
1,4,0.2174297571182251
2,4,0.19877691566944122
3,4,0.15821924805641174
4,4,0.3597489595413208
5,4,0.17636793851852417
6,4,0.16506050527095795
7,4,0.1509241759777069
8,4,0.17022165656089783
9,4,0.09944867342710495
10,4,0.09331423789262772
11,4,0.11692489683628082
12,4,0.08103242516517639
13,4,0.0942654088139534
14,4,0.08838028460741043
15,4,0.08760861307382584
16,4,0.05810629948973656
17,4,0.05028664320707321
18,4,0.07083418220281601
19,4,0.0850028246641159
20,4,0.05195756256580353
21,4,0.03070165030658245
22,4,0.04433601349592209
23,4,0.032573893666267395
24,4,0.21135099232196808
25,4,0.2292751520872116
26,4,0.09333750605583191
27,4,0.06734439730644226
28,4,0.06560312211513519
29,4,0.19134683907032013
30,4,0.22352227568626404
31,4,0.2482440173625946
32,4,0.05430470034480095
33,4,0.038127243518829346
34,4,0.03624233976006508
35,4,0.029734263196587563
36,4,0.049412596970796585
37,4,0.0453236922621727
38,4,0.025567302480340004
39,4,0.010369491763412952
40,4,0.03724656626582146
41,4,0.009926872327923775
42,4,0.0451732836663723
43,4,0.017772018909454346
44,4,0.01926378905773163
45,4,0.007816571742296219
46,4,0.03387753292918205
47,4,0.027190109714865685
48,4,0.02053297869861126
49,4,0.017439087852835655
50,4,0.038166213780641556
51,4,0.03687429055571556
52,4,0.023338887840509415
53,4,0.0422743558883667
54,4,0.015344757586717606
55,4,0.20733687281608582
56,4,0.06588451564311981
57,4,0.024290211498737335
58,4,0.025693845003843307
59,4,0.023508291691541672
60,4,0.020948458462953568
61,4,0.02507917582988739
62,4,0.020184384658932686
63,4,0.03277610242366791
64,4,0.03921046108007431
65,4,0.04259499907493591
66,4,0.01441919058561325
67,4,0.0282321497797966
68,4,0.02032439596951008
69,4,0.03792917728424072
70,4,0.029861994087696075
71,4,0.02698133885860443
72,4,0.045236337929964066
73,4,0.043036773800849915
74,4,0.009778392501175404
75,4,0.03609561175107956
76,4,0.011925403028726578
77,4,0.0344468429684639
78,4,0.010134002193808556
79,4,0.02596043422818184
80,4,0.01805204339325428
81,4,0.012803148478269577
82,4,0.010067637078464031
83,4,0.010613808408379555
84,4,0.017861634492874146
85,4,0.009438395500183105
86,4,0.026010220870375633
87,4,0.029580291360616684
88,4,0.009123710915446281
89,4,0.015429703518748283
90,4,0.025967154651880264
91,4,0.1704782247543335
92,4,0.1728946566581726
93,4,0.009387379512190819
94,4,0.00243619317188859
95,4,0.027271350845694542
96,4,0.00867066252976656
97,4,0.18361003696918488
98,5,0.026475973427295685
99,5,0.015094317495822906
100,5,0.026066148653626442
101,5,0.016291428357362747
102,5,0.016852550208568573
103,5,0.02015114203095436
104,5,0.004193287808448076
105,5,0.01546644326299429
106,5,0.01562642864882946
107,5,0.027386166155338287
108,5,0.01504339836537838
109,5,0.022753994911909103
110,5,0.0033315683249384165
111,5,0.025004956871271133
112,5,0.010061481036245823
113,5,0.009576764889061451
114,6,0.022123172879219055
115,6,0.0035463403910398483
116,6,0.018596408888697624
117,6,0.014785682782530785
118,6,0.023094331845641136
119,6,0.1907500922679901
120,6,0.028936870396137238
121,6,0.02764621190726757
122,6,0.01989610306918621
123,6,0.17409032583236694
124,6,0.014782757498323917
125,6,0.024663368239998817
126,6,0.014404425397515297
127,6,0.030147859826683998
128,6,0.1696760356426239
129,6,0.18588678538799286
130,6,0.17258737981319427
131,6,0.01512980181723833
132,6,0.04073694720864296
133,6,0.030898254364728928
134,6,0.014919695444405079
135,6,0.1913689225912094
136,6,0.008113366551697254
137,6,0.1946437805891037
138,6,0.012037613429129124
139,6,0.17815427482128143
140,6,0.011970551684498787
141,6,0.1611602008342743
142,6,0.015249690040946007
143,6,0.024548819288611412
144,6,0.3521652817726135
145,6,0.015759866684675217
146,6,0.017655763775110245
147,6,0.02126425690948963
148,7,0.022635793313384056
149,7,0.025682173669338226
150,7,0.024596810340881348
151,7,0.19720181822776794
152,7,0.027687381953001022
153,7,0.012720420956611633
154,7,0.01685047149658203
155,7,0.02164873667061329
156,7,0.1764262467622757
157,7,0.0326501801609993
158,7,0.017199289053678513
159,7,0.02747691422700882
160,7,0.033374082297086716
161,7,0.010984772816300392
162,7,0.011208392679691315
163,7,0.19322970509529114
164,7,0.016782933846116066
165,7,0.022508887574076653
166,7,0.01884685643017292
167,7,0.03640281781554222
168,7,0.1705329269170761
169,7,0.017615286633372307
170,7,0.013595920987427235
171,7,0.03562279790639877
172,7,0.17320753633975983
173,7,0.1823645681142807
174,7,0.03600709140300751
175,7,0.026434622704982758
176,7,0.3447023034095764
177,7,0.3403884172439575
178,7,0.005880215670913458
179,7,0.02638520672917366
180,7,0.02925708517432213
181,7,0.18655048310756683
182,7,0.3336833715438843
183,7,0.023580290377140045
184,7,0.19166740775108337
185,7,0.034222330898046494
186,7,0.021325726062059402
187,7,0.021230138838291168
188,7,0.022024162113666534
189,7,0.026711953803896904
190,7,0.17334119975566864
191,7,0.1744489073753357
192,7,0.1879960149526596
193,7,0.011322124861180782
194,7,0.021599188446998596
195,7,0.18183206021785736
196,7,0.015331486240029335
197,8,0.04276135563850403
198,8,0.5198015570640564
199,8,0.014058208093047142
200,8,0.17736855149269104
201,8,0.022892223671078682
202,8,0.025731977075338364
203,8,0.020327575504779816
204,8,0.19440366327762604
205,8,0.1811651736497879
206,8,0.3176344037055969
207,8,0.030157379806041718
208,8,0.012478080578148365
209,8,0.02094569429755211
210,8,0.025296201929450035
211,8,0.04087788239121437
212,8,0.02239399030804634
213,8,0.17171131074428558
214,8,0.1800183206796646
215,8,0.024892225861549377
216,8,0.17850174009799957
217,8,0.026580598205327988
218,8,0.18478421866893768
219,8,0.023628339171409607
220,8,0.025476299226284027
221,8,0.17350147664546967
222,8,0.019379116594791412
223,8,0.16866379976272583
224,8,0.17920427024364471
225,8,0.018337275832891464
226,8,0.01978941820561886
227,8,0.022011399269104004
228,8,0.33802497386932373
229,8,0.03264015167951584
230,8,0.02994289994239807
231,8,0.036605559289455414
232,8,0.019139913842082024
233,8,0.0171599593013525
234,8,0.018949538469314575
235,8,0.024711210280656815
236,8,0.3334454596042633
237,8,0.1876247227191925
238,8,0.0077023617923259735
239,8,0.01985747367143631
240,8,0.19633252918720245
241,8,0.17421799898147583
242,8,0.019741564989089966
243,8,0.036779534071683884
244,8,0.19789639115333557
245,8,0.021420203149318695
246,8,0.027770642191171646
247,8,0.012965276837348938
248,8,0.019892631098628044
249,8,0.024291394278407097
250,8,0.01582617685198784
251,8,0.3624292016029358
252,8,0.23674121499061584
253,8,0.2985435128211975
254,8,0.2655859887599945
255,8,0.2726389467716217
256,8,0.052557267248630524
257,8,0.06432358920574188
258,8,0.10847431421279907
259,8,0.09316352754831314
260,8,0.27017664909362793
261,8,0.06859659403562546
262,8,0.05828036740422249
263,8,0.10786885023117065
264,8,0.058421798050403595
265,8,0.022053025662899017
266,8,0.042942628264427185
267,8,0.03243468701839447
268,8,0.021364592015743256
269,8,0.3770023584365845
270,8,0.02145625278353691
271,8,0.20250831544399261
272,8,0.0361948199570179
273,8,0.038645897060632706
274,8,0.20306335389614105
275,8,0.21686702966690063
276,8,0.060497723519802094
277,8,0.0275163184851408
278,8,0.028249258175492287
279,8,0.023050792515277863
280,8,0.011747553944587708
281,8,0.03353263437747955
282,8,0.027833955362439156
283,8,0.01847306825220585
284,8,0.05370284616947174
285,8,0.03404742479324341
286,8,0.031171992421150208
287,8,0.040619127452373505
288,8,0.01915159821510315
289,8,0.02871561236679554
290,8,0.013226189650595188
291,8,0.04977082088589668
292,8,0.01918032206594944
293,8,0.16831322014331818
294,8,0.18059048056602478
295,8,0.018682267516851425
296,8,0.17946098744869232
297,8,0.1929745078086853
298,8,0.026780689135193825
299,8,0.1627442091703415
300,8,0.03625599294900894
301,8,0.022797269746661186
302,8,0.034988269209861755
303,8,0.01844830811023712
304,8,0.020161453634500504
305,8,0.1814204454421997
306,8,0.1825590580701828
307,8,0.01418093591928482
308,8,0.010984870605170727
309,8,0.016670923680067062
310,8,0.018042638897895813
311,8,0.18556846678256989
312,8,0.0195346437394619
313,8,0.16654163599014282
314,8,0.03088710457086563
315,8,0.010898963548243046
316,8,0.028618797659873962
317,8,0.008997025899589062
318,8,0.04514754191040993
319,8,0.010039647109806538
320,8,0.013217130675911903
321,8,0.009680621325969696
322,8,0.03659471496939659
323,8,0.015277068130671978
324,8,0.007711887359619141
325,8,0.008408634923398495
326,8,0.16601687669754028
327,8,0.03169971704483032
328,8,0.019105907529592514
329,8,0.3378170132637024
330,8,0.0068802922032773495
331,8,0.017860140651464462
332,8,0.17495277523994446
333,8,0.019079778343439102
334,8,0.16985251009464264
335,8,0.017627252265810966
336,8,0.17313852906227112
337,8,0.022362731397151947
338,8,0.009332429617643356
339,8,0.01426880806684494
340,8,0.03297951817512512
341,8,0.011539755389094353
342,8,0.02030845731496811
343,8,0.03443888947367668
344,8,0.021795285865664482
345,8,0.014965224079787731
346,8,0.0153884906321764
347,9,0.030661527067422867
348,9,0.19649389386177063
349,9,0.021259771659970284
350,9,0.032079726457595825
351,9,0.02204706147313118
352,9,0.019510947167873383
353,9,0.16768807172775269
354,9,0.02905772440135479
355,9,0.02979571744799614
356,9,0.02444637008011341
357,9,0.047694697976112366
358,9,0.016120459884405136
359,10,0.02593027427792549
360,10,0.025844277814030647
361,10,0.01729857735335827
362,10,0.1750469207763672
363,10,0.013655520975589752
364,10,0.01771998219192028
365,10,0.01583896391093731
366,10,0.013057057745754719
367,10,0.027560682967305183
368,10,0.0394572913646698
369,10,0.031208086758852005
370,10,0.17012645304203033
371,10,0.026415066793560982
372,10,0.17477165162563324
373,10,0.030562780797481537
374,10,0.03342381864786148
375,10,0.1796870231628418
376,10,0.02404100075364113
377,10,0.5056277513504028
378,10,0.019082607701420784
379,10,0.027552438899874687
380,10,0.019971827045083046
381,10,0.1960144191980362
382,10,0.01938582770526409
383,10,0.20026974380016327
384,10,0.018128961324691772
385,10,0.003857456613332033
386,10,0.0297514908015728
387,10,0.02461712434887886
388,10,0.16314470767974854
389,10,0.020695773884654045
390,10,0.33707720041275024
391,10,0.18546397984027863
392,10,0.025038044899702072
393,10,0.025226635858416557
394,10,0.02743617072701454
395,10,0.041917070746421814
396,10,0.019974714145064354
397,10,0.007271210663020611
398,10,0.030270205810666084
399,10,0.195778027176857
400,10,0.014400403015315533
401,10,0.015375614166259766
402,10,0.017167365178465843
403,10,0.1716054528951645
404,10,0.034434907138347626
405,10,0.00945308431982994
406,10,0.0226626954972744
407,10,0.012932660058140755
408,10,0.034362129867076874
409,10,0.18697509169578552
410,10,0.16993889212608337
411,10,0.029025552794337273
412,10,0.016708537936210632
413,10,0.011916366405785084
414,10,0.05494110286235809
415,10,0.019540928304195404
416,10,0.040208153426647186
417,10,0.03521309047937393
418,10,0.024449007585644722
419,10,0.022560302168130875
420,10,0.1678270399570465
421,10,0.02938239276409149
422,10,0.02680453471839428
423,10,0.18830063939094543
424,10,0.014024483039975166
425,10,0.021224796772003174
426,10,0.014783404767513275
427,10,0.0339481495320797
428,10,0.020661642774939537
429,10,0.020564299076795578
430,10,0.024100370705127716
431,10,0.18152901530265808
432,10,0.16472265124320984
433,10,0.03807457536458969
434,10,0.1685287058353424
435,10,0.19415050745010376
436,10,0.033165737986564636
437,10,0.19408416748046875
438,10,0.4823392331600189
439,10,0.16028381884098053
440,10,0.02583867870271206
441,10,0.02821054495871067
442,10,0.01316181942820549
443,10,0.028010789304971695
444,10,0.34617820382118225
445,10,0.02286316268146038
446,10,0.016922209411859512
447,10,0.011123239062726498
448,10,0.04006754234433174
449,10,0.16964267194271088
450,10,0.1691514402627945
451,10,0.17723087966442108
452,10,0.201518252491951
453,10,0.18559642136096954
454,10,0.012696961872279644
455,10,0.018195409327745438
456,10,0.1732984334230423
457,10,0.015036589466035366
458,10,0.1806863695383072
459,10,0.022998947650194168
460,10,0.19492313265800476
461,10,0.010305461473762989
462,10,0.01590345986187458
463,10,0.029959531500935555
464,10,0.1734953671693802
465,10,0.018436716869473457
466,10,0.029164671897888184
467,10,0.02783709391951561
468,10,0.020586587488651276
469,10,0.012150327675044537
470,10,0.01687842793762684
471,10,0.32832133769989014
472,10,0.031137222424149513
473,10,0.015758397057652473
474,10,0.019759472459554672
475,10,0.012884434312582016
476,10,0.17883378267288208
477,10,0.022272061556577682
478,10,0.03556757792830467
479,10,0.011588281951844692
480,10,0.025744512677192688
481,10,0.17630238831043243
482,10,0.17360049486160278
483,10,0.02710614912211895
484,10,0.027952522039413452
485,10,0.023905238136649132
486,10,0.018589569255709648
487,10,0.01684391312301159
488,10,0.017411760985851288
489,10,0.18920768797397614
490,10,0.021347010508179665
491,10,0.023173801600933075
492,10,0.03137795254588127
493,10,0.02505592256784439
494,10,0.01381292287260294
495,10,0.019093850627541542
496,10,0.011587174609303474
497,10,0.18766525387763977
498,10,0.028531571850180626
499,10,0.02773064374923706
500,10,0.019835490733385086
501,10,0.2118716686964035
502,10,0.1421404778957367
503,10,0.09661070257425308
504,10,0.07506537437438965
505,10,0.0774020403623581
506,10,0.20644482970237732
507,10,0.031616441905498505
508,10,0.04246344417333603
509,11,0.09563243389129639
510,11,0.4184850752353668
511,11,0.5437273979187012
512,11,0.2434142529964447
513,11,0.03913726657629013
514,11,0.011532041244208813
515,11,0.18281471729278564
516,11,0.04613389074802399
517,11,0.052143242210149765
518,11,0.049980394542217255
519,11,0.203872412443161
520,11,0.05064723640680313
521,11,0.04535051807761192
522,11,0.02775360271334648
523,11,0.34581342339515686
524,11,0.33817529678344727
525,11,0.20222511887550354
526,11,0.21017596125602722
527,11,0.045714110136032104
528,11,0.021879732608795166
529,11,0.04346150532364845
530,11,0.02613695152103901
531,11,0.029409509152173996
532,11,0.03315490111708641
533,11,0.0076960730366408825
534,11,0.017807573080062866
535,11,0.3298685848712921
536,11,0.18709293007850647
537,11,0.012872201390564442
538,11,0.0270606130361557
539,11,0.01710011251270771
540,11,0.023367661982774734
541,11,0.028957825154066086
542,11,0.016379181295633316
543,11,0.004031701013445854
544,11,0.0023762895725667477
545,11,0.15912465751171112
546,11,0.1903342306613922
547,11,0.18040771782398224
548,11,0.025298161432147026
549,11,0.018749883398413658
550,11,0.021991625428199768
551,11,0.03270699083805084
552,11,0.024449963122606277
553,11,0.002854377031326294
554,11,0.012548945844173431
555,11,0.028711507096886635
556,11,0.1666121631860733
557,11,0.023646460846066475
558,11,0.02492247149348259
559,11,0.17758652567863464
560,11,0.05147064849734306
561,11,0.004762935917824507
562,11,0.018440289422869682
563,11,0.012640338391065598
564,11,0.0235432181507349
565,11,0.337318480014801
566,11,0.19624164700508118
567,11,0.023055152967572212
568,11,0.1733674556016922
569,11,0.1779026985168457
570,11,0.01743345335125923
571,11,0.03638738393783569
572,11,0.014557141810655594
573,11,0.15797238051891327
574,11,0.1588551104068756
575,11,0.010780609212815762
576,11,0.02385525591671467
577,11,0.016547013074159622
578,11,0.01607227511703968
579,11,0.014357935637235641
580,11,0.01390899159014225
581,11,0.010081841610372066
582,11,0.02425168827176094
583,11,0.17417825758457184
584,11,0.009464303962886333
585,11,0.017536316066980362
586,11,0.033186327666044235
587,11,0.18595090508460999
588,11,0.01891392469406128
589,11,0.015892427414655685
590,11,0.008823355659842491
591,11,0.011426975950598717
592,11,0.17294755578041077
593,11,0.022925814613699913
594,11,0.009838053956627846
595,11,0.1615397185087204
596,11,0.025447148829698563
597,11,0.011573453433811665
598,11,0.1789596676826477
599,11,0.0284004844725132
600,11,0.17219151556491852
601,11,0.024381782859563828
602,11,0.02564096637070179
603,11,0.029120931401848793
604,11,0.018139269202947617
605,11,0.014469696208834648
606,11,0.018233539536595345
607,11,0.024567682296037674
608,11,0.022463234141469002
609,11,0.02566913142800331
610,11,0.022381242364645004
611,11,0.023875312879681587
612,11,0.02168290875852108
613,11,0.01875026896595955
614,11,0.015414808876812458
615,11,0.02170228585600853
616,11,0.026065386831760406
617,11,0.015856914222240448
618,11,0.19853520393371582
619,11,0.012655272148549557
620,11,0.015428811311721802
621,11,0.01832970790565014
622,11,0.0192260704934597
623,11,0.026151685044169426
624,11,0.017008882015943527
625,11,0.028292706236243248
626,11,0.18609845638275146
627,11,0.012126848101615906
628,11,0.17362749576568604
629,11,0.013637973926961422
630,11,0.1517852544784546
631,11,0.03719732537865639
632,11,0.024237867444753647
633,11,0.17048294842243195
634,11,0.0226296316832304
635,11,0.16622084379196167
636,11,0.014261199161410332
637,11,0.017391130328178406
638,11,0.165730819106102
639,11,0.016482610255479813
640,11,0.008552673272788525
641,11,0.0289160069078207
642,11,0.02279062569141388
643,11,0.02216273732483387
644,11,0.027610445395112038
645,11,0.006644116714596748
646,11,0.03010956384241581
647,11,0.1679764837026596
648,11,0.004857707303017378
649,11,0.004967430606484413
650,11,0.17224851250648499
651,11,0.020624559372663498
652,11,0.010967234149575233
653,11,0.009975583292543888
654,11,0.013181226328015327
655,11,0.016449512913823128
656,11,0.16825804114341736
657,11,0.031423550099134445
658,11,0.014325181022286415
659,12,0.012920578941702843
660,12,0.020860200747847557
661,12,0.17875532805919647
662,12,0.17727601528167725
663,12,0.16429412364959717
664,12,0.02488544024527073
665,12,0.012901624664664268
666,12,0.018901830539107323
667,12,0.019047953188419342
668,12,0.016474956646561623
669,12,0.16965891420841217
670,12,0.015552817843854427
671,12,0.016225134953856468
672,12,0.02229265309870243
673,12,0.020066093653440475
674,12,0.1545412391424179
675,12,0.18422697484493256
676,12,0.02920686826109886
677,12,0.18520526587963104
678,12,0.020004011690616608
679,12,0.01635776087641716
680,12,0.017788469791412354
681,12,0.014399499632418156
682,12,0.162464901804924
683,12,0.011842356063425541
684,12,0.009420487098395824
685,12,0.008469058200716972
686,12,0.019460855051875114
687,12,0.019603747874498367
688,12,0.16025689244270325
689,12,0.01082882471382618
690,12,0.1707295924425125
691,12,0.019325939938426018
692,12,0.016057176515460014
693,12,0.0047287968918681145
694,12,0.019263511523604393
695,12,0.17054180800914764
696,12,0.010131190530955791
697,12,0.010535573586821556
698,12,0.014125615358352661
699,12,0.034737080335617065
700,12,0.023845741525292397
701,12,0.17098170518875122
702,12,0.00810131337493658
703,12,0.011532241478562355
704,12,0.01044852752238512
705,12,0.030481433495879173
706,12,0.0217282697558403
707,12,0.1570412665605545
708,12,0.16505660116672516
709,12,0.017237821593880653
710,12,0.018074559047818184
711,12,0.023755550384521484
712,12,0.01723187230527401
713,12,0.1771039515733719
714,12,0.18369801342487335
715,12,0.017627570778131485
716,12,0.16885292530059814
717,12,0.017643412575125694
718,12,0.008939302526414394
719,12,0.012414084747433662
720,12,0.008597454987466335
721,12,0.1733156144618988
722,12,0.010621133260428905
723,12,0.17456462979316711
724,12,0.02435917966067791
725,12,0.014851025305688381
726,12,0.021305309608578682
727,12,0.016661131754517555
728,12,0.013149851001799107
729,12,0.016792908310890198
730,12,0.1549185961484909
731,12,0.1736661195755005
732,12,0.16669861972332
733,12,0.008215696550905704
734,12,0.16950246691703796
735,12,0.17153489589691162
736,12,0.02227971702814102
737,12,0.019980300217866898
738,12,0.010434833355247974
739,12,0.01257589552551508
740,12,0.17047154903411865
741,12,0.018351662904024124
742,12,0.16474582254886627
743,12,0.022507932037115097
744,12,0.01747022569179535
745,12,0.1670766919851303
746,12,0.003127859439700842
747,12,0.0313902422785759
748,12,0.16554446518421173
749,12,0.02162637561559677
750,12,0.018405606970191002
751,12,0.13103735446929932
752,12,0.11344761401414871
753,12,0.08695146441459656
754,12,0.0412808321416378
755,12,0.2125018835067749
756,12,0.05506850779056549
757,12,0.08110921829938889
758,12,0.22451676428318024
759,12,0.08850402384996414
760,12,0.06442728638648987
761,12,0.0542055107653141
762,12,0.03014126606285572
763,12,0.028836224228143692
764,12,0.18729043006896973
765,12,0.03035302273929119
766,12,0.035453300923109055
767,12,0.04504150152206421
768,12,0.0508868582546711
769,12,0.016270507127046585
770,12,0.16463522613048553
771,12,0.019313575699925423
772,12,0.02533625438809395
773,12,0.034548066556453705
774,12,0.19884708523750305
775,12,0.21566379070281982
776,12,0.016807375475764275
777,12,0.03431810811161995
778,12,0.04159444198012352
779,12,0.15951955318450928
780,12,0.027787532657384872
781,12,0.030312402173876762
782,12,0.03227633237838745
783,12,0.02605357952415943
784,12,0.026581984013319016
785,12,0.028450611978769302
786,12,0.025964422151446342
787,12,0.03304653614759445
788,12,0.17077387869358063
789,12,0.012776235118508339
790,12,0.038805775344371796
791,12,0.03913795202970505
792,12,0.008964684791862965
793,12,0.0254799984395504
794,12,0.013283845968544483
795,12,0.1697240024805069
796,12,0.02735592983663082
797,12,0.028002455830574036
798,12,0.017813310027122498
799,12,0.018751127645373344
800,12,0.02757337875664234
801,12,0.33036136627197266
802,12,0.00714714452624321
803,12,0.1631419062614441
804,12,0.03319759666919708
805,12,0.0267342422157526
806,12,0.020080523565411568
807,12,0.019521087408065796
808,12,0.016043443232774734
809,13,0.02129378169775009
810,13,0.016207974404096603
811,13,0.009708297438919544
812,13,0.0190566498786211
813,13,0.008575592190027237
814,13,0.008113671094179153
815,13,0.15965263545513153
816,13,0.021429963409900665
817,13,0.021395709365606308
818,13,0.04791535809636116
819,13,0.02564617618918419
820,13,0.0188144501298666
821,13,0.013149659149348736
822,13,0.02635754831135273
823,13,0.16637857258319855
824,13,0.016913214698433876
825,13,0.047236762940883636
826,13,0.1953318864107132
827,13,0.02542417123913765
828,13,0.021256227046251297
829,13,0.019317351281642914
830,14,0.017235442996025085
831,14,0.016922295093536377
832,14,0.19080525636672974
833,14,0.18433481454849243
834,14,0.0211799256503582
835,14,0.03983151912689209
836,14,0.02158382534980774
837,14,0.028755225241184235
838,14,0.014224765822291374
839,14,0.19285137951374054
840,14,0.011568711139261723
841,14,0.032636791467666626
842,14,0.026048272848129272
843,14,0.04637688398361206
844,14,0.1737811267375946
845,14,0.017550451681017876
846,14,0.009714588522911072
847,14,0.01660054363310337
848,14,0.1653692126274109
849,14,0.1814296543598175
850,14,0.17003442347049713
851,14,0.1768125593662262
852,14,0.018429314717650414
853,14,0.1785908043384552
854,14,0.018336467444896698
855,14,0.013279247097671032
856,14,0.031873561441898346
857,14,0.011220576241612434
858,14,0.021329840645194054
859,14,0.016225742176175117
860,14,0.013536665588617325
861,14,0.015312953852117062
862,14,0.027324607595801353
863,14,0.013874589465558529
864,14,0.16199719905853271
865,14,0.01344337873160839
866,14,0.31520965695381165
867,14,0.019824735820293427
868,14,0.3202352821826935
869,14,0.02109912410378456
870,14,0.029986176639795303
871,14,0.15647299587726593
872,14,0.021968094632029533
873,14,0.013955261558294296
874,14,0.17418260872364044
875,14,0.028728315606713295
876,14,0.012702899985015392
877,14,0.018327835947275162
878,14,0.011467734351754189
879,14,0.020360887050628662
880,14,0.012060745619237423
881,14,0.1622508019208908
882,14,0.01601363904774189
883,14,0.012668261304497719
884,14,0.16488409042358398
885,14,0.17480720579624176
886,14,0.019843831658363342
887,14,0.028347954154014587
888,14,0.019991207867860794
889,14,0.013831360265612602
890,14,0.16981559991836548
891,14,0.0326840840280056
892,14,0.007514663506299257
893,14,0.02101314254105091
894,14,0.012239147908985615
895,14,0.007924390956759453
896,14,0.02288474701344967
897,14,0.17433351278305054
898,14,0.03274902328848839
899,14,0.021657126024365425
900,14,0.013240991160273552
901,14,0.023779168725013733
902,14,0.15630966424942017
903,14,0.16560323536396027
904,14,0.009359967894852161
905,14,0.025142626836895943
906,14,0.013908644206821918
907,14,0.16081926226615906
908,14,0.012376021593809128
909,14,0.0097996536642313
910,14,0.15698909759521484
911,14,0.15643154084682465
912,14,0.017531942576169968
913,14,0.167206808924675
914,14,0.01827809400856495
915,14,0.01285464409738779
916,14,0.04170703515410423
917,14,0.020795470103621483
918,14,0.021125731989741325
919,14,0.011806951835751534
920,14,0.01727176643908024
921,14,0.015100417658686638
922,14,0.15570761263370514
923,14,0.17717808485031128
924,14,0.013066597282886505
925,14,0.16140365600585938
926,14,0.1604570597410202
927,14,0.16563016176223755
928,14,0.16844356060028076
929,14,0.15520556271076202
930,14,0.015362350270152092
931,14,0.01871238462626934
932,14,0.01933591067790985
933,14,0.00901035126298666
934,14,0.013959013856947422
935,14,0.015651851892471313
936,14,0.026198245584964752
937,14,0.023268498480319977
938,14,0.15296748280525208
939,14,0.18102240562438965
940,14,0.018024947494268417
941,14,0.019309643656015396
942,15,0.018199531361460686
943,15,0.1615721583366394
944,15,0.3064872920513153
945,15,0.019292179495096207
946,15,0.3051532208919525
947,15,0.16010481119155884
948,15,0.01573159173130989
949,15,0.025272369384765625
950,15,0.14950431883335114
951,15,0.024247750639915466
952,15,0.014898624271154404
953,15,0.016845867037773132
954,15,0.034059785306453705
955,15,0.013959371484816074
956,15,0.1729060858488083
957,15,0.013177408836781979
958,15,0.16903947293758392
959,15,0.0169201772660017
960,15,0.012849545106291771
961,15,0.018603764474391937
962,15,0.018837930634617805
963,15,0.01897254027426243
964,15,0.15461766719818115
965,15,0.014126135036349297
966,15,0.01497513148933649
967,15,0.018625084310770035
968,15,0.1705131232738495
969,15,0.303885817527771
970,15,0.008737614378333092
971,15,0.018365241587162018
972,15,0.16355447471141815
973,15,0.161062091588974
974,15,0.014296302571892738
975,15,0.017178067937493324
976,15,0.03018208220601082
977,15,0.16031192243099213
978,15,0.1602993607521057
979,15,0.2894214689731598
980,15,0.16563601791858673
981,15,0.01110469363629818
982,15,0.024877971038222313
983,15,0.16129499673843384
984,15,0.02854735404253006
985,15,0.011228636838495731
986,15,0.019036896526813507
987,15,0.3173888027667999
988,15,0.29815080761909485
989,15,0.164557546377182
990,15,0.013254192657768726
991,15,0.15269653499126434
992,15,0.016411518678069115
993,15,0.018637605011463165
994,15,0.01147447805851698
995,15,0.16383279860019684
996,15,0.013471628539264202
997,15,0.031724680215120316
998,15,0.020304009318351746
999,15,0.01228309515863657
1000,15,0.16038241982460022
1001,15,0.1326100379228592
1002,15,0.13684870302677155
1003,15,0.3305620551109314
1004,15,0.326626718044281
1005,15,0.19554761052131653
1006,15,0.041316259652376175
1007,15,0.032334186136722565
1008,15,0.05672817304730415
1009,15,0.336100697517395
1010,15,0.18504318594932556
1011,15,0.03315111622214317
1012,15,0.05469273030757904
1013,15,0.03861026465892792
1014,15,0.03462526947259903
1015,15,0.031959500163793564
1016,15,0.18269595503807068
1017,15,0.042702727019786835
1018,15,0.17197932302951813
1019,15,0.037118099629879
1020,15,0.033459700644016266
1021,15,0.3226949870586395
1022,15,0.0573914609849453
1023,15,0.04610481485724449
1024,15,0.025069184601306915
1025,15,0.018458420410752296
1026,15,0.026435252279043198
1027,15,0.17027948796749115
1028,15,0.02413877099752426
1029,15,0.026156753301620483
1030,15,0.019784390926361084
1031,15,0.034026823937892914
1032,15,0.1680840104818344
1033,15,0.03634132072329521
1034,15,0.1767107993364334
1035,15,0.03590434044599533
1036,15,0.031528159976005554
1037,15,0.027886759489774704
1038,15,0.15564659237861633
1039,15,0.01819555088877678
1040,15,0.031131882220506668
1041,15,0.026812821626663208
1042,15,0.03645690903067589
1043,15,0.043255534023046494
1044,15,0.16721408069133759
1045,15,0.014507798478007317
1046,15,0.016298513859510422
1047,15,0.029219893738627434
1048,15,0.01654294691979885
1049,15,0.04500294476747513
1050,15,0.020609300583600998
1051,15,0.040706317871809006
1052,15,0.16247346997261047
1053,15,0.016665728762745857
1054,15,0.008934009820222855
1055,15,0.026425141841173172
1056,15,0.16505858302116394
1057,15,0.018276460468769073
1058,15,0.02294834516942501
1059,15,0.2977725863456726
1060,15,0.027802255004644394
1061,15,0.1532791256904602
1062,15,0.16955098509788513
1063,15,0.030293652787804604
1064,15,0.018162433058023453
1065,15,0.02070680260658264
1066,15,0.018637897446751595
1067,15,0.03125367313623428
1068,15,0.024340849369764328
1069,15,0.1448434442281723
1070,15,0.17741791903972626
1071,15,0.1694112867116928
1072,15,0.015372337773442268
1073,15,0.1681617796421051
1074,15,0.02539742738008499
1075,15,0.16091357171535492
1076,15,0.01041214819997549
1077,15,0.02107297256588936
1078,15,0.00959762092679739
1079,15,0.026259630918502808
1080,15,0.037047840654850006
1081,15,0.011720143258571625
1082,15,0.012058117426931858
1083,15,0.015502897091209888
1084,15,0.01809322088956833
1085,15,0.1521507054567337
1086,15,0.0169701986014843
1087,15,0.01372352335602045
1088,15,0.027103355154395103
1089,15,0.022943729534745216
1090,15,0.1633421629667282
1091,15,0.15621201694011688
1092,16,0.015495799481868744
1093,16,0.03263913840055466
1094,16,0.017490224912762642
1095,16,0.01661924086511135
1096,16,0.006398465484380722
1097,16,0.020208334550261497
1098,16,0.007732527330517769
1099,16,0.15652543306350708
1100,16,0.01929393969476223
1101,16,0.021944355219602585
1102,16,0.16109752655029297
1103,16,0.014849443919956684
1104,16,0.015438465401530266
1105,16,0.009470634162425995
1106,16,0.016869572922587395
1107,16,0.0065040867775678635
1108,16,0.1682657152414322
1109,16,0.0166920255869627
1110,16,0.01296571921557188
1111,16,0.29289647936820984
1112,16,0.01636204496026039
1113,16,0.14317864179611206
1114,16,0.022580303251743317
1115,16,0.007737063802778721
1116,16,0.020248088985681534
1117,16,0.02183806151151657
1118,16,0.010093060322105885
1119,16,0.01956292986869812
1120,16,0.16319747269153595
1121,16,0.17392104864120483
1122,16,0.014836917631328106
1123,16,0.022681523114442825
1124,16,0.012831736356019974
1125,16,0.026819095015525818
1126,16,0.16912780702114105
1127,16,0.16223783791065216
1128,16,0.14862355589866638
1129,16,0.022450068965554237
1130,16,0.022176560014486313
1131,16,0.021898649632930756
1132,16,0.014833142049610615
1133,16,0.014682863838970661
1134,16,0.01751522533595562
1135,16,0.017330190166831017
1136,16,0.020039550960063934
1137,16,0.0199031513184309
1138,16,0.021387849003076553
1139,16,0.03183579072356224
1140,16,0.010142375715076923
1141,16,0.017956528812646866
1142,16,0.01614917628467083
1143,16,0.026496564969420433
1144,16,0.29402676224708557
1145,16,0.02005697973072529
1146,16,0.15377496182918549
1147,16,0.015819448977708817
1148,16,0.02184552140533924
1149,16,0.01139403972774744
1150,16,0.01953052543103695
1151,16,0.31196704506874084
1152,16,0.022451957687735558
1153,16,0.15344533324241638
1154,16,0.025848187506198883
1155,16,0.016970613971352577
1156,16,0.0123845674097538
1157,16,0.019338320940732956
1158,16,0.013299486599862576
1159,16,0.1600703001022339
1160,16,0.18107937276363373
1161,16,0.1560254693031311
1162,16,0.019319521263241768
1163,16,0.16531436145305634
1164,16,0.02033582143485546
1165,16,0.024200156331062317
1166,16,0.020482318475842476
1167,16,0.16744749248027802
1168,16,0.019991135224699974
1169,16,0.019058678299188614
1170,16,0.023120107129216194
1171,16,0.02545270323753357
1172,16,0.032160378992557526
1173,16,0.14977775514125824
1174,16,0.02167285978794098
1175,16,0.02178705856204033
1176,16,0.15659146010875702
1177,16,0.016293276101350784
1178,16,0.02395893633365631
1179,16,0.017213700339198112
1180,16,0.022585127502679825
1181,16,0.01815509796142578
1182,16,0.013453522697091103
1183,16,0.01850874535739422
1184,16,0.012558459304273129
1185,16,0.042305298149585724
1186,16,0.16117097437381744
1187,16,0.017733098939061165
1188,16,0.1518498659133911
1189,16,0.019779052585363388
1190,16,0.02094658650457859
1191,16,0.020335419103503227
1192,16,0.16220486164093018
1193,16,0.015732012689113617
1194,17,0.019552957266569138
1195,17,0.029506711289286613
1196,17,0.021076345816254616
1197,17,0.017882805317640305
1198,17,0.018863620236516
1199,17,0.015011564828455448
1200,17,0.020668458193540573
1201,17,0.016897374764084816
1202,17,0.018000338226556778
1203,17,0.019377732649445534
1204,17,0.011305753141641617
1205,17,0.013231568969786167
1206,17,0.019544128328561783
1207,17,0.15791906416416168
1208,17,0.016659853979945183
1209,17,0.14623963832855225
1210,17,0.01983039081096649
1211,17,0.02875158190727234
1212,17,0.15886494517326355
1213,17,0.017234988510608673
1214,17,0.15447108447551727
1215,17,0.01499941386282444
1216,17,0.015188505873084068
1217,17,0.014758090488612652
1218,17,0.01412929780781269
1219,17,0.14812585711479187
1220,17,0.1640431433916092
1221,17,0.01839057356119156
1222,17,0.015791263431310654
1223,17,0.019858527928590775
1224,17,0.019406195729970932
1225,17,0.15049220621585846
1226,17,0.1582527905702591
1227,17,0.020298663526773453
1228,17,0.15000465512275696
1229,17,0.01338354591280222
1230,17,0.02278008684515953
1231,17,0.15534301102161407
1232,17,0.15658248960971832
1233,17,0.01309788879007101
1234,17,0.02415502443909645
1235,17,0.020162377506494522
1236,17,0.015058592893183231
1237,17,0.02059493213891983
1238,17,0.015001450665295124
1239,17,0.017002882435917854
1240,17,0.010797346942126751
1241,17,0.011806393042206764
1242,17,0.023262586444616318
1243,17,0.01929761841893196
1244,17,0.02946539595723152
1245,17,0.016794348135590553
1246,17,0.1529417783021927
1247,17,0.01865474507212639
1248,17,0.014888176694512367
1249,17,0.29528552293777466
1250,17,0.017984898760914803
1251,17,0.09410648047924042
1252,17,0.09630296379327774
1253,17,0.05607781559228897
1254,17,0.05218568816781044
1255,17,0.18493226170539856
1256,17,0.042082663625478745
1257,17,0.039884209632873535
1258,17,0.02873494289815426
1259,17,0.17029127478599548
1260,17,0.03174128755927086
1261,17,0.031603749841451645
1262,17,0.0746263861656189
1263,17,0.056073371320962906
1264,17,0.029705103486776352
1265,17,0.01951383240520954
1266,17,0.038409315049648285
1267,17,0.15977463126182556
1268,17,0.03195752575993538
1269,17,0.027443090453743935
1270,17,0.15434230864048004
1271,17,0.027275579050183296
1272,17,0.03839103505015373
1273,17,0.027027221396565437
1274,17,0.02606894262135029
1275,17,0.03218095377087593
1276,17,0.01805270090699196
1277,17,0.019792795181274414
1278,17,0.14927415549755096
1279,17,0.034348778426647186
1280,17,0.15220288932323456
1281,17,0.025241002440452576
1282,17,0.03306054696440697
1283,17,0.031508997082710266
1284,17,0.2939220070838928
1285,17,0.15036797523498535
1286,17,0.02602483332157135
1287,17,0.04609190300107002
1288,17,0.01676620915532112
1289,17,0.021130207926034927
1290,17,0.018235359340906143
1291,17,0.14700956642627716
1292,17,0.17066368460655212
1293,17,0.020652934908866882
1294,17,0.1867714822292328
1295,17,0.01713917963206768
1296,17,0.011739548295736313
1297,17,0.014023142866790295
1298,17,0.03447546809911728
1299,17,0.021979017183184624
1300,17,0.02237795852124691
1301,17,0.012887416407465935
1302,17,0.013126648962497711
1303,17,0.16721990704536438
1304,17,0.01828840747475624
1305,17,0.1647760272026062
1306,17,0.029838282614946365
1307,17,0.03469826281070709
1308,17,0.021699341014027596
1309,17,0.022412950173020363
1310,17,0.027017459273338318
1311,17,0.02581050805747509
1312,17,0.2955002188682556
1313,17,0.17419154942035675
1314,17,0.1434185802936554
1315,17,0.015135055407881737
1316,17,0.01377966720610857
1317,17,0.01699332892894745
1318,17,0.018298259004950523
1319,17,0.01892954669892788
1320,17,0.028466030955314636
1321,17,0.158299520611763
1322,17,0.15963882207870483
1323,17,0.02596544660627842
1324,17,0.014699672348797321
1325,17,0.027701087296009064
1326,17,0.015165245160460472
1327,17,0.02817084640264511
1328,17,0.014828523620963097
1329,17,0.010956218466162682
1330,17,0.0214439257979393
1331,17,0.15862993896007538
1332,17,0.012428725138306618
1333,17,0.15414758026599884
1334,17,0.030949000269174576
1335,17,0.015010984614491463
1336,17,0.1605413556098938
1337,17,0.026892369613051414
1338,17,0.1479332149028778
1339,17,0.14757513999938965
1340,17,0.01708304136991501
1341,17,0.02548653818666935
1342,17,0.016323857009410858
1343,17,0.023606080561876297
1344,18,0.019149795174598694
1345,18,0.008359517902135849
1346,18,0.021716803312301636
1347,18,0.01904676854610443
1348,18,0.02213989570736885
1349,18,0.027420692145824432
1350,18,0.15460044145584106
1351,18,0.03061620704829693
1352,18,0.019368851557374
1353,18,0.02073359489440918
1354,18,0.023112500086426735
1355,18,0.022403258830308914
1356,18,0.015219289809465408
1357,18,0.02570698782801628
1358,18,0.039506420493125916
1359,18,0.15820440649986267
1360,18,0.015463493764400482
1361,18,0.13921238481998444
1362,18,0.021708371117711067
1363,18,0.024218188598752022
1364,18,0.018279599025845528
1365,18,0.014974383637309074
1366,18,0.1463661640882492
1367,18,0.02225208654999733
1368,18,0.2789352238178253
1369,18,0.018833711743354797
1370,18,0.022365259006619453
1371,18,0.024450693279504776
1372,18,0.03169403225183487
1373,18,0.03103729337453842
1374,18,0.018580392003059387
1375,18,0.018200358375906944
1376,18,0.016922984272241592
1377,18,0.029765313491225243
1378,18,0.014339162036776543
1379,18,0.1327977180480957
1380,18,0.14549300074577332
1381,18,0.02151988446712494
1382,18,0.02987757697701454
1383,18,0.15976855158805847
1384,18,0.01433483324944973
1385,18,0.15324266254901886
1386,18,0.016710273921489716
1387,18,0.03396083414554596
1388,18,0.025655625388026237
1389,18,0.01589762605726719
1390,18,0.014037537388503551
1391,18,0.017423726618289948
1392,18,0.019217554479837418
1393,18,0.023521171882748604
1394,18,0.034198205918073654
1395,18,0.014372368343174458
1396,18,0.03294224664568901
1397,18,0.028331715613603592
1398,18,0.012549961917102337
1399,18,0.024645604193210602
1400,18,0.02255016751587391
1401,18,0.02741013839840889
1402,18,0.02769487164914608
1403,18,0.029076969251036644
1404,18,0.15159504115581512
1405,18,0.02291027456521988
1406,18,0.0400540716946125
1407,18,0.01183920819312334
1408,18,0.1533798724412918
1409,18,0.15285636484622955
1410,18,0.027228713035583496
1411,19,0.14896760880947113
1412,19,0.02056637592613697
1413,19,0.020296916365623474
1414,19,0.1629769504070282
1415,19,0.17232248187065125
1416,19,0.023999886587262154
1417,19,0.017920315265655518
1418,19,0.018522681668400764
1419,19,0.16063392162322998
1420,19,0.017737219110131264
1421,19,0.15013107657432556
1422,19,0.14255158603191376
1423,19,0.3073328733444214
1424,19,0.15249697864055634
1425,19,0.022966977208852768
1426,19,0.2870233952999115
1427,19,0.009720169939100742
1428,19,0.01698300987482071
1429,19,0.1460747867822647
1430,19,0.024210665374994278
1431,19,0.01598430797457695
1432,19,0.014724121429026127
1433,19,0.00978910643607378
1434,19,0.023929743096232414
1435,19,0.016779467463493347
1436,19,0.020528556779026985
1437,19,0.016339022666215897
1438,19,0.015273217111825943
1439,19,0.029463933780789375
1440,19,0.01863711327314377
1441,19,0.14111824333667755
1442,19,0.1625114530324936
1443,19,0.14703039824962616
1444,19,0.16500544548034668
1445,19,0.023296400904655457
1446,19,0.013885287567973137
1447,19,0.012805662117898464
1448,19,0.2795458734035492
1449,19,0.018407970666885376
1450,19,0.0207513477653265
1451,19,0.14148709177970886
1452,19,0.1604386866092682
1453,19,0.14386212825775146
1454,19,0.02871774509549141
1455,19,0.25873759388923645
1456,19,0.15150658786296844
1457,19,0.02717164158821106
1458,19,0.0219455324113369
1459,19,0.16120949387550354
1460,19,0.13747726380825043
1461,19,0.023520812392234802
1462,19,0.1368294507265091
1463,19,0.020409006625413895
1464,19,0.012081516906619072
1465,19,0.01112784631550312
1466,19,0.008314919658005238
1467,19,0.2734188735485077
1468,19,0.14388227462768555
1469,19,0.01895958185195923
1470,19,0.1494767665863037
1471,19,0.01683264598250389
1472,19,0.013538891449570656
1473,19,0.14251656830310822
1474,19,0.02035580761730671
1475,19,0.020761040970683098
1476,19,0.019693410024046898
1477,19,0.008510305546224117
1478,19,0.27178558707237244
1479,19,0.14273220300674438
1480,19,0.020324839279055595
1481,19,0.15161263942718506
1482,19,0.01359088346362114
1483,19,0.2749922275543213
1484,19,0.021889200434088707
1485,19,0.017640145495533943
1486,19,0.023020314052700996
1487,19,0.018948156386613846
1488,19,0.02013077214360237
1489,19,0.026848476380109787
1490,19,0.023673944175243378
1491,19,0.026902036741375923
1492,19,0.015157059766352177
1493,19,0.14636093378067017
1494,19,0.02309354394674301
1495,19,0.138249933719635
1496,19,0.01199284102767706
1497,19,0.016375355422496796
1498,19,0.14817209541797638
1499,19,0.27859508991241455
1500,19,0.015938572585582733
1501,19,0.08086004853248596
1502,19,0.08037982136011124
1503,19,0.056246958673000336
1504,19,0.04594099521636963
1505,19,0.028519881889224052
1506,19,0.02406552992761135
1507,19,0.05988755449652672
1508,19,0.0361899808049202
1509,19,0.03167436644434929
1510,19,0.16456007957458496
1511,19,0.046143822371959686
1512,19,0.2947585880756378
1513,19,0.1684553623199463
1514,19,0.17985202372074127
1515,20,0.16999109089374542
1516,20,0.03453711420297623
1517,20,0.014295759610831738
1518,20,0.15900695323944092
1519,20,0.027779757976531982
1520,20,0.023159731179475784
1521,20,0.04198469966650009
1522,20,0.15984365344047546
1523,20,0.03221724554896355
1524,20,0.035864487290382385
1525,20,0.03992905467748642
1526,20,0.02205386944115162
1527,20,0.02781255915760994
1528,20,0.023009145632386208
1529,20,0.013710335828363895
1530,20,0.14602741599082947
1531,20,0.17102067172527313
1532,20,0.02038685232400894
1533,20,0.1546129286289215
1534,20,0.1849849969148636
1535,20,0.3952000141143799
1536,20,0.03387860953807831
1537,20,0.0269562229514122
1538,20,0.04124872758984566
1539,20,0.025947265326976776
1540,20,0.022864913567900658
1541,20,0.15899957716464996
1542,20,0.025893621146678925
1543,20,0.02533731982111931
1544,20,0.017281174659729004
1545,20,0.03102053701877594
1546,20,0.03017231449484825
1547,20,0.03101392835378647
1548,20,0.028699420392513275
1549,20,0.03981253132224083
1550,20,0.0453173853456974
1551,20,0.01542706973850727
1552,20,0.2791137099266052
1553,20,0.03698554262518883
1554,20,0.03272073715925217
1555,20,0.03577589988708496
1556,20,0.02706214040517807
1557,20,0.015443290583789349
1558,20,0.02287362329661846
1559,20,0.1559627205133438
1560,20,0.022357534617185593
1561,20,0.17649255692958832
1562,20,0.15435321629047394
1563,20,0.01900031417608261
1564,20,0.013193176127970219
1565,20,0.01789732836186886
1566,20,0.023128079250454903
1567,20,0.03163698688149452
1568,20,0.028359966352581978
1569,20,0.028477737680077553
1570,20,0.014091195538640022
1571,20,0.15962499380111694
1572,20,0.033877089619636536
1573,20,0.04395321011543274
1574,20,0.02053443156182766
1575,20,0.013581416569650173
1576,20,0.021133670583367348
1577,20,0.14538607001304626
1578,20,0.15117892622947693
1579,20,0.2661818563938141
1580,20,0.02632504515349865
1581,20,0.026218725368380547
1582,20,0.14840081334114075
1583,20,0.026401186361908913
1584,20,0.1475314199924469
1585,20,0.14792267978191376
1586,20,0.023762820288538933
1587,20,0.024198032915592194
1588,20,0.030361685901880264
1589,20,0.019885627552866936
1590,20,0.02198667638003826
1591,20,0.021512914448976517
1592,20,0.027631491422653198
1593,20,0.02408488094806671
1594,20,0.17297133803367615
1595,20,0.02148314379155636
1596,20,0.15696701407432556
1597,20,0.02520637772977352
1598,20,0.019313525408506393
1599,20,0.019776225090026855
1600,20,0.034140199422836304
1601,20,0.01598140224814415
1602,20,0.13986369967460632
1603,20,0.15383592247962952
1604,20,0.016384050250053406
1605,20,0.14146016538143158
1606,20,0.02796821855008602
1607,20,0.022739596664905548
1608,20,0.018338855355978012
1609,20,0.02978982776403427
1610,20,0.04696590080857277
1611,20,0.018541155382990837
1612,20,0.016330400481820107
1613,20,0.034474216401576996
1614,20,0.023026561364531517
1615,20,0.024242091923952103
1616,20,0.024978019297122955
1617,20,0.022119460627436638
1618,20,0.016850918531417847
1619,20,0.1504458636045456
1620,20,0.02531849779188633
1621,20,0.020538698881864548
1622,20,0.01221951749175787
1623,20,0.027646027505397797
1624,20,0.019464589655399323
1625,20,0.028259890154004097
1626,20,0.019628087058663368
1627,20,0.02219351753592491
1628,20,0.02584172785282135
1629,20,0.02245064452290535
1630,20,0.15047822892665863
1631,20,0.03133713826537132
1632,20,0.024048088118433952
1633,20,0.02235412411391735
1634,20,0.1460772156715393
1635,20,0.01864706352353096
1636,20,0.02068985439836979
1637,20,0.016400907188653946
1638,20,0.019338160753250122
1639,20,0.14159159362316132
1640,20,0.26009517908096313
1641,20,0.012076047249138355
1642,20,0.020189430564641953
1643,20,0.26812365651130676
1644,20,0.011866925284266472
1645,20,0.26655641198158264
1646,20,0.0150422602891922
1647,20,0.013774189166724682
1648,20,0.1476602554321289
1649,20,0.02884548157453537
1650,20,0.03134525939822197
1651,20,0.014389701187610626
1652,20,0.01785716600716114
1653,20,0.25607916712760925
1654,20,0.020424608141183853
1655,20,0.013866248540580273
1656,20,0.03077339008450508
1657,20,0.02699350006878376
1658,20,0.02659999206662178
1659,20,0.02090269699692726
1660,20,0.020451121032238007
1661,20,0.03340280055999756
1662,20,0.026294302195310593
1663,20,0.1588154137134552
1664,20,0.2675541341304779
1665,21,0.019898518919944763
1666,21,0.01544845849275589
1667,21,0.017124947160482407
1668,21,0.027277905493974686
1669,21,0.14257855713367462
1670,21,0.023819345980882645
1671,21,0.01796022057533264
1672,21,0.16011737287044525
1673,21,0.14380455017089844
1674,21,0.0199646707624197
1675,21,0.017179764807224274
1676,21,0.13412246108055115
1677,21,0.028210794553160667
1678,21,0.025549549609422684
1679,21,0.14247573912143707
1680,21,0.014369634911417961
1681,21,0.27717655897140503
1682,21,0.2712675929069519
1683,21,0.025315050035715103
1684,21,0.016175782307982445
1685,21,0.017608093097805977
1686,21,0.021310389041900635
1687,21,0.1695539951324463
1688,21,0.1451566517353058
1689,21,0.020581960678100586
1690,21,0.03180138021707535
1691,21,0.018236614763736725
1692,21,0.023436814546585083
1693,21,0.02348727360367775
1694,21,0.021611012518405914
1695,21,0.022587314248085022
1696,21,0.017677050083875656
1697,21,0.14568625390529633
1698,21,0.13843756914138794
1699,21,0.13521282374858856
1700,21,0.022426433861255646
1701,21,0.02165045216679573
1702,21,0.027152689173817635
1703,21,0.021411186084151268
1704,21,0.1275450587272644
1705,21,0.018551334738731384
1706,21,0.014161688275635242
1707,21,0.1391107589006424
1708,21,0.015385379083454609
1709,21,0.24930940568447113
1710,21,0.013935528695583344
1711,21,0.029251310974359512
1712,21,0.14200562238693237
1713,21,0.013605276122689247
1714,21,0.018794327974319458
1715,21,0.0259755440056324
1716,21,0.014653199352324009
1717,21,0.01955012045800686
1718,21,0.025161175057291985
1719,21,0.021520256996154785
1720,21,0.1412975788116455
1721,21,0.02564077265560627
1722,21,0.13955707848072052
1723,21,0.01887974701821804
1724,21,0.009590805508196354
1725,21,0.020175732672214508
1726,21,0.022780483588576317
1727,21,0.026195600628852844
1728,21,0.01036004163324833
1729,21,0.14179496467113495
1730,21,0.020463695749640465
1731,21,0.020888356491923332
1732,21,0.15579816699028015
1733,21,0.026675323024392128
1734,21,0.01708041876554489
1735,21,0.015914645045995712
1736,21,0.02674742601811886
1737,21,0.02784223109483719
1738,21,0.13377636671066284
1739,21,0.35991939902305603
1740,21,0.01771751046180725
1741,21,0.008706165477633476
1742,21,0.013112274929881096
1743,21,0.14522838592529297
1744,21,0.025943785905838013
1745,21,0.25901809334754944
1746,21,0.019759632647037506
1747,21,0.13262751698493958
1748,21,0.13108018040657043
1749,21,0.010870140977203846
1750,21,0.020175864920020103
1751,21,0.07815837860107422
1752,21,0.08107404410839081
1753,21,0.059432726353406906
1754,21,0.056518808007240295
1755,21,0.14753666520118713
1756,21,0.044757939875125885
1757,21,0.025714190676808357
1758,21,0.04052191600203514
1759,21,0.050484366714954376
1760,21,0.02942267805337906
1761,21,0.03472762182354927
1762,21,0.03353176638484001
1763,21,0.04861590638756752
1764,21,0.02565602771937847
1765,21,0.16745081543922424
1766,21,0.03753669559955597
1767,21,0.16934868693351746
1768,21,0.02828909084200859
1769,21,0.025692656636238098
1770,21,0.039439573884010315
1771,21,0.014576446264982224
1772,21,0.026588186621665955
1773,21,0.028873354196548462
1774,21,0.030708102509379387
1775,21,0.1442643105983734
1776,21,0.1574920266866684
1777,21,0.024431953206658363
1778,21,0.029354067519307137
1779,21,0.018733659759163857
1780,21,0.13350744545459747
1781,21,0.037894491106271744
1782,21,0.2705569863319397
1783,21,0.03230169415473938
1784,21,0.14186899363994598
1785,21,0.1345548778772354
1786,21,0.030458368360996246
1787,21,0.15978047251701355
1788,21,0.04796268790960312
1789,21,0.026180660352110863
1790,21,0.03852996230125427
1791,21,0.032668448984622955
1792,21,0.02308153547346592
1793,21,0.018364358693361282
1794,21,0.026473596692085266
1795,21,0.1559225171804428
1796,21,0.03993133455514908
1797,21,0.12994806468486786
1798,21,0.03513430804014206
1799,21,0.017918825149536133
1800,21,0.1497812569141388
1801,21,0.13799068331718445
1802,21,0.2576327323913574
1803,21,0.018092352896928787
1804,21,0.02827182225883007
1805,21,0.020228726789355278
1806,21,0.15391527116298676
1807,21,0.021675851196050644
1808,21,0.02118580788373947
1809,21,0.1491260975599289
1810,21,0.016722669824957848
1811,21,0.15672923624515533
1812,21,0.02336290292441845
1813,21,0.2571084499359131
1814,21,0.022360272705554962
1815,22,0.02071104757487774
1816,22,0.024230187758803368
1817,22,0.025095732882618904
1818,22,0.013239203952252865
1819,22,0.026932742446660995
1820,22,0.1365792453289032
1821,22,0.01468505896627903
1822,22,0.041942402720451355
1823,22,0.029930196702480316
1824,22,0.019023342058062553
1825,22,0.027254857122898102
1826,22,0.15553322434425354
1827,22,0.018707510083913803
1828,22,0.15161389112472534
1829,22,0.03359073027968407
1830,22,0.1509436070919037
1831,22,0.1329309195280075
1832,22,0.026253828778862953
1833,22,0.1398892104625702
1834,22,0.2532537281513214
1835,22,0.2569887638092041
1836,22,0.1439359486103058
1837,22,0.03419625759124756
1838,22,0.032988291233778
1839,22,0.037060875445604324
1840,22,0.13367974758148193
1841,22,0.03470774367451668
1842,22,0.03195006772875786
1843,22,0.03929220885038376
1844,22,0.14133292436599731
1845,22,0.048879869282245636
1846,22,0.029531201347708702
1847,22,0.027981989085674286
1848,22,0.021885139867663383
1849,22,0.01937393844127655
1850,22,0.04891928285360336
1851,22,0.02243017591536045
1852,22,0.3746483623981476
1853,22,0.022607704624533653
1854,22,0.03350849077105522
1855,23,0.14437592029571533
1856,23,0.022944379597902298
1857,23,0.2518647313117981
1858,23,0.1330900937318802
1859,23,0.02527042105793953
1860,23,0.02192731946706772
1861,23,0.04002344608306885
1862,23,0.015483945608139038
1863,23,0.017919566482305527
1864,23,0.036705922335386276
1865,23,0.14414706826210022
1866,23,0.022701755166053772
1867,23,0.13740044832229614
1868,23,0.04702511429786682
1869,23,0.02347169816493988
1870,23,0.3594219386577606
1871,23,0.02831330895423889
1872,23,0.03870589658617973
1873,23,0.030234426259994507
1874,23,0.1553484946489334
1875,23,0.02298508770763874
1876,23,0.01715453714132309
1877,23,0.022921673953533173
1878,23,0.14274537563323975
1879,23,0.02865992859005928
1880,23,0.027530930936336517
1881,23,0.031034935265779495
1882,23,0.03025553561747074
1883,23,0.13291212916374207
1884,24,0.03985114023089409
1885,24,0.019323082640767097
1886,24,0.15073439478874207
1887,24,0.1330307573080063
1888,24,0.0352824404835701
1889,24,0.03916291892528534
1890,24,0.2409551739692688
1891,24,0.029247945174574852
1892,24,0.028655145317316055
1893,24,0.01656620390713215
1894,24,0.024147072806954384
1895,24,0.030898649245500565
1896,24,0.022094177082180977
1897,24,0.023617662489414215
1898,24,0.1292787343263626
1899,24,0.023405395448207855
1900,24,0.13752113282680511
1901,24,0.029180681332945824
1902,24,0.016464103013277054
1903,24,0.027335599064826965
1904,24,0.1479143351316452
1905,24,0.15079139173030853
1906,24,0.01854422129690647
1907,24,0.01939571648836136
1908,24,0.014847579412162304
1909,24,0.021254763007164
1910,24,0.018054069951176643
1911,24,0.016357269138097763
1912,24,0.26079753041267395
1913,24,0.12439118325710297
1914,24,0.1244683638215065
1915,24,0.009492915123701096
1916,24,0.27045997977256775
1917,24,0.12306428700685501
1918,24,0.016909435391426086
1919,24,0.24566388130187988
1920,24,0.03445656970143318
1921,24,0.1479068100452423
1922,24,0.022463880479335785
1923,24,0.022366667166352272
1924,24,0.017669012770056725
1925,24,0.016666244715452194
1926,24,0.12373211234807968
1927,24,0.04244668409228325
1928,24,0.14914830029010773
1929,24,0.1436682641506195
1930,24,0.023336121812462807
1931,24,0.019938116893172264
1932,24,0.02379206195473671
1933,24,0.025307362899184227
1934,24,0.01281078439205885
1935,24,0.15663230419158936
1936,24,0.14165152609348297
1937,24,0.1310078203678131
1938,24,0.02481272630393505
1939,24,0.14859986305236816
1940,24,0.01796543598175049
1941,24,0.1459369659423828
1942,24,0.030305689200758934
1943,24,0.028649020940065384
1944,24,0.029654374346137047
1945,24,0.028525348752737045
1946,24,0.014585435390472412
1947,24,0.024598799645900726
1948,24,0.017534786835312843
1949,24,0.015485490672290325
1950,24,0.02305147983133793
1951,24,0.024399641901254654
1952,24,0.024060145020484924
1953,24,0.024455728009343147
1954,24,0.01568783074617386
1955,24,0.029079196974635124
1956,24,0.018401043489575386
1957,24,0.01803768053650856
1958,24,0.020809000357985497
1959,24,0.1524273008108139
1960,24,0.24680140614509583
1961,24,0.02142038568854332
1962,24,0.014488949440419674
1963,24,0.022488581016659737
1964,24,0.02233091928064823
1965,24,0.00924141239374876
1966,24,0.03761397674679756
1967,24,0.1287575364112854
1968,24,0.024449700489640236
1969,24,0.12793128192424774
1970,24,0.020118718966841698
1971,24,0.013932967558503151
1972,24,0.017001725733280182
1973,24,0.16089768707752228
1974,24,0.0344526581466198
1975,24,0.019581235945224762
1976,24,0.03312771022319794
1977,24,0.032530270516872406
1978,24,0.02951175719499588
1979,24,0.021454807370901108
1980,24,0.15174143016338348
1981,24,0.11562041193246841
1982,24,0.027029793709516525
1983,24,0.02606208622455597
1984,24,0.11921843141317368
1985,24,0.018720703199505806
1986,24,0.013566424138844013
1987,24,0.030832519754767418
1988,24,0.14599609375
1989,24,0.16320596635341644
1990,24,0.022291040048003197
1991,24,0.026662906631827354
1992,24,0.15592949092388153
1993,24,0.0188643466681242
1994,24,0.032456785440444946
1995,24,0.019231924787163734
1996,24,0.1238255426287651
1997,24,0.017209326848387718
1998,24,0.023578772321343422
1999,24,0.02540626935660839
2000,24,0.021579012274742126
2001,24,0.037383124232292175
2002,24,0.07798542082309723
2003,24,0.04712583124637604
2004,24,0.17736095190048218
2005,24,0.14453665912151337
2006,24,0.06260530650615692
2007,24,0.049785006791353226
2008,24,0.042261555790901184
2009,24,0.039664510637521744
2010,24,0.16894082725048065
2011,24,0.15831322968006134
2012,24,0.03176850080490112
2013,24,0.04968882352113724
2014,24,0.1509770154953003
2015,24,0.12219090014696121
2016,24,0.02754996158182621
2017,24,0.036502592265605927
2018,24,0.039858974516391754
2019,24,0.030755050480365753
2020,24,0.14788585901260376
2021,24,0.15676023066043854
2022,24,0.14222615957260132
2023,24,0.17907610535621643
2024,24,0.04859786480665207
2025,24,0.14071114361286163
2026,24,0.13522231578826904
2027,24,0.030651699751615524
2028,24,0.048654984682798386
2029,24,0.15025804936885834
2030,24,0.04153074324131012
2031,24,0.026356367394328117
2032,24,0.1256665587425232
2033,24,0.03289155662059784
2034,25,0.1413699984550476
2035,25,0.030121253803372383
2036,25,0.041798800230026245
2037,25,0.034456878900527954
2038,25,0.026082374155521393
2039,25,0.02612685039639473
2040,25,0.02264951728284359
2041,25,0.03793953359127045
2042,25,0.025130154564976692
2043,25,0.2506095767021179
2044,25,0.04153212532401085
2045,25,0.03056088648736477
2046,25,0.12911295890808105
2047,25,0.05004488304257393
2048,25,0.03426666557788849
2049,25,0.14755284786224365
2050,25,0.36043334007263184
2051,25,0.1314634531736374
2052,25,0.27282047271728516
2053,25,0.024959782138466835
2054,25,0.020721910521388054
2055,25,0.020121514797210693
2056,25,0.13893361389636993
2057,25,0.03297605365514755
2058,25,0.027621690183877945
2059,25,0.02971835806965828
2060,25,0.13792644441127777
2061,25,0.013789132237434387
2062,25,0.05080686882138252
2063,25,0.03425418213009834
2064,25,0.1182803362607956
2065,25,0.01642024517059326
2066,25,0.027708573266863823
2067,25,0.23797157406806946
2068,25,0.025135226547718048
2069,25,0.03189787641167641
2070,25,0.14150123298168182
2071,25,0.3632116913795471
2072,25,0.02925272472202778
2073,25,0.028280898928642273
2074,25,0.036912091076374054
2075,25,0.1374320685863495
2076,25,0.15246467292308807
2077,25,0.028423484414815903
2078,25,0.03064524009823799
2079,25,0.02039651945233345
2080,25,0.02892288938164711
2081,25,0.11560451984405518
2082,25,0.02023296058177948
2083,25,0.02734481170773506
2084,25,0.03794759511947632
2085,25,0.025199057534337044
2086,25,0.028525302186608315
2087,25,0.021978013217449188
2088,25,0.03449664264917374
2089,25,0.13576635718345642
2090,25,0.03057272545993328
2091,25,0.027121661230921745
2092,25,0.01979106478393078
2093,25,0.026198655366897583
2094,25,0.15186801552772522
2095,25,0.016014058142900467
2096,25,0.13325370848178864
2097,25,0.016620086506009102
2098,25,0.2638818323612213
2099,25,0.023148128762841225
2100,25,0.02489960938692093
2101,25,0.03168731927871704
2102,25,0.018166765570640564
2103,25,0.02589654177427292
2104,25,0.15790578722953796
2105,25,0.021675100550055504
2106,25,0.030484644696116447
2107,25,0.031307823956012726
2108,25,0.12900686264038086
2109,25,0.15289203822612762
2110,25,0.13490082323551178
2111,25,0.026749173179268837
2112,25,0.031253278255462646
2113,25,0.017410142347216606
2114,25,0.028515854850411415
2115,25,0.01937219314277172
2116,25,0.024696283042430878
2117,25,0.011515118181705475
2118,25,0.02934085577726364
2119,25,0.023562651127576828
2120,25,0.11616283655166626
2121,25,0.028466422110795975
2122,25,0.019147973507642746
2123,25,0.04460760951042175
2124,25,0.012267266400158405
2125,25,0.03354347497224808
2126,25,0.14640183746814728
2127,25,0.1472710222005844
2128,25,0.016828246414661407
2129,25,0.026907525956630707
2130,25,0.02917063795030117
2131,26,0.031039876863360405
2132,26,0.03331373259425163
2133,26,0.01728919893503189
2134,26,0.23240284621715546
2135,26,0.03376980125904083
2136,26,0.02205481380224228
2137,26,0.23057174682617188
2138,26,0.025014150887727737
2139,26,0.15487366914749146
2140,26,0.024544548243284225
2141,26,0.15530137717723846
2142,26,0.13373056054115295
2143,26,0.03251442313194275
2144,26,0.023723362013697624
2145,26,0.019232245162129402
2146,26,0.020344378426671028
2147,26,0.02572425827383995
2148,26,0.029901636764407158
2149,26,0.12434125691652298
2150,26,0.024377096444368362
2151,26,0.13465502858161926
2152,26,0.024849284440279007
2153,26,0.03533251956105232
2154,26,0.021584857255220413
2155,26,0.032546620815992355
2156,26,0.03790447860956192
2157,26,0.038356177508831024
2158,26,0.1342560052871704
2159,26,0.020284323021769524
2160,26,0.14801953732967377
2161,27,0.03264804556965828
2162,27,0.037541575729846954
2163,27,0.013866215012967587
2164,27,0.03267858177423477
2165,27,0.021188607439398766
2166,27,0.026527676731348038
2167,27,0.02352466620504856
2168,27,0.23121631145477295
2169,27,0.0221428032964468
2170,27,0.016971565783023834
2171,27,0.025463227182626724
2172,27,0.021684525534510612
2173,27,0.03170772269368172
2174,27,0.12543554604053497
2175,27,0.1393066644668579
2176,27,0.020458975806832314
2177,27,0.13282239437103271
2178,27,0.020960044115781784
2179,27,0.01705535687506199
2180,27,0.016478242352604866
2181,27,0.03012937679886818
2182,27,0.03510495275259018
2183,27,0.037817083299160004
2184,27,0.12460722029209137
2185,27,0.0219029001891613
2186,27,0.032630547881126404
2187,27,0.021492019295692444
2188,27,0.02746625244617462
2189,27,0.01769803650677204
2190,27,0.026804067194461823
2191,27,0.021472102031111717
2192,27,0.029412878677248955
2193,27,0.14793574810028076
2194,27,0.03275179862976074
2195,27,0.023009510710835457
2196,27,0.021402619779109955
2197,27,0.03333503380417824
2198,27,0.021400541067123413
2199,27,0.030832506716251373
2200,27,0.24519100785255432
2201,27,0.1531587839126587
2202,27,0.020770657807588577
2203,27,0.0279119610786438
2204,27,0.01823066920042038
2205,27,0.01931171491742134
2206,27,0.03717198595404625
2207,27,0.021736368536949158
2208,27,0.11771542578935623
2209,27,0.01913275569677353
2210,27,0.016461998224258423
2211,27,0.020572006702423096
2212,27,0.1478319764137268
2213,27,0.030552439391613007
2214,27,0.02967996336519718
2215,28,0.024474039673805237
2216,28,0.027687951922416687
2217,28,0.03596056252717972
2218,28,0.020928682759404182
2219,28,0.019002050161361694
2220,28,0.026073068380355835
2221,28,0.031387366354465485
2222,28,0.03863339126110077
2223,28,0.13909637928009033
2224,28,0.026940030977129936
2225,28,0.05641687288880348
2226,28,0.02140936441719532
2227,28,0.023849960416555405
2228,28,0.018956733867526054
2229,28,0.012003269046545029
2230,28,0.026082564145326614
2231,28,0.04406686872243881
2232,28,0.1086650937795639
2233,28,0.12077748775482178
2234,28,0.12790940701961517
2235,28,0.1134796217083931
2236,28,0.14729277789592743
2237,28,0.02281104028224945
2238,28,0.03154679387807846
2239,28,0.035023510456085205
2240,28,0.028154024854302406
2241,28,0.018661489710211754
2242,28,0.026516107842326164
2243,28,0.2618817687034607
2244,28,0.14551933109760284
2245,28,0.015556530095636845
2246,28,0.015462293289601803
2247,28,0.02829667180776596
2248,28,0.019083330407738686
2249,28,0.13546311855316162
2250,28,0.010476004332304
2251,28,0.04680971801280975
2252,28,0.05299259349703789
2253,28,0.06360359489917755
2254,28,0.060771644115448
2255,28,0.0748661458492279
2256,28,0.03749645873904228
2257,28,0.033279452472925186
2258,28,0.17525367438793182
2259,28,0.02704247273504734
2260,28,0.23789317905902863
2261,28,0.04625004157423973
2262,28,0.018732672557234764
2263,28,0.03493977338075638
2264,28,0.052747514098882675
2265,28,0.050588104873895645
2266,28,0.039819296449422836
2267,28,0.04978489130735397
2268,28,0.16873592138290405
2269,28,0.04127121344208717
2270,28,0.03531186282634735
2271,28,0.022947300225496292
2272,28,0.14087191224098206
2273,28,0.14959731698036194
2274,28,0.1344689428806305
2275,28,0.027883309870958328
2276,28,0.03397466987371445
2277,28,0.03841165453195572
2278,28,0.146131232380867
2279,28,0.03524969890713692
2280,28,0.13597238063812256
2281,28,0.024889172986149788
2282,28,0.15414324402809143
2283,29,0.02603212743997574
2284,29,0.01859012059867382
2285,29,0.14496023952960968
2286,29,0.032902561128139496
2287,29,0.03567630425095558
2288,29,0.02479023113846779
2289,29,0.04933827742934227
2290,29,0.029027581214904785
2291,29,0.026996733620762825
2292,29,0.030516929924488068
2293,29,0.03963928669691086
2294,29,0.2428109049797058
2295,29,0.03086439147591591
2296,29,0.027024904265999794
2297,29,0.1550346463918686
2298,29,0.04633431136608124
2299,30,0.03305500000715256
2300,30,0.015357380732893944
2301,30,0.025105256587266922
2302,30,0.03392210230231285
2303,30,0.0325084924697876
2304,30,0.02164888195693493
2305,30,0.0241194199770689
2306,30,0.016491658985614777
2307,30,0.058762721717357635
2308,30,0.034308210015296936
2309,30,0.040592361241579056
2310,30,0.14354409277439117
2311,30,0.1328108310699463
2312,30,0.023938223719596863
2313,30,0.019949259236454964
2314,30,0.0463220477104187
2315,30,0.025386905297636986
2316,30,0.026770219206809998
2317,30,0.12492384761571884
2318,30,0.02688218653202057
2319,30,0.13055218756198883
2320,30,0.030255597084760666
2321,30,0.024647917598485947
2322,30,0.0374227836728096
2323,30,0.15463070571422577
2324,30,0.11657001823186874
2325,30,0.13379140198230743
2326,30,0.016698207706212997
2327,30,0.023610515519976616
2328,30,0.026857459917664528
2329,30,0.2527880072593689
2330,30,0.022471874952316284
2331,30,0.12198291718959808
2332,30,0.02792985737323761
2333,30,0.12049389630556107
2334,30,0.029113519936800003
2335,30,0.029844248667359352
2336,30,0.023620588704943657
2337,30,0.025414086878299713
2338,30,0.026141362264752388
2339,30,0.029065923765301704
2340,30,0.03039349801838398
2341,30,0.02924594283103943
2342,30,0.13829220831394196
2343,30,0.04079962149262428
2344,30,0.03834661841392517
2345,30,0.13005509972572327
2346,31,0.025251146405935287
2347,31,0.01974923349916935
2348,31,0.1462792009115219
2349,31,0.13973096013069153
2350,31,0.04133911058306694
2351,31,0.11664918810129166
2352,31,0.1395702362060547
2353,31,0.11374122649431229
2354,31,0.12829448282718658
2355,31,0.03287378326058388
2356,31,0.02026023156940937
2357,31,0.027659768238663673
2358,31,0.024743393063545227
2359,31,0.032589349895715714
2360,31,0.14901721477508545
2361,31,0.14465022087097168
2362,31,0.13716310262680054
2363,31,0.23876173794269562
2364,31,0.026896966621279716
2365,31,0.10139553248882294
2366,31,0.024382445961236954
2367,31,0.025128647685050964
2368,31,0.12777744233608246
2369,31,0.03028172068297863
2370,31,0.14273127913475037
2371,31,0.02416962757706642
2372,31,0.10835199058055878
2373,31,0.16028253734111786
2374,31,0.020152069628238678
2375,31,0.1255510002374649
2376,31,0.1374572515487671
2377,31,0.022187549620866776
2378,31,0.021332651376724243
2379,31,0.032008763402700424
2380,31,0.014688462018966675
2381,31,0.03351615369319916
2382,31,0.11957789212465286
2383,32,0.02610742673277855
2384,32,0.030330421403050423
2385,32,0.028156692162156105
2386,32,0.02890397422015667
2387,32,0.027625923976302147
2388,32,0.011303912848234177
2389,32,0.04074637219309807
2390,32,0.02985517866909504
2391,32,0.019837934523820877
2392,32,0.12776534259319305
2393,32,0.03305036574602127
2394,32,0.02732500433921814
2395,32,0.02544355019927025
2396,32,0.027119331061840057
2397,32,0.013484800234436989
2398,32,0.25328686833381653
2399,32,0.1127062737941742
2400,32,0.13370873034000397
2401,32,0.03175739943981171
2402,32,0.01855776086449623
2403,32,0.019074322655797005
2404,32,0.029850156977772713
2405,32,0.1166941300034523
2406,32,0.029035862535238266
2407,32,0.03705242648720741
2408,32,0.03165575489401817
2409,32,0.03005039505660534
2410,32,0.019333725795149803
2411,32,0.02316465973854065
2412,32,0.12789642810821533
2413,32,0.11548764258623123
2414,32,0.03765464201569557
2415,32,0.1251717060804367
2416,32,0.03706083074212074
2417,32,0.027312612161040306
2418,32,0.03983943536877632
2419,32,0.026559818536043167
2420,32,0.022684751078486443
2421,32,0.015070096589624882
2422,32,0.021175554022192955
2423,32,0.03292590752243996
2424,32,0.025255730375647545
2425,32,0.3283802568912506
2426,32,0.030413614585995674
2427,32,0.02805517427623272
2428,32,0.10383078455924988
2429,32,0.03045276552438736
2430,32,0.040773190557956696
2431,32,0.12800821661949158
2432,32,0.022446414455771446
2433,32,0.12009081244468689
2434,32,0.11597190052270889
2435,32,0.025524860247969627
2436,32,0.0252746120095253
2437,32,0.026517052203416824
2438,32,0.13457290828227997
2439,32,0.02544080838561058
2440,32,0.022678129374980927
2441,32,0.03244451805949211
2442,32,0.03826308995485306
2443,32,0.024771034717559814
2444,32,0.033337485045194626
2445,33,0.016093723475933075
2446,33,0.04097183048725128
2447,33,0.02192484773695469
2448,33,0.1339443027973175
2449,33,0.026984844356775284
2450,33,0.031632207334041595
2451,33,0.025106731802225113
2452,33,0.21744532883167267
2453,33,0.1179259866476059
2454,33,0.015696115791797638
2455,33,0.03285371512174606
2456,33,0.0286891870200634
2457,33,0.031991146504879
2458,33,0.21647509932518005
2459,33,0.022461848333477974
2460,33,0.024863146245479584
2461,33,0.028418006375432014
2462,33,0.12969756126403809
2463,33,0.04528791084885597
2464,33,0.03315040096640587
2465,33,0.01833929494023323
2466,33,0.1394134759902954
2467,33,0.027498440816998482
2468,33,0.023614656180143356
2469,33,0.032251205295324326
2470,33,0.017397725954651833
2471,33,0.24662363529205322
2472,33,0.12954644858837128
2473,33,0.022712573409080505
2474,33,0.016558092087507248
2475,33,0.1457010954618454
2476,33,0.013250160031020641
2477,33,0.03828803822398186
2478,33,0.023892149329185486
2479,33,0.02049415186047554
2480,33,0.026365872472524643
2481,33,0.020125076174736023
2482,33,0.024602746590971947
2483,33,0.02511638030409813
2484,33,0.028773175552487373
2485,33,0.027887988835573196
2486,33,0.018465092405676842
2487,33,0.10366198420524597
2488,34,0.024357061833143234
2489,34,0.12286922335624695
2490,34,0.04978227987885475
2491,34,0.02973291650414467
2492,34,0.12931211292743683
2493,34,0.028735226020216942
2494,34,0.025495413690805435
2495,34,0.025313764810562134
2496,34,0.0322757326066494
2497,34,0.036701977252960205
2498,34,0.10865779221057892
2499,34,0.11861301958560944
2500,34,0.03347039967775345
2501,34,0.09605252742767334
2502,34,0.0667247474193573
2503,34,0.045741088688373566
2504,34,0.05192992463707924
2505,34,0.24882011115550995
2506,34,0.05661790817975998
2507,34,0.02628987468779087
2508,34,0.13917768001556396
2509,34,0.04454142600297928
2510,34,0.14180763065814972
2511,34,0.054401252418756485
2512,34,0.03602895513176918
2513,34,0.029762262478470802
2514,34,0.16769415140151978
2515,34,0.12846964597702026
2516,34,0.12519483268260956
2517,34,0.032778818160295486
2518,34,0.03492584452033043
2519,34,0.1569899618625641
2520,34,0.03821185603737831
2521,34,0.03993137553334236
2522,34,0.15825292468070984
2523,34,0.0291365385055542
2524,34,0.029239924624562263
2525,34,0.03563316911458969
2526,34,0.12247207760810852
2527,34,0.03936782479286194
2528,34,0.1177486926317215
2529,34,0.023432398214936256
2530,34,0.033219002187252045
2531,34,0.02608189359307289
2532,34,0.12590935826301575
2533,34,0.0429171547293663
2534,35,0.13660532236099243
2535,35,0.042160581797361374
2536,35,0.12551890313625336
2537,35,0.026107095181941986
2538,35,0.03282880038022995
2539,35,0.049936700612306595
2540,35,0.12196138501167297
2541,35,0.04399162530899048
2542,35,0.04164085537195206
2543,35,0.0251566544175148
2544,35,0.22611001133918762
2545,35,0.22905442118644714
2546,35,0.05392049625515938
2547,35,0.03757661208510399
2548,35,0.02917846292257309
2549,35,0.04215962067246437
2550,35,0.1339644342660904
2551,35,0.036729369312524796
2552,35,0.04465003311634064
2553,35,0.14515280723571777
2554,35,0.037265926599502563
2555,35,0.20979994535446167
2556,35,0.042292386293411255
2557,35,0.027176059782505035
2558,35,0.13071376085281372
2559,35,0.13052988052368164
2560,35,0.02062380313873291
2561,35,0.11598769575357437
2562,35,0.026614535599946976
2563,35,0.018347233533859253
2564,35,0.04244942590594292
2565,35,0.06278468668460846
2566,35,0.25154682993888855
2567,35,0.12824243307113647
2568,35,0.12036352604627609
2569,35,0.03987171873450279
2570,35,0.13011212646961212
2571,35,0.04364870488643646
2572,35,0.04225659370422363
2573,35,0.19229760766029358
2574,36,0.043686393648386
2575,36,0.037909165024757385
2576,36,0.06387754529714584
2577,36,0.04476158320903778
2578,36,0.033239830285310745
2579,36,0.026586739346385002
2580,36,0.03560895472764969
2581,36,0.014425426721572876
2582,36,0.21307605504989624
2583,36,0.11568034440279007
2584,36,0.042161114513874054
2585,36,0.12524887919425964
2586,36,0.12230297178030014
2587,36,0.04664931446313858
2588,36,0.11160513013601303
2589,36,0.13210494816303253
2590,36,0.04213952273130417
2591,36,0.05919209122657776
2592,36,0.11613538861274719
2593,36,0.024365145713090897
2594,36,0.024696100503206253
2595,36,0.02821178361773491
2596,36,0.1413830816745758
2597,36,0.038112375885248184
2598,36,0.029195476323366165
2599,36,0.10584121942520142
2600,36,0.03398250415921211
2601,36,0.020861167460680008
2602,36,0.11593356728553772
2603,37,0.10219863802194595
2604,37,0.03517353907227516
2605,37,0.129527285695076
2606,37,0.14445216953754425
2607,37,0.11603197455406189
2608,37,0.04087558761239052
2609,37,0.02971537970006466
2610,37,0.04701753705739975
2611,37,0.013521344400942326
2612,37,0.11381755769252777
2613,37,0.02324240654706955
2614,37,0.11625157296657562
2615,37,0.13494913280010223
2616,37,0.14353984594345093
2617,37,0.03672194853425026
2618,37,0.04992349073290825
2619,37,0.016970500349998474
2620,37,0.03461417928338051
2621,37,0.15083558857440948
2622,37,0.12733648717403412
2623,37,0.03740232065320015
2624,37,0.030070768669247627
2625,37,0.10424783825874329
2626,37,0.11617690324783325
2627,37,0.03734637424349785
2628,37,0.14048905670642853
2629,37,0.033987242728471756
2630,37,0.15569829940795898
2631,37,0.12758739292621613
2632,37,0.1073850691318512
2633,37,0.015503229573369026
2634,37,0.1332019716501236
2635,37,0.05598050728440285
2636,37,0.040314700454473495
2637,37,0.1312544196844101
2638,37,0.02667226642370224
2639,37,0.31851527094841003
2640,37,0.03140619024634361
2641,37,0.042146727442741394
2642,37,0.03807896003127098
2643,37,0.020918715745210648
2644,37,0.026602575555443764
2645,37,0.1473018229007721
2646,37,0.0224639642983675
2647,37,0.02197306603193283
2648,37,0.1333571970462799
2649,37,0.12048999965190887
2650,37,0.3015086054801941
2651,37,0.13521888852119446
2652,37,0.03499266877770424
2653,37,0.14104773104190826
2654,37,0.04002537578344345
2655,37,0.02622002735733986
2656,37,0.1121317520737648
2657,37,0.02719922922551632
2658,37,0.039275020360946655
2659,37,0.03383580595254898
2660,37,0.03447294980287552
2661,37,0.05262996256351471
2662,37,0.04678308591246605
2663,38,0.023068340495228767
2664,38,0.016862772405147552
2665,38,0.11945861577987671
2666,38,0.045176103711128235
2667,38,0.0349111445248127
2668,38,0.030925601720809937
2669,38,0.12779711186885834
2670,38,0.028051145374774933
2671,38,0.049546558409929276
2672,38,0.037005532532930374
2673,38,0.1251242756843567
2674,38,0.11954352259635925
2675,38,0.037237461656332016
2676,38,0.039643190801143646
2677,38,0.032926417887210846
2678,38,0.029123784974217415
2679,38,0.12451768666505814
2680,38,0.04966858774423599
2681,38,0.12435785681009293
2682,38,0.10994221270084381
2683,38,0.026739660650491714
2684,39,0.16972728073596954
2685,39,0.03353866934776306
2686,39,0.2450280487537384
2687,39,0.12087497860193253
2688,39,0.03272208571434021
2689,39,0.03092520497739315
2690,39,0.23069052398204803
2691,39,0.04988722503185272
2692,39,0.03169603273272514
2693,39,0.09756851941347122
2694,39,0.02238602004945278
2695,39,0.023203503340482712
2696,39,0.12878857553005219
2697,39,0.10828545689582825
2698,39,0.028369762003421783
2699,39,0.0282710213214159
2700,39,0.03786637634038925
2701,39,0.22218552231788635
2702,39,0.1280604898929596
2703,39,0.025211824104189873
2704,39,0.15429823100566864
2705,39,0.029139602556824684
2706,39,0.05817073583602905
2707,39,0.0237052571028471
2708,39,0.014281703159213066
2709,39,0.028606902807950974
2710,39,0.10504086315631866
2711,39,0.023282242938876152
2712,39,0.019976789131760597
2713,39,0.023929977789521217
2714,39,0.11031576991081238
2715,39,0.13578668236732483
2716,39,0.03439218923449516
2717,39,0.020013827830553055
2718,39,0.022172963246703148
2719,39,0.026058785617351532
2720,39,0.029522765427827835
2721,39,0.11091048270463943
2722,39,0.02076379582285881
2723,39,0.03190886601805687
2724,40,0.036975979804992676
2725,40,0.029194222763180733
2726,40,0.02349698357284069
2727,40,0.12104298919439316
2728,40,0.10914848744869232
2729,40,0.030648833140730858
2730,40,0.11811937391757965
2731,40,0.0313299335539341
2732,40,0.10079293698072433
2733,40,0.10265856981277466
2734,40,0.14276614785194397
2735,40,0.029656607657670975
2736,40,0.04178588464856148
2737,40,0.0467853844165802
2738,40,0.02020111493766308
2739,40,0.02552432008087635
2740,40,0.13973648846149445
2741,40,0.02454959973692894
2742,41,0.10998103767633438
2743,41,0.19769935309886932
2744,41,0.023010510951280594
2745,41,0.12458174675703049
2746,41,0.03654401749372482
2747,41,0.1049182265996933
2748,41,0.15094871819019318
2749,41,0.021863926202058792
2750,41,0.1221868097782135
2751,41,0.162884920835495
2752,41,0.07035979628562927
2753,41,0.03297174721956253
2754,41,0.12525705993175507
2755,41,0.16578510403633118
2756,41,0.054011270403862
2757,41,0.04213595390319824
2758,41,0.042197179049253464
2759,41,0.044891245663166046
2760,41,0.1529005914926529
2761,41,0.15570703148841858
2762,41,0.13602234423160553
2763,41,0.0395156554877758
2764,41,0.10597103834152222
2765,41,0.0616348497569561
2766,41,0.13150465488433838
2767,41,0.030575871467590332
2768,41,0.03677436709403992
2769,41,0.06715995073318481
2770,41,0.13136506080627441
2771,41,0.0711418092250824
2772,41,0.035524606704711914
2773,41,0.05817210301756859
2774,41,0.043750446289777756
2775,41,0.08865322917699814
2776,41,0.2198253720998764
2777,41,0.0476013645529747
2778,41,0.13338926434516907
2779,41,0.2422313690185547
2780,41,0.11742497235536575
2781,41,0.061067938804626465
2782,41,0.0457477867603302
2783,41,0.026131171733140945
2784,41,0.037093665450811386
2785,41,0.14555390179157257
2786,41,0.05300512909889221
2787,41,0.11665269732475281
2788,41,0.18854066729545593
2789,41,0.12205038964748383
2790,41,0.24149157106876373
2791,41,0.1418692171573639
2792,41,0.039566658437252045
2793,41,0.20278915762901306
2794,41,0.22577203810214996
2795,41,0.1249382495880127
2796,41,0.10437183827161789
2797,41,0.036229994148015976
2798,41,0.025857971981167793
2799,41,0.05983782187104225
2800,41,0.040691398084163666
2801,42,0.028918858617544174
2802,42,0.03489070385694504
2803,42,0.2195369005203247
2804,42,0.04721027985215187
2805,42,0.12831734120845795
2806,42,0.31430622935295105
2807,42,0.130405992269516
2808,42,0.12593840062618256
2809,42,0.12136559188365936
2810,42,0.10191171616315842
2811,42,0.13491280376911163
2812,42,0.20277053117752075
2813,42,0.04628752917051315
2814,42,0.0336306057870388
2815,42,0.2009870558977127
2816,42,0.11669712513685226
2817,42,0.0952080637216568
2818,42,0.09525693953037262
2819,42,0.12219098955392838
2820,42,0.03696407377719879
2821,42,0.044517435133457184
2822,42,0.10928121209144592
2823,42,0.035170890390872955
2824,42,0.12359879910945892
2825,42,0.04174540191888809
2826,42,0.05897534638643265
2827,42,0.22332003712654114
2828,42,0.02459026500582695
2829,42,0.10486256331205368
2830,42,0.14212936162948608
2831,42,0.030286768451333046
2832,42,0.03402185067534447
2833,42,0.05290747433900833
2834,42,0.052376165986061096
2835,42,0.01740437187254429
2836,42,0.04391614347696304
2837,42,0.19063542783260345
2838,42,0.021465560421347618
2839,42,0.0304360780864954
2840,42,0.030544443055987358
2841,42,0.03135853260755539
2842,42,0.04324023798108101
2843,42,0.04006686434149742
2844,42,0.12589269876480103
2845,42,0.04961395636200905
2846,42,0.02380944788455963
2847,42,0.12446374446153641
2848,42,0.09976114332675934
2849,42,0.04720252752304077
2850,42,0.12734922766685486
2851,42,0.13882103562355042
2852,42,0.0330425500869751
2853,42,0.046005647629499435
2854,42,0.11400113254785538
2855,42,0.018814148381352425
2856,42,0.19918683171272278
2857,42,0.09612736105918884
2858,42,0.028455059975385666
2859,42,0.03074975684285164
2860,42,0.03551431745290756
2861,42,0.022734053432941437
2862,42,0.19019167125225067
2863,42,0.04315000772476196
2864,42,0.03719491511583328
2865,42,0.10826267302036285
2866,42,0.018681732937693596
2867,42,0.13986332714557648
2868,42,0.2010110467672348
2869,42,0.12028224766254425
2870,42,0.04468204826116562
2871,42,0.01879008859395981
2872,42,0.04353285953402519
2873,42,0.03909649699926376
2874,42,0.13824908435344696
2875,42,0.12111231684684753
2876,42,0.09661494940519333
2877,42,0.05022730678319931
2878,42,0.02455778606235981
2879,42,0.12880444526672363
2880,42,0.022246001288294792
2881,43,0.10106348246335983
2882,43,0.025819839909672737
2883,43,0.03641235828399658
2884,43,0.1302136480808258
2885,43,0.12892979383468628
2886,43,0.049677737057209015
2887,43,0.05072949454188347
2888,43,0.17411364614963531
2889,43,0.037250496447086334
2890,43,0.03926664963364601
2891,43,0.12996380031108856
2892,43,0.04271233081817627
2893,43,0.05905313789844513
2894,43,0.02885241061449051
2895,43,0.02518051490187645
2896,43,0.04009071737527847
2897,43,0.11373138427734375
2898,43,0.051635872572660446
2899,43,0.02878474071621895
2900,43,0.12599875032901764
2901,44,0.12039583921432495
2902,44,0.03664018213748932
2903,44,0.1267998367547989
2904,44,0.05740612745285034
2905,44,0.026074571534991264
2906,44,0.1305297613143921
2907,44,0.026695897802710533
2908,44,0.023689251393079758
2909,44,0.12347015738487244
2910,44,0.027196507900953293
2911,44,0.034772347658872604
2912,44,0.054331861436367035
2913,44,0.03985326737165451
2914,44,0.11231377720832825
2915,44,0.10149478912353516
2916,44,0.023885343223810196
2917,45,0.0989299789071083
2918,45,0.11075420677661896
2919,45,0.01637536846101284
2920,45,0.20610074698925018
2921,45,0.03776130825281143
2922,45,0.0387214832007885
2923,45,0.0332975834608078
2924,45,0.04279810190200806
2925,45,0.12145823240280151
2926,45,0.2106255739927292
2927,45,0.09099908918142319
2928,45,0.04614195227622986
2929,45,0.10818000137805939
2930,45,0.10936499387025833
2931,45,0.04231735318899155
2932,45,0.03535381332039833
2933,45,0.20243509113788605
2934,45,0.05014877766370773
2935,45,0.09540844708681107
2936,45,0.10004181414842606
2937,45,0.04286627098917961
2938,45,0.13088446855545044
2939,45,0.016832757741212845
2940,45,0.025213362649083138
2941,45,0.028454188257455826
2942,45,0.036108121275901794
2943,45,0.0378313772380352
2944,45,0.03912662714719772
2945,45,0.11735638231039047
2946,45,0.028540104627609253
2947,45,0.1877424567937851
2948,45,0.031114092096686363
2949,45,0.01855321414768696
2950,45,0.04402891546487808
2951,45,0.23134133219718933
2952,45,0.11029348522424698
2953,45,0.0339435376226902
2954,45,0.12801378965377808
2955,45,0.2103765606880188
2956,45,0.03609326109290123
2957,45,0.04287048429250717
2958,45,0.034392885863780975
2959,45,0.04464146867394447
2960,46,0.12098264694213867
2961,46,0.03941047936677933
2962,46,0.1993320882320404
2963,46,0.02307172492146492
2964,46,0.12474803626537323
2965,46,0.20234763622283936
2966,46,0.025796106085181236
2967,46,0.03014877252280712
2968,46,0.0529538057744503
2969,46,0.03729482740163803
2970,46,0.11200542747974396
2971,46,0.14509379863739014
2972,46,0.028729189187288284
2973,46,0.04081449657678604
2974,46,0.0289840679615736
2975,46,0.03962217643857002
2976,46,0.1988304853439331
2977,46,0.037380754947662354
2978,46,0.02360948547720909
2979,46,0.23463140428066254
2980,46,0.0345940962433815
2981,46,0.029205499216914177
2982,46,0.025249242782592773
2983,46,0.11732605844736099
2984,46,0.09896229952573776
2985,46,0.028852496296167374
2986,46,0.0306252334266901
2987,47,0.123691625893116
2988,47,0.03773295879364014
2989,47,0.03067789040505886
2990,47,0.1118537187576294
2991,47,0.04206566512584686
2992,47,0.043031614273786545
2993,47,0.24696263670921326
2994,47,0.045224208384752274
2995,47,0.11559954285621643
2996,47,0.028968123719096184
2997,47,0.027886811643838882
2998,47,0.023759709671139717
2999,47,0.11407998949289322
3000,47,0.05818585306406021
3001,47,0.09580019116401672
3002,47,0.08184134215116501
3003,47,0.04024694487452507
3004,47,0.12284298241138458
3005,47,0.14929386973381042
3006,47,0.08706364780664444
3007,47,0.10016895085573196
3008,47,0.07373757660388947
3009,47,0.06136104092001915
3010,47,0.12724824249744415
3011,47,0.17920587956905365
3012,47,0.13637487590312958
3013,47,0.2465229034423828
3014,47,0.05583350360393524
3015,47,0.19800648093223572
3016,47,0.0377340205013752
3017,47,0.16284535825252533
3018,47,0.14650990068912506
3019,47,0.14718040823936462
3020,47,0.09752689301967621
3021,48,0.04067128896713257
3022,48,0.042605411261320114
3023,48,0.02821771800518036
3024,48,0.11078745871782303
3025,48,0.17371457815170288
3026,48,0.044901467859745026
3027,48,0.138529434800148
3028,48,0.04926951974630356
3029,48,0.059622038155794144
3030,49,0.3057578504085541
3031,49,0.05622180178761482
3032,49,0.049866802990436554
3033,49,0.04136333614587784
3034,49,0.050145410001277924
3035,49,0.04801762104034424
3036,49,0.10332000255584717
3037,49,0.1889447122812271
3038,49,0.039606206119060516
3039,49,0.04419022053480148
3040,49,0.14680199325084686
3041,49,0.18348026275634766
3042,49,0.04045248404145241
3043,49,0.09758234769105911
3044,49,0.03210601210594177
3045,49,0.061745285987854004
3046,49,0.12939214706420898
3047,49,0.03692273795604706
3048,49,0.03737573325634003
3049,49,0.12898391485214233
3050,49,0.11126556247472763
3051,49,0.028836127370595932
3052,49,0.2062709480524063
3053,49,0.03625915199518204
3054,49,0.04339955002069473
3055,49,0.03365113586187363
3056,50,0.03174283728003502
3057,50,0.050658218562603
3058,50,0.036805495619773865
3059,50,0.11475572735071182
3060,50,0.03642991557717323
3061,50,0.10048126429319382
3062,50,0.041510209441185
3063,50,0.11791689693927765
3064,50,0.11879837512969971
3065,50,0.04325006529688835
3066,50,0.2721319794654846
3067,50,0.06394501030445099
3068,50,0.03561088815331459
3069,50,0.15097913146018982
3070,51,0.2623954713344574
3071,51,0.18516045808792114
3072,51,0.09898613393306732
3073,51,0.03255157172679901
3074,51,0.2522343397140503
3075,51,0.07130470126867294
3076,51,0.032741885632276535
3077,51,0.04279187321662903
3078,51,0.04633112996816635
3079,51,0.04881829395890236
3080,51,0.08839164674282074
3081,51,0.11139187961816788
3082,51,0.14184781908988953
3083,51,0.10870229452848434
3084,51,0.04334956780076027
3085,51,0.032021746039390564
3086,51,0.1141524463891983
3087,51,0.14021052420139313
3088,51,0.28081029653549194
3089,51,0.18210402131080627
3090,51,0.03861231356859207
3091,51,0.03639520704746246
3092,51,0.10695164650678635
3093,51,0.10679252445697784
3094,51,0.11258682608604431
3095,51,0.1546909511089325
3096,51,0.04649236798286438
3097,51,0.2380283772945404
3098,52,0.27427491545677185
3099,52,0.05107539892196655
3100,52,0.2855094075202942
3101,52,0.036077097058296204
3102,52,0.041378870606422424
3103,52,0.21108295023441315
3104,52,0.20580174028873444
3105,52,0.04642729088664055
3106,52,0.032881252467632294
3107,52,0.12693263590335846
3108,52,0.044663794338703156
3109,52,0.03214952349662781
3110,52,0.18406227231025696
3111,52,0.04483862966299057
3112,52,0.11759009957313538
3113,52,0.10802815109491348
3114,52,0.11822652071714401
3115,52,0.05216062813997269
3116,52,0.031211310997605324
3117,52,0.14525854587554932
3118,52,0.16883455216884613
3119,52,0.2254095822572708
3120,52,0.025942634791135788
3121,52,0.2254885584115982
3122,52,0.09929516166448593
3123,52,0.04414072632789612
3124,52,0.05237659066915512
3125,52,0.05187657102942467
3126,52,0.03743336722254753
3127,52,0.13824348151683807
3128,52,0.0398656465113163
3129,52,0.03810124844312668
3130,52,0.09827570617198944
3131,52,0.2026902437210083
3132,52,0.18763908743858337
3133,52,0.11093417555093765
3134,52,0.1122257187962532
3135,52,0.03387489169836044
3136,52,0.05430279299616814
3137,52,0.19026786088943481
3138,53,0.1135634183883667
3139,53,0.2124881148338318
3140,53,0.03755919635295868
3141,53,0.05513070896267891
3142,53,0.11560216546058655
3143,53,0.05734050273895264
3144,53,0.03613601252436638
3145,53,0.030868031084537506
3146,53,0.11381556838750839
3147,53,0.12729191780090332
3148,53,0.031022414565086365
3149,53,0.11354736238718033
3150,53,0.03047647699713707
3151,53,0.045782122761011124
3152,53,0.02395625039935112
3153,53,0.03053589165210724
3154,53,0.02391847036778927
3155,53,0.054349470883607864
3156,53,0.11478061228990555
3157,53,0.04034079983830452
3158,53,0.1144620031118393
3159,54,0.17391133308410645
3160,54,0.026868212968111038
3161,54,0.1685512214899063
3162,54,0.0448344387114048
3163,54,0.04966716468334198
3164,54,0.05487429350614548
3165,54,0.028012532740831375
3166,54,0.11292494088411331
3167,54,0.04739002883434296
3168,54,0.10459733754396439
3169,54,0.09637147188186646
3170,54,0.1036006510257721
3171,54,0.10191162675619125
3172,54,0.09505613893270493
3173,55,0.10748215764760971
3174,55,0.045134611427783966
3175,55,0.18592169880867004
3176,55,0.037959467619657516
3177,55,0.05636191740632057
3178,55,0.046706411987543106
3179,55,0.0678529441356659
3180,55,0.04398666322231293
3181,55,0.050084978342056274
3182,55,0.13565699756145477
3183,55,0.18576449155807495
3184,55,0.12425858527421951
3185,55,0.026399029418826103
3186,55,0.03298357129096985
3187,55,0.17078599333763123
3188,55,0.103643998503685
3189,55,0.20959171652793884
3190,55,0.03216036036610603
3191,55,0.13231384754180908
3192,55,0.0483211986720562
3193,55,0.04340347647666931
3194,55,0.11551834642887115
3195,55,0.12531420588493347
3196,55,0.029987728223204613
3197,55,0.053286630660295486
3198,55,0.03187438100576401
3199,55,0.17984382808208466
3200,55,0.09675459563732147
3201,55,0.10947896540164948
3202,55,0.12822061777114868
3203,55,0.09098471701145172
3204,55,0.12305419147014618
3205,55,0.2886103689670563
3206,55,0.11900846660137177
3207,55,0.09340798854827881
3208,55,0.030050326138734818
3209,55,0.03907940164208412
3210,55,0.02803915925323963
3211,55,0.04779490828514099
3212,55,0.03841346502304077
3213,55,0.059253938496112823
3214,55,0.094119131565094
3215,55,0.026273205876350403
3216,55,0.17673520743846893
3217,55,0.03824986517429352
3218,55,0.051343806087970734
3219,55,0.1371278166770935
3220,55,0.055847834795713425
3221,55,0.14421218633651733
3222,55,0.08308497071266174
3223,55,0.25303375720977783
3224,55,0.02774781733751297
3225,55,0.11268371343612671
3226,55,0.0971897691488266
3227,55,0.04652807116508484
3228,55,0.03690987080335617
3229,56,0.1031070128083229
3230,56,0.04334332421422005
3231,56,0.09912019968032837
3232,56,0.042554207146167755
3233,56,0.10177423804998398
3234,56,0.12837755680084229
3235,56,0.03498750180006027
3236,56,0.10362876951694489
3237,57,0.11942782253026962
3238,57,0.04376592859625816
3239,57,0.11923237890005112
3240,57,0.087745301425457
3241,57,0.03427623584866524
3242,57,0.037720438092947006
3243,57,0.0396551713347435
3244,57,0.030962001532316208
3245,57,0.1475805938243866
3246,57,0.04068150743842125
3247,57,0.036617740988731384
3248,57,0.039299268275499344
3249,57,0.10495201498270035
3250,57,0.09982603788375854
3251,57,0.17118516564369202
3252,57,0.22540506720542908
3253,57,0.23671191930770874
3254,57,0.15292562544345856
3255,57,0.11963823437690735
3256,57,0.08322717994451523
3257,57,0.1680026650428772
3258,57,0.1059817224740982
3259,57,0.13812968134880066
3260,57,0.04781400039792061
3261,57,0.0551052987575531
3262,57,0.08974115550518036
3263,57,0.12628570199012756
3264,57,0.06003407761454582
3265,57,0.06611251831054688
3266,57,0.032213058322668076
3267,57,0.1027376800775528
3268,57,0.17493152618408203
3269,57,0.17629976570606232
3270,57,0.12820149958133698
3271,57,0.12077111750841141
3272,57,0.12930791079998016
3273,57,0.1212693527340889
3274,57,0.1034499853849411
3275,57,0.11447853595018387
3276,58,0.08737968653440475
3277,58,0.09280484914779663
3278,58,0.12420198321342468
3279,58,0.08847472071647644
3280,58,0.030490471050143242
3281,58,0.12510506808757782
3282,58,0.03891243785619736
3283,58,0.18250919878482819
3284,58,0.058719027787446976
3285,58,0.1636010855436325
3286,58,0.04536888003349304
3287,58,0.03929159790277481
3288,58,0.1200120598077774
3289,58,0.13005194067955017
3290,58,0.027043910697102547
3291,58,0.13585244119167328
3292,58,0.10605679452419281
3293,58,0.10012532025575638
3294,58,0.07280369848012924
3295,58,0.12080132961273193
3296,58,0.029428629204630852
3297,58,0.10649783909320831
3298,58,0.02540019154548645
3299,58,0.0922001451253891
3300,59,0.04190320521593094
3301,59,0.04522380977869034
3302,59,0.12292482703924179
3303,59,0.030066411942243576
3304,59,0.10507504642009735
3305,59,0.10866115987300873
3306,59,0.04214971885085106
3307,59,0.10960236936807632
3308,59,0.033523913472890854
3309,59,0.21891701221466064
3310,59,0.1379324197769165
3311,59,0.045116256922483444
3312,59,0.05993237718939781
3313,59,0.10934705287218094
3314,59,0.0921780914068222
3315,59,0.03640171140432358
3316,59,0.04351197928190231
3317,59,0.024922044947743416
3318,59,0.05482480302453041
3319,59,0.1553173065185547
3320,59,0.0982794463634491
3321,59,0.03321148827672005
3322,59,0.03951069340109825
3323,59,0.022880282253026962
3324,59,0.03495389595627785
3325,59,0.16415074467658997
3326,59,0.08810319751501083
3327,59,0.10629279911518097
3328,59,0.17658963799476624
3329,59,0.04903746396303177
3330,60,0.021356118842959404
3331,60,0.16952067613601685
3332,60,0.11244075000286102
3333,60,0.15054737031459808
3334,60,0.16038107872009277
3335,60,0.03621320053935051
3336,60,0.20183707773685455
3337,60,0.05829323083162308
3338,60,0.03575202450156212
3339,60,0.046026937663555145
3340,60,0.09068988263607025
3341,60,0.05304116755723953
3342,60,0.17988023161888123
3343,60,0.10419829934835434
3344,60,0.026384584605693817
3345,60,0.11022298038005829
3346,60,0.05653057247400284
3347,60,0.022292496636509895
3348,60,0.152503103017807
3349,60,0.04437064006924629
3350,60,0.11482667922973633
3351,60,0.032597605139017105
3352,60,0.049874693155288696
3353,60,0.1331617832183838
3354,60,0.04853570833802223
3355,60,0.036454133689403534
3356,60,0.1126052662730217
3357,60,0.10476458072662354
3358,60,0.10669447481632233
3359,60,0.07002241909503937
3360,60,0.029697664082050323
3361,60,0.0412716418504715
3362,60,0.046876147389411926
3363,60,0.05026662349700928
3364,60,0.055199459195137024
3365,60,0.1301289200782776
3366,60,0.08777596801519394
3367,60,0.04993370920419693
3368,60,0.11993511021137238
3369,60,0.057557571679353714
3370,60,0.024598918855190277
3371,60,0.04071914404630661
3372,60,0.06307471543550491
3373,60,0.1316470354795456
3374,60,0.04461967200040817
3375,60,0.09413930773735046
3376,60,0.030423253774642944
3377,60,0.05348198488354683
3378,60,0.09467729926109314
3379,60,0.18503868579864502
3380,60,0.043373070657253265
3381,61,0.03710825368762016
3382,61,0.10954862833023071
3383,61,0.08771326392889023
3384,61,0.029540488496422768
3385,61,0.18541613221168518
3386,61,0.18830542266368866
3387,61,0.04340430349111557
3388,61,0.1287262886762619
3389,61,0.16740015149116516
3390,61,0.10294283181428909
3391,61,0.2759534418582916
3392,61,0.10227574408054352
3393,61,0.09419575333595276
3394,61,0.07222459465265274
3395,61,0.13863632082939148
3396,61,0.06038267910480499
3397,61,0.11795822530984879
3398,61,0.04073692113161087
3399,61,0.03934469074010849
3400,61,0.177697092294693
3401,62,0.10275661945343018
3402,62,0.039288684725761414
3403,62,0.02617519162595272
3404,62,0.053351931273937225
3405,62,0.06674755364656448
3406,62,0.03274204209446907
3407,62,0.1619570106267929
3408,62,0.048117123544216156
3409,62,0.05071262642741203
3410,62,0.04526357725262642
3411,62,0.04749993234872818
3412,62,0.10003403574228287
3413,62,0.2599593997001648
3414,62,0.18992771208286285
3415,62,0.042958784848451614
3416,62,0.027838632464408875
3417,62,0.032986871898174286
3418,62,0.026937274262309074
3419,62,0.027407042682170868
3420,62,0.05240553990006447
3421,62,0.1720733344554901
3422,63,0.18553775548934937
3423,63,0.03664495795965195
3424,63,0.05008605867624283
3425,63,0.22295859456062317
3426,63,0.10034424066543579
3427,63,0.1791871190071106
3428,63,0.1697062999010086
3429,63,0.08788227289915085
3430,63,0.036571744829416275
3431,63,0.17914994060993195
3432,63,0.08674336969852448
3433,63,0.06802570074796677
3434,63,0.09555822610855103
3435,63,0.04027700796723366
3436,63,0.16110937297344208
3437,63,0.22395478188991547
3438,63,0.058789048343896866
3439,64,0.09971528500318527
3440,64,0.03867879509925842
3441,64,0.23786287009716034
3442,64,0.03144371509552002
3443,64,0.2692071497440338
3444,64,0.10194160044193268
3445,64,0.2097620666027069
3446,64,0.08949438482522964
3447,65,0.11716208606958389
3448,65,0.030004920437932014
3449,65,0.1548742949962616
3450,65,0.1927555799484253
3451,65,0.09729363769292831
3452,65,0.041881754994392395
3453,65,0.09352550655603409
3454,65,0.06627818942070007
3455,65,0.021426288411021233
3456,65,0.12184517085552216
3457,65,0.03410424292087555
3458,65,0.10644889622926712
3459,65,0.06586900353431702
3460,65,0.1598006635904312
3461,65,0.09892003983259201
3462,65,0.05218024551868439
3463,65,0.03546643257141113
3464,65,0.03560594096779823
3465,65,0.02610187418758869
3466,65,0.20267602801322937
3467,65,0.03824453428387642
3468,65,0.10771053284406662
3469,65,0.1273355931043625
3470,65,0.09683550894260406
3471,65,0.03647053241729736
3472,65,0.058898426592350006
3473,65,0.2319716215133667
3474,65,0.1544603705406189
3475,65,0.046418070793151855
3476,66,0.15811839699745178
3477,66,0.18320797383785248
3478,66,0.03387199342250824
3479,66,0.030125480145215988
3480,66,0.09357621520757675
3481,66,0.17211145162582397
3482,66,0.09686621278524399
3483,66,0.15294741094112396
3484,66,0.07663826644420624
3485,66,0.09539707005023956
3486,66,0.0998469889163971
3487,66,0.030445529147982597
3488,66,0.11365579813718796
3489,66,0.028513103723526
3490,66,0.02585090696811676
3491,66,0.03521966189146042
3492,66,0.16960659623146057
3493,66,0.10359315574169159
3494,67,0.12085399031639099
3495,67,0.08971618860960007
3496,67,0.11934706568717957
3497,67,0.17801174521446228
3498,67,0.029137318953871727
3499,67,0.035037606954574585
3500,67,0.11758887767791748
3501,67,0.21589744091033936
3502,68,0.09518618136644363
3503,68,0.2705288827419281
3504,68,0.21647289395332336
3505,68,0.09541384130716324
3506,68,0.14295479655265808
3507,68,0.04375634714961052
3508,68,0.1305105984210968
3509,68,0.1761687695980072
3510,68,0.22054730355739594
3511,68,0.1461685746908188
3512,68,0.09157074987888336
3513,68,0.09139920771121979
3514,68,0.10980571061372757
3515,68,0.15327893197536469
3516,68,0.0767175704240799
3517,68,0.10526607930660248
3518,68,0.10552579164505005
3519,69,0.04771113023161888
3520,69,0.063447006046772
3521,69,0.06970212608575821
3522,69,0.042601872235536575
3523,69,0.05378303304314613
3524,69,0.2271377444267273
3525,69,0.08521124720573425
3526,69,0.11703996360301971
3527,69,0.047455932945013046
3528,69,0.08763039857149124
3529,69,0.09645381569862366
3530,69,0.04945708066225052
3531,69,0.18602055311203003
3532,69,0.13918107748031616
3533,69,0.10538139939308167
3534,69,0.14887528121471405
3535,69,0.0643971785902977
3536,69,0.046432774513959885
3537,69,0.09226022660732269
3538,69,0.08271398395299911
3539,70,0.0976816713809967
3540,70,0.11560101062059402
3541,70,0.09983354806900024
3542,70,0.19819240272045135
3543,70,0.0984376072883606
3544,70,0.1725543886423111
3545,70,0.15300366282463074
3546,70,0.07755466550588608
3547,70,0.14662699401378632
3548,70,0.12991681694984436
3549,70,0.11391324549913406
3550,70,0.06556050479412079
3551,70,0.21626268327236176
3552,70,0.08589997887611389
3553,70,0.10381196439266205
3554,70,0.07629045099020004
3555,70,0.10839708894491196
3556,70,0.19645996391773224
3557,70,0.04914360120892525
3558,70,0.24836187064647675
3559,70,0.10745098441839218
3560,70,0.0397612601518631
3561,70,0.1090753823518753
3562,70,0.0956113338470459
3563,70,0.09506558626890182
3564,70,0.045576758682727814
3565,70,0.052478499710559845
3566,70,0.13160522282123566
3567,70,0.04431675001978874
3568,70,0.048107344657182693
3569,70,0.03209400922060013
3570,70,0.03648297116160393
3571,70,0.04778030142188072
3572,70,0.13734076917171478
3573,70,0.03905763477087021
3574,71,0.1919255256652832
3575,71,0.14567267894744873
3576,71,0.02285951003432274
3577,71,0.055340059101581573
3578,71,0.11487789452075958
3579,71,0.11681558191776276
3580,71,0.0373084619641304
3581,71,0.08477707952260971
3582,71,0.05488619953393936
3583,71,0.161201611161232
3584,71,0.11407086253166199
3585,71,0.21178579330444336
3586,71,0.11123926937580109
3587,71,0.027010178193449974
3588,71,0.04690398648381233
3589,71,0.09437637776136398
3590,71,0.19066639244556427
3591,71,0.15384265780448914
3592,71,0.07263696193695068
3593,71,0.036538489162921906
3594,71,0.0568976029753685
3595,71,0.06306392699480057
3596,72,0.10221768915653229
3597,72,0.03813609108328819
3598,72,0.08959290385246277
3599,72,0.15952648222446442
3600,72,0.1245303675532341
3601,72,0.03700713813304901
3602,72,0.10084059834480286
3603,72,0.1973288357257843
3604,72,0.08011312037706375
3605,72,0.06736786663532257
3606,72,0.1346515417098999
3607,72,0.10368748754262924
3608,72,0.05281003564596176
3609,72,0.1591349095106125
3610,72,0.09462514519691467
3611,72,0.10451000928878784
3612,72,0.07377615571022034
3613,72,0.08129150420427322
3614,72,0.1513601392507553
3615,72,0.04666418582201004
3616,72,0.09273964166641235
3617,72,0.14932334423065186
3618,72,0.1736309677362442
3619,73,0.08947373926639557
3620,73,0.033173222094774246
3621,73,0.0853598564863205
3622,73,0.03160763159394264
3623,73,0.049075596034526825
3624,73,0.07757679373025894
3625,73,0.04533720389008522
3626,73,0.09479838609695435
3627,73,0.03583697974681854
3628,73,0.07471767067909241
3629,73,0.02289752848446369
3630,73,0.03232581540942192
3631,73,0.04887872934341431
3632,73,0.14559215307235718
3633,74,0.03490987420082092
3634,74,0.17265470325946808
3635,74,0.14808282256126404
3636,74,0.1361936628818512
3637,74,0.10276611149311066
3638,74,0.08929981291294098
3639,74,0.03974694758653641
3640,74,0.08455429971218109
3641,75,0.16577018797397614
3642,75,0.1890808492898941
3643,75,0.08757787197828293
3644,75,0.08490191400051117
3645,75,0.04352659732103348
3646,75,0.03591180220246315
3647,75,0.13804680109024048
3648,75,0.04236263036727905
3649,75,0.16855159401893616
3650,75,0.08508752286434174
3651,75,0.12852363288402557
3652,75,0.0690298080444336
3653,75,0.03742365539073944
3654,75,0.04398583620786667
3655,75,0.1012878343462944
3656,75,0.03987297788262367
3657,75,0.04200473427772522
3658,75,0.03889511153101921
3659,75,0.04623400419950485
3660,75,0.03622466325759888
3661,75,0.10391347855329514
3662,76,0.07166241109371185
3663,76,0.052803196012973785
3664,76,0.025945372879505157
3665,76,0.031897664070129395
3666,76,0.04688594490289688
3667,76,0.08286066353321075
3668,76,0.1881359964609146
3669,76,0.118951715528965
3670,76,0.026946982368826866
3671,76,0.07656870782375336
3672,76,0.12569759786128998
3673,76,0.018857285380363464
3674,76,0.04863898456096649
3675,76,0.052738454192876816
3676,76,0.09967488795518875
3677,76,0.062375858426094055
3678,76,0.18247011303901672
3679,76,0.015608320012688637
3680,76,0.024899814277887344
3681,76,0.08714703470468521
3682,76,0.1518242508172989
3683,76,0.08279542624950409
3684,76,0.026093805208802223
3685,76,0.03374775871634483
3686,76,0.1605352908372879
3687,76,0.08824371546506882
3688,77,0.0951053649187088
3689,77,0.02772120013833046
3690,77,0.13955044746398926
3691,77,0.09820772707462311
3692,77,0.02946491539478302
3693,77,0.13289959728717804
3694,77,0.08071213215589523
3695,77,0.1346246302127838
3696,77,0.020238680765032768
3697,77,0.045402124524116516
3698,77,0.029909512028098106
3699,77,0.07319637387990952
3700,77,0.054795801639556885
3701,77,0.025057613849639893
3702,77,0.1311180144548416
3703,77,0.02495330199599266
3704,77,0.03922544792294502
3705,77,0.054319802671670914
3706,77,0.04528017342090607
3707,77,0.08110422641038895
3708,77,0.1084173396229744
3709,77,0.08553507179021835
3710,77,0.03524195775389671
3711,77,0.04637531563639641
3712,77,0.0767870768904686
3713,77,0.10060133785009384
3714,77,0.050966259092092514
3715,77,0.04753255099058151
3716,78,0.07910743355751038
3717,78,0.15522202849388123
3718,78,0.04676598682999611
3719,78,0.08521193265914917
3720,78,0.18191826343536377
3721,78,0.13027863204479218
3722,78,0.1491219401359558
3723,78,0.02651159092783928
3724,78,0.03734004497528076
3725,78,0.12036451697349548
3726,78,0.0892842635512352
3727,78,0.025653144344687462
3728,78,0.08311310410499573
3729,78,0.028309142217040062
3730,78,0.03641817346215248
3731,78,0.03601574897766113
3732,78,0.10771756619215012
3733,78,0.024496350437402725
3734,78,0.05672822520136833
3735,78,0.0411837138235569
3736,78,0.08311162143945694
3737,78,0.15632866322994232
3738,78,0.09162580966949463
3739,78,0.15590129792690277
3740,78,0.17705173790454865
3741,78,0.131144180893898
3742,79,0.07501169294118881
3743,79,0.04093964025378227
3744,79,0.096523717045784
3745,79,0.042768336832523346
3746,79,0.08626247942447662
3747,79,0.0867224782705307
3748,79,0.16726484894752502
3749,79,0.07724757492542267
3750,79,0.03802445903420448
3751,79,0.15898355841636658
3752,79,0.16691334545612335
3753,79,0.0769379660487175
3754,79,0.10313104838132858
3755,79,0.17262741923332214
3756,80,0.05492672696709633
3757,80,0.06982173025608063
3758,80,0.12533161044120789
3759,80,0.04437468200922012
3760,80,0.09005758911371231
3761,80,0.10636477172374725
3762,80,0.09288300573825836
3763,80,0.13058458268642426
3764,80,0.0980818122625351
3765,80,0.05182359740138054
3766,80,0.030101314187049866
3767,80,0.060973942279815674
3768,80,0.13267897069454193
3769,80,0.060943927615880966
3770,80,0.044085681438446045
3771,80,0.11971116065979004
3772,80,0.10199994593858719
3773,80,0.028774891048669815
3774,80,0.06793171167373657
3775,80,0.04826390743255615
3776,80,0.12139640748500824
3777,80,0.09678046405315399
3778,80,0.07450452446937561
3779,80,0.08355972915887833
3780,80,0.08461274206638336
3781,80,0.056027352809906006
3782,80,0.0635780468583107
3783,81,0.21991756558418274
3784,81,0.21060876548290253
3785,81,0.03524297475814819
3786,81,0.13757869601249695
3787,81,0.0642579048871994
3788,81,0.045226145535707474
3789,81,0.05311170965433121
3790,81,0.02974613383412361
3791,81,0.053155362606048584
3792,81,0.07605354487895966
3793,81,0.10389145463705063
3794,81,0.057764682918787
3795,81,0.08727135509252548
3796,82,0.0362263061106205
3797,82,0.06552909314632416
3798,82,0.13244275748729706
3799,82,0.07386086136102676
3800,82,0.05003439635038376
3801,82,0.07375644147396088
3802,82,0.05999142676591873
3803,82,0.07694657146930695
3804,82,0.06643670797348022
3805,82,0.034357402473688126
3806,82,0.06142062321305275
3807,82,0.07841984182596207
3808,82,0.09296800196170807
3809,82,0.03143148124217987
3810,82,0.0658116489648819
3811,82,0.2030935436487198
3812,82,0.15906299650669098
3813,82,0.033762697130441666
3814,82,0.05487342178821564
3815,82,0.06903310865163803
3816,83,0.05904621258378029
3817,83,0.07673396170139313
3818,83,0.03915080055594444
3819,83,0.07632805407047272
3820,83,0.08176101744174957
3821,83,0.03999579697847366
3822,83,0.0849437341094017
3823,83,0.082634337246418
3824,83,0.09653253853321075
3825,83,0.05472825840115547
3826,83,0.03616314381361008
3827,83,0.10450991243124008
3828,83,0.03715357184410095
3829,83,0.104665108025074
3830,83,0.06510115414857864
3831,83,0.05476176366209984
3832,83,0.038994114845991135
3833,83,0.05663001909852028
3834,83,0.06450970470905304
3835,83,0.06871426850557327
3836,83,0.02311483398079872
3837,83,0.10403905063867569
3838,83,0.02338014356791973
3839,83,0.1055612564086914
3840,83,0.06380794197320938
3841,83,0.0985536128282547
3842,83,0.048057444393634796
3843,83,0.06964538246393204
3844,83,0.13298052549362183
3845,83,0.12465069442987442
3846,83,0.06395508348941803
3847,83,0.043029382824897766
3848,83,0.06678922474384308
3849,84,0.14816410839557648
3850,84,0.05322664603590965
3851,84,0.05202476680278778
3852,84,0.041640397161245346
3853,84,0.03605019301176071
3854,84,0.04810626432299614
3855,84,0.05038878321647644
3856,84,0.03991043195128441
3857,84,0.03031463548541069
3858,84,0.11969225853681564
3859,84,0.037365466356277466
3860,84,0.0888577550649643
3861,84,0.07238534837961197
3862,84,0.043742336332798004
3863,84,0.08649538457393646
3864,84,0.025650152936577797
3865,84,0.0799168050289154
3866,84,0.04055003821849823
3867,84,0.06806331872940063
3868,84,0.1811203807592392
3869,84,0.057214125990867615
3870,84,0.07682233303785324
3871,84,0.09327790141105652
3872,84,0.15357226133346558
3873,84,0.030930031090974808
3874,84,0.052488602697849274
3875,84,0.07611126452684402
3876,84,0.09124436974525452
3877,85,0.053827300667762756
3878,85,0.048987410962581635
3879,85,0.08156797289848328
3880,85,0.04024006798863411
3881,85,0.06121908500790596
3882,85,0.07452449947595596
3883,85,0.053828492760658264
3884,85,0.07225939631462097
3885,85,0.07138636708259583
3886,85,0.19321846961975098
3887,85,0.07639904320240021
3888,85,0.08312329649925232
3889,85,0.06033218279480934
3890,85,0.045663245022296906
3891,85,0.09520401060581207
3892,85,0.04612918943166733
3893,85,0.08563624322414398
3894,85,0.1150270402431488
3895,85,0.11979755014181137
3896,85,0.0754665657877922
3897,85,0.117546945810318
3898,85,0.09210063517093658
3899,85,0.13412469625473022
3900,85,0.045745059847831726
3901,85,0.10133640468120575
3902,85,0.04549894481897354
3903,85,0.044501982629299164
3904,85,0.08706807345151901
3905,86,0.036961618810892105
3906,86,0.04757360368967056
3907,86,0.16073428094387054
3908,86,0.09750397503376007
3909,86,0.11809270828962326
3910,86,0.10667548328638077
3911,86,0.10206255316734314
3912,86,0.07615871727466583
3913,86,0.09847842156887054
3914,86,0.14155186712741852
3915,86,0.09295383840799332
3916,86,0.038435034453868866
3917,86,0.13938277959823608
3918,86,0.1052452027797699
3919,86,0.0312797948718071
3920,86,0.07435920834541321
3921,86,0.1955595314502716
3922,86,0.15121868252754211
3923,86,0.15183612704277039
3924,86,0.12122137099504471
3925,86,0.09367385506629944
3926,86,0.1254701018333435
3927,87,0.08678388595581055
3928,87,0.03383143991231918
3929,87,0.11808881163597107
3930,87,0.07247453182935715
3931,87,0.07110045850276947
3932,87,0.05933611840009689
3933,87,0.15025115013122559
3934,87,0.08705968409776688
3935,87,0.09751486033201218
3936,87,0.08077137917280197
3937,87,0.08674310147762299
3938,87,0.036361921578645706
3939,88,0.05434929579496384
3940,88,0.06684013456106186
3941,88,0.04576742649078369
3942,88,0.07668187469244003
3943,88,0.037203527987003326
3944,88,0.13780374825000763
3945,88,0.06586567312479019
3946,88,0.06040678545832634
3947,88,0.02955794334411621
3948,88,0.043172840029001236
3949,88,0.12387344241142273
3950,88,0.06925944238901138
3951,88,0.08401031792163849
3952,88,0.029202090576291084
3953,88,0.026199759915471077
3954,88,0.11490199714899063
3955,88,0.09670916199684143
3956,88,0.1328081488609314
3957,88,0.07301843911409378
3958,88,0.10334435105323792
3959,88,0.040911994874477386
3960,89,0.29619693756103516
3961,89,0.045432720333337784
3962,89,0.05553580820560455
3963,89,0.10228180140256882
3964,89,0.04401954263448715
3965,89,0.09663290530443192
3966,89,0.09519173949956894
3967,89,0.13541574776172638
3968,89,0.10847759246826172
3969,89,0.061855997890233994
3970,89,0.13734972476959229
3971,89,0.06239398196339607
3972,89,0.029736075550317764
3973,89,0.1205039694905281
3974,89,0.03219177573919296
3975,89,0.11621366441249847
3976,89,0.053132813423871994
3977,89,0.08998217433691025
3978,89,0.08678685128688812
3979,89,0.06484316289424896
3980,89,0.03413883596658707
3981,89,0.17648673057556152
3982,89,0.07228744775056839
3983,89,0.052766479551792145
3984,89,0.027155835181474686
3985,89,0.03331094607710838
3986,89,0.06937535107135773
3987,89,0.11859439313411713
3988,89,0.09398236125707626
3989,90,0.11735789477825165
3990,90,0.03616590052843094
3991,90,0.14600016176700592
3992,90,0.07018646597862244
3993,90,0.04223791882395744
3994,90,0.033974967896938324
3995,90,0.20381934940814972
3996,90,0.1224837526679039
3997,90,0.09143723547458649
3998,90,0.050882488489151
3999,90,0.05825537070631981
4000,90,0.07783353328704834
4001,90,0.15847739577293396
4002,90,0.13823486864566803
4003,90,0.08603907376527786
4004,90,0.06582186371088028
4005,91,0.07133504748344421
4006,91,0.04553436487913132
4007,91,0.04962211847305298
4008,91,0.040855251252651215
4009,91,0.09630490839481354
4010,91,0.08169552683830261
4011,91,0.06807219982147217
4012,91,0.12934686243534088
4013,91,0.14038124680519104
4014,91,0.10068083554506302
4015,91,0.027996079996228218
4016,91,0.06597679108381271
4017,91,0.11387071013450623
4018,91,0.03280719369649887
4019,91,0.09261903911828995
4020,91,0.04323001950979233
4021,91,0.12603677809238434
4022,91,0.07687866687774658
4023,91,0.08952119946479797
4024,91,0.0794965848326683
4025,91,0.04944603890180588
4026,91,0.06262792646884918
4027,91,0.027476755902171135
4028,91,0.04959624260663986
4029,91,0.07988428324460983
4030,91,0.06911194324493408
4031,91,0.07885424792766571
4032,91,0.09565512090921402
4033,91,0.03727959468960762
4034,91,0.06714624166488647
4035,91,0.15820500254631042
4036,91,0.05132667347788811
4037,91,0.037897463887929916
4038,91,0.06757287681102753
4039,92,0.08185666054487228
4040,92,0.05039520561695099
4041,92,0.05756884440779686
4042,92,0.0957343727350235
4043,92,0.06397858262062073
4044,92,0.09011680632829666
4045,92,0.04975845292210579
4046,92,0.08359652012586594
4047,92,0.04205719381570816
4048,92,0.03104500100016594
4049,92,0.10967060923576355
4050,92,0.13139957189559937
4051,92,0.09129886329174042
4052,92,0.05461078882217407
4053,92,0.13399870693683624
4054,92,0.08823288232088089
4055,92,0.06060115247964859
4056,92,0.0624147467315197
4057,92,0.08597886562347412
4058,92,0.05277048423886299
4059,92,0.12725411355495453
4060,92,0.05275547504425049
4061,92,0.09355325996875763
4062,92,0.05066439509391785
4063,93,0.0796811506152153
4064,93,0.11501290649175644
4065,93,0.054340943694114685
4066,93,0.03204965591430664
4067,93,0.05225074663758278
4068,93,0.0355909988284111
4069,93,0.09607317298650742
4070,93,0.07004587352275848
4071,93,0.10561948269605637
4072,93,0.06684999912977219
4073,93,0.04286611080169678
4074,93,0.04358094930648804
4075,93,0.03575267642736435
4076,93,0.03095243126153946
4077,93,0.06733574718236923
4078,93,0.09228292107582092
4079,94,0.04744398593902588
4080,94,0.05443141609430313
4081,94,0.11489614844322205
4082,94,0.0484403595328331
4083,94,0.07490848004817963
4084,94,0.05603092536330223
4085,94,0.0823247879743576
4086,94,0.04051085561513901
4087,94,0.04208611324429512
4088,94,0.045915789902210236
4089,94,0.025209998711943626
4090,94,0.07328560948371887
4091,94,0.07566191256046295
4092,94,0.07083947956562042
4093,94,0.03359011560678482
4094,94,0.14379876852035522
4095,94,0.1113898903131485
4096,94,0.07584404200315475
4097,94,0.0332324244081974
4098,94,0.06590987741947174
4099,95,0.05156130716204643
4100,95,0.16110868752002716
4101,95,0.044856611639261246
4102,95,0.12332937866449356
4103,95,0.07847599685192108
4104,95,0.09608864784240723
4105,95,0.0414770133793354
4106,95,0.06630059331655502
4107,95,0.055267028510570526
4108,95,0.060633983463048935
4109,95,0.040744319558143616
4110,95,0.034543585032224655
4111,95,0.04066583886742592
4112,95,0.07632090151309967
4113,95,0.15261869132518768
4114,95,0.0559210367500782
4115,95,0.07699701189994812
4116,95,0.0375218540430069
4117,95,0.0750901848077774
4118,95,0.0671641156077385
4119,95,0.09183566272258759
4120,95,0.07142931967973709
4121,95,0.09827457368373871
4122,95,0.029176896438002586
4123,95,0.04635907709598541
4124,95,0.037879109382629395
4125,95,0.0619988888502121
4126,95,0.025081727653741837
4127,95,0.06603282690048218
4128,95,0.12687024474143982
4129,95,0.07243049144744873
4130,95,0.04147082939743996
4131,95,0.09007906168699265
4132,95,0.059792183339595795
4133,95,0.03839457035064697
4134,95,0.03104439377784729
4135,95,0.0772838145494461
4136,95,0.025257624685764313
4137,95,0.04325389117002487
4138,95,0.06270293891429901
4139,95,0.061699144542217255
4140,96,0.07374200969934464
4141,96,0.07980191707611084
4142,96,0.06361796706914902
4143,96,0.0686209425330162
4144,96,0.02663744054734707
4145,96,0.07294776290655136
4146,96,0.060696300119161606
4147,96,0.06855080276727676
4148,96,0.058318715542554855
4149,96,0.06500262022018433
4150,96,0.055510278791189194
4151,96,0.033093761652708054
4152,96,0.08023642003536224
4153,96,0.05829593911767006
4154,96,0.08844076097011566
4155,96,0.09698142856359482
4156,96,0.045564066618680954
4157,96,0.07024708390235901
4158,96,0.027401767671108246
4159,96,0.11986301094293594
4160,96,0.07855141162872314
4161,97,0.06359322369098663
4162,97,0.08760160952806473
4163,97,0.0696665570139885
4164,97,0.10561346262693405
4165,97,0.06557026505470276
4166,97,0.05766685679554939
4167,97,0.0710207149386406
4168,97,0.0684552863240242
4169,97,0.051735974848270416
4170,97,0.05175003781914711
4171,97,0.02507917396724224
4172,97,0.05981223285198212
4173,97,0.055538564920425415
4174,97,0.05003584548830986
4175,97,0.08260758966207504
4176,97,0.0786612257361412
4177,97,0.03267490118741989
4178,98,0.07183388620615005
4179,98,0.058039963245391846
4180,98,0.06213811784982681
4181,98,0.0804295763373375
4182,98,0.0900457426905632
4183,98,0.09908097982406616
4184,98,0.11123237758874893
4185,98,0.09379244595766068
4186,98,0.0713224783539772
4187,98,0.10579783469438553
4188,98,0.07272987067699432
4189,98,0.02725626341998577
4190,98,0.07963675260543823
4191,98,0.050274476408958435
4192,98,0.09087381511926651
4193,98,0.06779573112726212
4194,98,0.032127540558576584
4195,98,0.07355204224586487
4196,99,0.04756303131580353
4197,99,0.04471023008227348
4198,99,0.04222802072763443
4199,99,0.10057858377695084
4200,99,0.0711403414607048
4201,99,0.03800642862915993
4202,99,0.0417063869535923
4203,99,0.07499546557664871
4204,99,0.028536099940538406
4205,99,0.06287386268377304
4206,99,0.13381227850914001
4207,99,0.03763003647327423
4208,99,0.08485139906406403
4209,99,0.09694155305624008
4210,99,0.1355384886264801
4211,99,0.02875642292201519
4212,99,0.11503807455301285
4213,99,0.09183530509471893
4214,100,0.04261583462357521
4215,100,0.0886325091123581
4216,100,0.03385050222277641
4217,100,0.08953158557415009
4218,100,0.06743917614221573
4219,100,0.08947648853063583
4220,100,0.03664443641901016
4221,100,0.06817364692687988
4222,100,0.08870073407888412
4223,100,0.023630421608686447
4224,100,0.051176249980926514
4225,100,0.04147184267640114
4226,100,0.07953546941280365
4227,100,0.05040959268808365
4228,100,0.14652961492538452
4229,100,0.09745088964700699
4230,100,0.0561775341629982
4231,100,0.1334022432565689
4232,100,0.04414531961083412
4233,100,0.034919243305921555
4234,100,0.09251712262630463
4235,101,0.0823843851685524
4236,101,0.0488869771361351
4237,101,0.03601297736167908
4238,101,0.07631678134202957
4239,101,0.07807494699954987
4240,101,0.0833497866988182
4241,101,0.09435158967971802
4242,101,0.077850341796875
4243,101,0.07231391966342926
4244,101,0.03237926959991455
4245,101,0.07509079575538635
4246,101,0.06372521817684174
4247,101,0.09428557753562927
4248,101,0.051364872604608536
4249,101,0.033603742718696594
4250,101,0.0405520498752594
4251,101,0.22547052800655365
4252,101,0.2108619511127472
4253,102,0.05794275179505348
4254,102,0.12080562859773636
4255,102,0.1208663061261177
4256,102,0.13209883868694305
4257,102,0.055489227175712585
4258,102,0.06460227817296982
4259,102,0.051892705261707306
4260,102,0.05504385009407997
4261,102,0.0672687292098999
4262,102,0.05860917270183563
4263,102,0.07236603647470474
4264,102,0.07395265251398087
4265,102,0.08895188570022583
4266,102,0.08798448741436005
4267,102,0.055665258318185806
4268,102,0.07597461342811584
4269,102,0.08226355165243149
4270,102,0.098658986389637
4271,102,0.09370966255664825
4272,102,0.06756274402141571
4273,102,0.057118117809295654
4274,102,0.047239724546670914
4275,102,0.054607901722192764
4276,102,0.04599156975746155
4277,103,0.04188700392842293
4278,103,0.05593080818653107
4279,103,0.06480817496776581
4280,103,0.06245843321084976
4281,103,0.11351507157087326
4282,103,0.06596255302429199
4283,103,0.09681032598018646
4284,103,0.04388628900051117
4285,103,0.04334279149770737
4286,103,0.05862870067358017
4287,103,0.03660435974597931
4288,103,0.061183325946331024
4289,103,0.049065977334976196
4290,103,0.055270977318286896
4291,103,0.06824995577335358
4292,103,0.07449265569448471
4293,103,0.06783086061477661
4294,103,0.04394941031932831
4295,103,0.07565636932849884
4296,103,0.07921107113361359
4297,103,0.09596878290176392
4298,103,0.07631541788578033
4299,103,0.05001268908381462
4300,103,0.045691318809986115
4301,103,0.07999826967716217
4302,103,0.04644490033388138
4303,103,0.1260213702917099
4304,103,0.0752566009759903
4305,103,0.09113045036792755
4306,103,0.05105499550700188
4307,103,0.05875089764595032
4308,103,0.04962217062711716
4309,103,0.11471825838088989
4310,103,0.06081702560186386
4311,104,0.051114797592163086
4312,104,0.04768988490104675
4313,104,0.07305380702018738
4314,104,0.06674280762672424
4315,104,0.15508145093917847
4316,104,0.03924643620848656
4317,104,0.03401658311486244
4318,104,0.030367594212293625
4319,104,0.07451804727315903
4320,104,0.06549826264381409
4321,104,0.05123363807797432
4322,104,0.045363832265138626
4323,104,0.06922365725040436
4324,104,0.0491323247551918
4325,104,0.04603947326540947
4326,104,0.051330387592315674
4327,105,0.031124107539653778
4328,105,0.03650983050465584
4329,105,0.0575033500790596
4330,105,0.08026953786611557
4331,105,0.05858323723077774
4332,105,0.02614818513393402
4333,105,0.08170124888420105
4334,105,0.08005830645561218
4335,105,0.09581062942743301
4336,105,0.06347653269767761
4337,105,0.045855920761823654
4338,105,0.03725310042500496
4339,105,0.04242125153541565
4340,105,0.06727199256420135
4341,105,0.029295623302459717
4342,105,0.03293333947658539
4343,105,0.07559112459421158
4344,105,0.05026978626847267
4345,105,0.03586514666676521
4346,105,0.05532456561923027
4347,105,0.033533141016960144
4348,106,0.04642341285943985
4349,106,0.05616558715701103
4350,106,0.06460271775722504
4351,106,0.06805241107940674
4352,106,0.04654683545231819
4353,106,0.05205968767404556
4354,106,0.04104948788881302
4355,106,0.08311096578836441
4356,106,0.0651366338133812
4357,106,0.05147605389356613
4358,106,0.040549829602241516
4359,106,0.05104070156812668
4360,106,0.026230232790112495
4361,106,0.07765468955039978
4362,106,0.04625077173113823
4363,106,0.12866616249084473
4364,106,0.03399289771914482
4365,106,0.06759648770093918
4366,106,0.05613057315349579
4367,106,0.05424211919307709
4368,107,0.06113409623503685
4369,107,0.06321456283330917
4370,107,0.02681615576148033
4371,107,0.040810104459524155
4372,107,0.03790048509836197
4373,107,0.07133842259645462
4374,107,0.0710667297244072
4375,107,0.06605920195579529
4376,107,0.043270789086818695
4377,107,0.04005563631653786
4378,107,0.02484036050736904
4379,107,0.023075297474861145
4380,107,0.06975302845239639
4381,107,0.1475169062614441
4382,107,0.058463118970394135
4383,107,0.04559638351202011
4384,107,0.055211734026670456
4385,107,0.03324936702847481
4386,107,0.0338374599814415
4387,107,0.08217794448137283
4388,107,0.030628569424152374
4389,107,0.05070699751377106
4390,107,0.06889389455318451
4391,108,0.04731681942939758
4392,108,0.02845335379242897
4393,108,0.07445663213729858
4394,108,0.03315756469964981
4395,108,0.0669754296541214
4396,108,0.028026165440678596
4397,108,0.06310244649648666
4398,108,0.05584114417433739
4399,109,0.04357507824897766
4400,109,0.0463656447827816
4401,109,0.053797632455825806
4402,109,0.022435691207647324
4403,109,0.034226588904857635
4404,109,0.10235963761806488
4405,109,0.03778213635087013
4406,109,0.023187490180134773
4407,109,0.061639606952667236
4408,109,0.039451248943805695
4409,109,0.03585279360413551
4410,109,0.11579498648643494
4411,109,0.07425802946090698
4412,109,0.08142157644033432
4413,109,0.03741560876369476
4414,109,0.03633102774620056
4415,109,0.040307559072971344
4416,109,0.03819149360060692
4417,109,0.05666260048747063
4418,109,0.04304796829819679
4419,109,0.04687854275107384
4420,109,0.028507715091109276
4421,109,0.03680514171719551
4422,109,0.03493732959032059
4423,109,0.03853358328342438
4424,110,0.040230412036180496
4425,110,0.0471249595284462
4426,110,0.04007158800959587
4427,110,0.04900249466300011
4428,110,0.03958918899297714
4429,110,0.05298832431435585
4430,110,0.04897254705429077
4431,110,0.05501605570316315
4432,110,0.03254871070384979
4433,110,0.0841735303401947
4434,110,0.06505616754293442
4435,110,0.06808823347091675
4436,110,0.040990881621837616
4437,110,0.08250147849321365
4438,110,0.0678047239780426
4439,110,0.036135394126176834
4440,111,0.051313310861587524
4441,111,0.05056031793355942
4442,111,0.034736599773168564
4443,111,0.11800883710384369
4444,111,0.07343713194131851
4445,111,0.029008682817220688
4446,111,0.06817558407783508
4447,111,0.030881796032190323
4448,111,0.061405956745147705
4449,111,0.03134559467434883
4450,111,0.07608865946531296
4451,111,0.06545472890138626
4452,111,0.04368143528699875
4453,111,0.07224166393280029
4454,111,0.027380969375371933
4455,111,0.06376905739307404
4456,111,0.050754547119140625
4457,111,0.026738587766885757
4458,111,0.061987996101379395
4459,111,0.07997602224349976
4460,112,0.09750650823116302
4461,112,0.03640619292855263
4462,112,0.08812876790761948
4463,112,0.05444257706403732
4464,112,0.08187012374401093
4465,112,0.08133048564195633
4466,112,0.03343399986624718
4467,112,0.0667862743139267
4468,112,0.06802236288785934
4469,112,0.04468996822834015
4470,112,0.12820088863372803
4471,112,0.10033561289310455
4472,112,0.036123186349868774
4473,112,0.050383780151605606
4474,112,0.06063525006175041
4475,112,0.0786488726735115
4476,112,0.04935629293322563
4477,112,0.033498961478471756
4478,112,0.035036828368902206
4479,112,0.027697928249835968
4480,112,0.045430153608322144
4481,112,0.04163782671093941
4482,112,0.058076146990060806
4483,112,0.03432584926486015
4484,113,0.043834179639816284
4485,113,0.07412465661764145
4486,113,0.04451135918498039
4487,113,0.07415388524532318
4488,113,0.05897773057222366
4489,113,0.03949519619345665
4490,113,0.03086620755493641
4491,113,0.03105594404041767
4492,113,0.06706209480762482
4493,113,0.05728915333747864
4494,113,0.040372200310230255
4495,113,0.03674013540148735
4496,113,0.03988059237599373
4497,113,0.05667013302445412
4498,113,0.05702425166964531
4499,113,0.06882531940937042
4500,113,0.06008709594607353
4501,113,0.18398958444595337
4502,113,0.10006774961948395
4503,113,0.07061408460140228
4504,114,0.16861262917518616
4505,114,0.08011894673109055
4506,114,0.134164959192276
4507,114,0.06915333122015
4508,114,0.07707227021455765
4509,114,0.09614812582731247
4510,114,0.09741763770580292
4511,114,0.11855129152536392
4512,114,0.04076758772134781
4513,114,0.06845321506261826
4514,114,0.10373587161302567
4515,114,0.07795443385839462
4516,114,0.07161033898591995
4517,114,0.0556076355278492
4518,114,0.07013452053070068
4519,114,0.08236335217952728
4520,114,0.055221281945705414
4521,114,0.02509976550936699
4522,114,0.03180750086903572
4523,115,0.05690501630306244
4524,115,0.07143078744411469
4525,115,0.04569718986749649
4526,115,0.06645897030830383
4527,115,0.055397357791662216
4528,115,0.06438849866390228
4529,115,0.051262933760881424
4530,115,0.04735083132982254
4531,115,0.06393264979124069
4532,115,0.048203542828559875
4533,115,0.031611453741788864
4534,115,0.06530088186264038
4535,115,0.0710352435708046
4536,115,0.045107752084732056
4537,115,0.06170497089624405
4538,115,0.04465353861451149
4539,115,0.036133915185928345
4540,115,0.0426657572388649
4541,115,0.061499424278736115
4542,115,0.06844911724328995
4543,116,0.060951828956604004
4544,116,0.04940462484955788
4545,116,0.054569926112890244
4546,116,0.0648837760090828
4547,116,0.05383973568677902
4548,116,0.027867266908288002
4549,116,0.04134764149785042
4550,116,0.035069555044174194
4551,116,0.05131670832633972
4552,116,0.034490909427404404
4553,116,0.04019509255886078
4554,116,0.051358532160520554
4555,116,0.03149552270770073
4556,116,0.023798588663339615
4557,116,0.05631835013628006
4558,116,0.06906002014875412
4559,116,0.03502104431390762
4560,116,0.05200698971748352
4561,116,0.03659242391586304
4562,116,0.06774117052555084
4563,116,0.11417372524738312
4564,116,0.07396162301301956
4565,116,0.03486422449350357
4566,116,0.03143278509378433
4567,116,0.04132246971130371
4568,116,0.022144824266433716
4569,117,0.051680371165275574
4570,117,0.05158199742436409
4571,117,0.045722682029008865
4572,117,0.06831678003072739
4573,117,0.041108034551143646
4574,117,0.03582647442817688
4575,117,0.04016399011015892
4576,117,0.0631364956498146
4577,117,0.027898823842406273
4578,117,0.03335444629192352
4579,117,0.06968894600868225
4580,117,0.02408263087272644
4581,117,0.051122620701789856
4582,117,0.026822352781891823
4583,118,0.05404083430767059
4584,118,0.06562833487987518
4585,118,0.0616789348423481
4586,118,0.04104755073785782
4587,118,0.037649840116500854
4588,118,0.05944371595978737
4589,118,0.04230031743645668
4590,118,0.045887887477874756
4591,118,0.03875444829463959
4592,118,0.03283974900841713
4593,118,0.0952722355723381
4594,118,0.04112899303436279
4595,118,0.1239200234413147
4596,118,0.03984374925494194
4597,118,0.043037183582782745
4598,119,0.06254274398088455
4599,119,0.07373841106891632
4600,119,0.0438900962471962
4601,119,0.03612026199698448
4602,119,0.04494569078087807
4603,119,0.046293746680021286
4604,119,0.02780570089817047
4605,119,0.05605662614107132
4606,119,0.05364450067281723
4607,119,0.05306880548596382
4608,119,0.03278800845146179
4609,119,0.05894859880208969
4610,119,0.037742845714092255
4611,119,0.042326249182224274
4612,119,0.041267555207014084
4613,119,0.06469173729419708
4614,119,0.03270960971713066
4615,119,0.05563586205244064
4616,120,0.024235056713223457
4617,120,0.036666885018348694
4618,120,0.046955350786447525
4619,120,0.039217159152030945
4620,120,0.04834512248635292
4621,120,0.07125027477741241
4622,120,0.041412048041820526
4623,120,0.02487356588244438
4624,120,0.022859027609229088
4625,120,0.03122853860259056
4626,120,0.040619052946567535
4627,120,0.06900650262832642
4628,120,0.030261022970080376
4629,120,0.05545274540781975
4630,120,0.02969898283481598
4631,120,0.03475291654467583
4632,120,0.031045444309711456
4633,121,0.04254849627614021
4634,121,0.023913679644465446
4635,121,0.023870520293712616
4636,121,0.03161215782165527
4637,121,0.022409582510590553
4638,121,0.03893807902932167
4639,121,0.03449070081114769
4640,121,0.03374997526407242
4641,121,0.03154831752181053
4642,121,0.04592885822057724
4643,121,0.052080512046813965
4644,121,0.028001846745610237
4645,121,0.019351545721292496
4646,121,0.07012908160686493
4647,121,0.05253491923213005
4648,122,0.09430532157421112
4649,122,0.033622968941926956
4650,122,0.045203570276498795
4651,122,0.038539059460163116
4652,122,0.04133693873882294
4653,122,0.04263016954064369
4654,122,0.07927802950143814
4655,122,0.09647877514362335
4656,122,0.09711617976427078
4657,122,0.05136847496032715
4658,122,0.06720277667045593
4659,122,0.03700012341141701
4660,122,0.03574009984731674
4661,122,0.05288003385066986
4662,122,0.056046515703201294
4663,122,0.06999991834163666
4664,122,0.055406443774700165
4665,122,0.04317142069339752
4666,122,0.029399767518043518
4667,122,0.032879285514354706
4668,123,0.05431488901376724
4669,123,0.044910673052072525
4670,123,0.03210935741662979
4671,123,0.08442119508981705
4672,123,0.06523355096578598
4673,123,0.04442755505442619
4674,123,0.04711521044373512
4675,123,0.04181670770049095
4676,123,0.02382308803498745
4677,123,0.030327025800943375
4678,123,0.05404919013381004
4679,123,0.029414286836981773
4680,123,0.03073328733444214
4681,123,0.05715341866016388
4682,124,0.041568852961063385
4683,124,0.07754205912351608
4684,124,0.033550962805747986
4685,124,0.03688349947333336
4686,124,0.0663449615240097
4687,124,0.0748891830444336
4688,124,0.04322586953639984
4689,124,0.03779900446534157
4690,124,0.05503528565168381
4691,124,0.03593798354268074
4692,124,0.03876860439777374
4693,124,0.0687536671757698
4694,124,0.038037970662117004
4695,124,0.04169062525033951
4696,124,0.024466626346111298
4697,124,0.03410976007580757
4698,124,0.03799569234251976
4699,124,0.03852764517068863
4700,125,0.03202421963214874
4701,125,0.04253294691443443
4702,125,0.04259179159998894
4703,125,0.07074820250272751
4704,125,0.06643417477607727
4705,125,0.05472021549940109
4706,125,0.06182552129030228
4707,125,0.08317071944475174
4708,125,0.026791555806994438
4709,125,0.029268573969602585
4710,125,0.049457527697086334
4711,126,0.03302235156297684
4712,126,0.041934721171855927
4713,126,0.04258682578802109
4714,126,0.042389340698719025
4715,126,0.07003980875015259
4716,126,0.0609874501824379
4717,126,0.02512255869805813
4718,126,0.041363198310136795
4719,126,0.03919122368097305
4720,127,0.04808605834841728
4721,127,0.02826959453523159
4722,127,0.026821918785572052
4723,127,0.051480453461408615
4724,127,0.051802292466163635
4725,127,0.022459542378783226
4726,127,0.06763450801372528
4727,127,0.02003241516649723
4728,127,0.06798576563596725
4729,127,0.04569702968001366
4730,127,0.03867128863930702
4731,127,0.03452898934483528
4732,127,0.03502087667584419
4733,127,0.03359333425760269
4734,127,0.025059932842850685
4735,127,0.07869498431682587
4736,127,0.05478706210851669
4737,127,0.046978916972875595
4738,127,0.03760409355163574
4739,127,0.05321276932954788
4740,127,0.02830405905842781
4741,128,0.056525278836488724
4742,128,0.06192109361290932
4743,128,0.03883086517453194
4744,128,0.0779401883482933
4745,128,0.035063110291957855
4746,128,0.04183197766542435
4747,128,0.04993435740470886
4748,128,0.04842072352766991
4749,128,0.04581291973590851
4750,128,0.02929661050438881
4751,128,0.126935675740242
4752,128,0.09547412395477295
4753,128,0.0601402185857296
4754,128,0.1285753697156906
4755,128,0.11588636785745621
4756,128,0.07827912271022797
4757,128,0.07482289522886276
4758,129,0.08692827820777893
4759,129,0.08583401143550873
4760,129,0.0648723840713501
4761,129,0.048004914075136185
4762,129,0.061238452792167664
4763,129,0.06796413660049438
4764,129,0.08438795059919357
4765,129,0.06913955509662628
4766,129,0.04641877859830856
4767,129,0.04424961656332016
4768,129,0.06318502873182297
4769,129,0.07259384542703629
4770,129,0.06070344150066376
4771,129,0.03943575918674469
4772,129,0.08450105041265488
4773,129,0.04851918667554855
4774,129,0.057136114686727524
4775,129,0.06558336317539215
4776,129,0.0631684735417366
4777,129,0.04652010276913643
4778,129,0.03315833583474159
4779,129,0.03322955593466759
4780,129,0.06284689903259277
4781,129,0.02972985804080963
4782,129,0.040794290602207184
4783,130,0.05140654742717743
4784,130,0.04010261967778206
4785,130,0.0475858710706234
4786,130,0.03546716272830963
4787,130,0.038364607840776443
4788,130,0.05118458345532417
4789,130,0.03565099462866783
4790,130,0.04858553409576416
4791,130,0.05347692221403122
4792,130,0.03839094564318657
4793,130,0.05157039687037468
4794,130,0.05352574586868286
4795,130,0.039347659796476364
4796,130,0.06121637299656868
4797,130,0.028634466230869293
4798,130,0.04801810532808304
4799,130,0.03675633296370506
4800,130,0.026118937879800797
4801,130,0.07072010636329651
4802,130,0.03966032713651657
4803,131,0.026463443413376808
4804,131,0.044105954468250275
4805,131,0.042090125381946564
4806,131,0.038894884288311005
4807,131,0.05173058807849884
4808,131,0.05214524269104004
4809,131,0.05481000989675522
4810,131,0.04472542926669121
4811,131,0.04121611267328262
4812,131,0.04028848558664322
4813,131,0.06096048653125763
4814,131,0.031200449913740158
4815,131,0.05406900867819786
4816,131,0.03928280621767044
4817,131,0.03152017667889595
4818,131,0.02228093333542347
4819,131,0.037467289716005325
4820,132,0.04338204115629196
4821,132,0.07826632261276245
4822,132,0.023438815027475357
4823,132,0.02279583178460598
4824,132,0.04225926101207733
4825,132,0.07767100632190704
4826,132,0.029700467362999916
4827,132,0.036203209310770035
4828,132,0.04585559666156769
4829,132,0.04324875399470329
4830,132,0.07017269730567932
4831,132,0.059167008846998215
4832,132,0.04940032958984375
4833,132,0.03488766774535179
4834,133,0.024592697620391846
4835,133,0.03321893513202667
4836,133,0.04446372389793396
4837,133,0.04092777520418167
4838,133,0.03352653607726097
4839,133,0.03131381422281265
4840,133,0.07731885462999344
4841,133,0.039849910885095596
4842,133,0.028480220586061478
4843,133,0.059316106140613556
4844,133,0.07047517597675323
4845,133,0.028768302872776985
4846,133,0.05392102152109146
4847,133,0.03883717581629753
4848,133,0.06178893893957138
4849,133,0.03510911762714386
4850,133,0.03618399053812027
4851,133,0.05092021822929382
4852,133,0.03890078514814377
4853,133,0.10725077241659164
4854,133,0.03706537187099457
4855,133,0.04395952448248863
4856,133,0.07587653398513794
4857,133,0.031234879046678543
4858,133,0.05293121933937073
4859,134,0.04732518270611763
4860,134,0.06626065075397491
4861,134,0.04780616983771324
4862,134,0.0679314061999321
4863,134,0.03357215225696564
4864,134,0.052173905074596405
4865,134,0.04024536907672882
4866,134,0.06720120459794998
4867,135,0.02376500330865383
4868,135,0.04097488150000572
4869,135,0.02864041179418564
4870,135,0.06330515444278717
4871,135,0.0675930604338646
4872,135,0.026165194809436798
4873,135,0.03899234160780907
4874,135,0.06640486419200897
4875,135,0.03708936646580696
4876,135,0.03736060857772827
4877,135,0.04819729924201965
4878,135,0.04202951490879059
4879,135,0.07744531333446503
4880,135,0.038256652653217316
4881,135,0.03921804204583168
4882,135,0.04351204261183739
4883,135,0.034620922058820724
4884,135,0.06693147122859955
4885,135,0.04201790317893028
4886,135,0.0650053471326828
4887,135,0.0449426993727684
4888,135,0.042084481567144394
4889,136,0.027433056384325027
4890,136,0.049037158489227295
4891,136,0.06977291405200958
4892,136,0.022436387836933136
4893,136,0.07991723716259003
4894,136,0.0556945726275444
4895,136,0.027371443808078766
4896,136,0.0637425109744072
4897,136,0.06152096018195152
4898,136,0.04238908365368843
4899,136,0.04386831074953079
4900,136,0.0673532634973526
4901,136,0.05873701348900795
4902,136,0.04501811042428017
4903,136,0.08741605281829834
4904,137,0.03667826950550079
4905,137,0.04428455978631973
4906,137,0.03525508940219879
4907,137,0.04049002006649971
4908,137,0.06608013808727264
4909,137,0.027369147166609764
4910,137,0.04387182369828224
4911,137,0.06054959446191788
4912,137,0.050048116594552994
4913,137,0.056859422475099564
4914,137,0.028054753318428993
4915,137,0.08220651000738144
4916,137,0.030088108032941818
4917,137,0.0374942421913147
4918,137,0.02948262356221676
4919,137,0.0436115562915802
4920,137,0.044938184320926666
4921,138,0.05910101160407066
4922,138,0.02989351376891136
4923,138,0.029964838176965714
4924,138,0.05412502959370613
4925,138,0.04940272867679596
4926,138,0.02375440113246441
4927,138,0.04303181543946266
4928,138,0.06630265712738037
4929,138,0.04860454052686691
4930,138,0.05063493549823761
4931,138,0.04456920549273491
4932,138,0.04228516295552254
4933,138,0.05083955079317093
4934,138,0.02907506376504898
4935,138,0.030404403805732727
4936,138,0.04804224893450737
4937,138,0.042630407959222794
4938,138,0.04334022104740143
4939,138,0.032209575176239014
4940,139,0.02804516814649105
4941,139,0.05722799152135849
4942,139,0.04121977463364601
4943,139,0.026171114295721054
4944,139,0.04274221509695053
4945,139,0.03626837581396103
4946,139,0.056390102952718735
4947,139,0.02910444140434265
4948,139,0.04203975573182106
4949,139,0.05449116230010986
4950,139,0.0307132788002491
4951,139,0.033569205552339554
4952,139,0.03323347121477127
4953,139,0.09544935822486877
4954,139,0.038438357412815094
4955,139,0.05838730186223984
4956,139,0.07025142014026642
4957,139,0.062150489538908005
4958,139,0.05183226615190506
4959,139,0.04565587267279625
4960,139,0.05474516749382019
4961,140,0.05865180492401123
4962,140,0.08897416293621063
4963,140,0.04538898915052414
4964,140,0.034867290407419205
4965,140,0.03811415657401085
4966,140,0.049697376787662506
4967,140,0.031660664826631546
4968,140,0.06003018468618393
4969,140,0.03038690984249115
4970,140,0.04451761394739151
4971,140,0.0327518992125988
4972,140,0.04699297994375229
4973,140,0.024242732673883438
4974,140,0.039342284202575684
4975,140,0.039142753928899765
4976,140,0.07330601662397385
4977,140,0.0420997329056263
4978,140,0.030270397663116455
4979,140,0.04397786781191826
4980,140,0.0385432243347168
4981,140,0.032645080238580704
4982,140,0.04245249927043915
4983,141,0.04479741305112839
4984,141,0.04024847224354744
4985,141,0.056198060512542725
4986,141,0.04031163081526756
4987,141,0.03906690329313278
4988,141,0.05146285146474838
4989,141,0.038317691534757614
4990,141,0.03873670473694801
4991,141,0.0443241260945797
4992,141,0.039334047585725784
4993,141,0.03847170248627663
4994,141,0.05823851749300957
4995,141,0.04645310714840889
4996,141,0.03723536431789398
4997,141,0.04090329632163048
4998,141,0.05075712502002716
4999,141,0.07071061432361603
5000,141,0.04288887232542038
5001,141,0.1526319831609726
5002,142,0.11812366545200348
5003,142,0.06810467690229416
5004,142,0.126271054148674
5005,142,0.13906310498714447
5006,142,0.08483058214187622
5007,142,0.07216078042984009
5008,142,0.06229902431368828
5009,142,0.06631819158792496
5010,142,0.07723504304885864
5011,142,0.05550144985318184
5012,142,0.0695427656173706
5013,142,0.05710616707801819
5014,142,0.09890587627887726
5015,142,0.04572078213095665
5016,142,0.04811255633831024
5017,142,0.0630338042974472
5018,142,0.08811839669942856
5019,142,0.046692170202732086
5020,142,0.04204791784286499
5021,142,0.025503244251012802
5022,142,0.06769254058599472
5023,142,0.0601283423602581
5024,142,0.061845242977142334
5025,143,0.0501149445772171
5026,143,0.05177602916955948
5027,143,0.06749346852302551
5028,143,0.07424450665712357
5029,143,0.05278330296278
5030,143,0.058940015733242035
5031,143,0.04338722676038742
5032,143,0.04454953968524933
5033,143,0.038411058485507965
5034,143,0.05219415947794914
5035,143,0.06106223165988922
5036,143,0.04552723839879036
5037,143,0.03733710199594498
5038,143,0.06281213462352753
5039,143,0.07277694344520569
5040,143,0.03709634393453598
5041,143,0.06901465356349945
5042,143,0.07051964849233627
5043,143,0.05705450475215912
5044,144,0.04033894091844559
5045,144,0.04062480106949806
5046,144,0.04057816416025162
5047,144,0.06378702074289322
5048,144,0.03591383621096611
5049,144,0.04414045065641403
5050,144,0.05592986196279526
5051,144,0.049329906702041626
5052,144,0.061191730201244354
5053,144,0.04291670024394989
5054,144,0.072174571454525
5055,144,0.09140193462371826
5056,144,0.037426143884658813
5057,144,0.027470488101243973
5058,144,0.04913385212421417
5059,144,0.07940251380205154
5060,144,0.07002433389425278
5061,144,0.06257297098636627
5062,144,0.054514721035957336
5063,144,0.06438777595758438
5064,144,0.036010995507240295
5065,144,0.07773897796869278
5066,144,0.055860936641693115
5067,144,0.03953905403614044
5068,144,0.05867205560207367
5069,144,0.04194420948624611
5070,144,0.036226335912942886
5071,144,0.03269987925887108
5072,144,0.03572358191013336
5073,144,0.059983838349580765
5074,145,0.0781363993883133
5075,145,0.04179169982671738
5076,145,0.06614156067371368
5077,145,0.053564563393592834
5078,145,0.04559660330414772
5079,145,0.03669329732656479
5080,145,0.04403715208172798
5081,145,0.06220806762576103
5082,145,0.09440557658672333
5083,145,0.0990566611289978
5084,145,0.04265138506889343
5085,145,0.06077384203672409
5086,145,0.05385544151067734
5087,145,0.033392488956451416
5088,145,0.0526466891169548
5089,145,0.06167525425553322
5090,146,0.052438970655202866
5091,146,0.052456334233284
5092,146,0.04053300619125366
5093,146,0.04529506713151932
5094,146,0.058014363050460815
5095,146,0.06299509108066559
5096,146,0.040553610771894455
5097,146,0.021697720512747765
5098,146,0.05323457717895508
5099,146,0.04987388476729393
5100,146,0.05269172787666321
5101,146,0.07259552925825119
5102,146,0.02376263029873371
5103,146,0.044229425489902496
5104,146,0.07002776116132736
5105,146,0.04191571846604347
5106,146,0.06178492680191994
5107,146,0.03580458089709282
5108,146,0.08924347907304764
5109,146,0.04415617883205414
5110,146,0.033372651785612106
5111,146,0.04620291665196419
5112,147,0.04443076252937317
5113,147,0.04231518507003784
5114,147,0.038622379302978516
5115,147,0.06550858914852142
5116,147,0.057601869106292725
5117,147,0.05012931302189827
5118,147,0.04447124898433685
5119,147,0.06178532540798187
5120,147,0.03601639345288277
5121,147,0.05233550816774368
5122,147,0.040068235248327255
5123,147,0.04591309651732445
5124,147,0.03558432310819626
5125,147,0.059270236641168594
5126,147,0.0809442475438118
5127,147,0.040026359260082245
5128,147,0.05853811651468277
5129,147,0.058183759450912476
5130,147,0.052741531282663345
5131,147,0.049703288823366165
5132,147,0.051420316100120544
5133,148,0.037433743476867676
5134,148,0.044044967740774155
5135,148,0.0795876532793045
5136,148,0.053882136940956116
5137,148,0.04921286925673485
5138,148,0.03805716335773468
5139,148,0.03739657625555992
5140,148,0.056378524750471115
5141,148,0.05149485170841217
5142,148,0.06836143136024475
5143,148,0.05982710421085358
5144,148,0.04587751254439354
5145,148,0.03517003357410431
5146,148,0.03423633053898811
5147,148,0.06566023081541061
5148,148,0.042243294417858124
5149,148,0.062162309885025024
5150,148,0.04026545584201813
5151,148,0.06439091265201569
5152,149,0.041845884174108505
5153,149,0.06532744318246841
5154,149,0.05782560259103775
5155,149,0.03500266373157501
5156,149,0.03507928177714348
5157,149,0.030445396900177002
5158,149,0.019928717985749245
5159,149,0.0571720153093338
5160,149,0.0635145902633667
5161,149,0.03473968803882599
5162,149,0.07473944872617722
5163,149,0.05693379044532776
5164,149,0.04332342743873596
5165,149,0.05248123034834862
5166,149,0.061688728630542755
5167,149,0.025097232311964035
5168,150,0.040937960147857666
5169,150,0.07326412200927734
5170,150,0.058919284492731094
5171,150,0.06682851910591125
5172,150,0.0632951483130455
5173,150,0.04454679787158966
5174,150,0.0690484344959259
5175,150,0.0657166838645935
5176,150,0.03622586652636528
5177,150,0.04628879204392433
5178,150,0.05078582465648651
5179,150,0.04318571463227272
5180,150,0.048691824078559875
5181,150,0.05329184979200363
5182,150,0.04809535667300224
5183,150,0.0378279872238636
5184,151,0.04341445118188858
5185,151,0.036326948553323746
5186,151,0.050628334283828735
5187,151,0.04948623850941658
5188,151,0.04044022038578987
5189,151,0.06423906981945038
5190,151,0.04192429780960083
5191,151,0.025756103917956352
5192,151,0.04474184662103653
5193,151,0.04465382918715477
5194,151,0.039349958300590515
5195,151,0.07342202961444855
5196,151,0.04059620946645737
5197,151,0.04162135347723961
5198,151,0.03381335362792015
5199,152,0.06989500671625137
5200,152,0.03485994413495064
5201,152,0.03467854857444763
5202,152,0.06968045234680176
5203,152,0.05815524607896805
5204,152,0.054524488747119904
5205,152,0.05216044560074806
5206,152,0.04379041865468025
5207,152,0.05084044858813286
5208,152,0.050815384835004807
5209,152,0.047553494572639465
5210,152,0.06031046062707901
5211,152,0.036012448370456696
5212,152,0.061998799443244934
5213,152,0.06397689878940582
5214,152,0.03883622586727142
5215,152,0.043242424726486206
5216,152,0.03985459730029106
5217,152,0.052244603633880615
5218,152,0.051056522876024246
5219,152,0.03282106667757034
5220,152,0.03644794598221779
5221,153,0.032996971160173416
5222,153,0.04302108287811279
5223,153,0.055744849145412445
5224,153,0.05767981335520744
5225,153,0.03192063048481941
5226,153,0.07933708280324936
5227,153,0.04403034970164299
5228,153,0.0407225526869297
5229,153,0.041616909205913544
5230,153,0.062184110283851624
5231,153,0.04278537258505821
5232,153,0.0656195878982544
5233,153,0.048864465206861496
5234,153,0.03327377140522003
5235,153,0.0466926172375679
5236,153,0.07788144052028656
5237,153,0.06611917167901993
5238,153,0.035940371453762054
5239,153,0.0405472069978714
5240,153,0.0827731192111969
5241,153,0.03452260419726372
5242,154,0.03438202291727066
5243,154,0.04706474393606186
5244,154,0.051616836339235306
5245,154,0.029842577874660492
5246,154,0.08121904730796814
5247,154,0.05416754633188248
5248,154,0.04180462658405304
5249,154,0.03143049031496048
5250,154,0.044948071241378784
5251,154,0.1433091163635254
5252,154,0.08943504095077515
5253,154,0.08715612441301346
5254,154,0.11985094845294952
5255,154,0.11637251824140549
5256,154,0.09818439185619354
5257,154,0.08667125552892685
5258,154,0.07533548772335052
5259,154,0.08275602757930756
5260,154,0.09848381578922272
5261,154,0.06007285416126251
5262,154,0.06796254217624664
5263,154,0.03990628942847252
5264,155,0.09481529146432877
5265,155,0.09690537303686142
5266,155,0.06452006101608276
5267,155,0.07988398522138596
5268,155,0.05060183256864548
5269,155,0.056300461292266846
5270,155,0.07962588965892792
5271,155,0.05824165791273117
5272,155,0.07403761148452759
5273,155,0.07557553797960281
5274,155,0.06556481868028641
5275,155,0.06789420545101166
5276,155,0.0664859488606453
5277,155,0.06510934233665466
5278,155,0.07091940939426422
5279,155,0.13557101786136627
5280,155,0.06517240405082703
5281,155,0.0673060268163681
5282,155,0.045880623161792755
5283,155,0.06375903636217117
5284,155,0.05096513777971268
5285,155,0.08553527295589447
5286,155,0.0558791421353817
5287,156,0.045149464160203934
5288,156,0.03157121688127518
5289,156,0.04450669512152672
5290,156,0.031742893159389496
5291,156,0.03698189556598663
5292,156,0.0750061571598053
5293,156,0.0559246763586998
5294,156,0.06794388592243195
5295,156,0.04132587090134621
5296,156,0.10020031780004501
5297,156,0.04395691305398941
5298,156,0.06410855799913406
5299,156,0.06506434082984924
5300,156,0.08077684789896011
5301,156,0.038439590483903885
5302,156,0.049237221479415894
5303,156,0.07574958354234695
5304,156,0.04134570062160492
5305,156,0.0615251287817955
5306,157,0.09246804565191269
5307,157,0.04061542823910713
5308,157,0.05907193198800087
5309,157,0.06701682507991791
5310,157,0.05831819772720337
5311,157,0.09196291118860245
5312,157,0.04850462079048157
5313,157,0.07442983239889145
5314,157,0.045391105115413666
5315,157,0.06592170894145966
5316,157,0.03969398885965347
5317,157,0.08971831202507019
5318,157,0.059391628950834274
5319,157,0.05999717116355896
5320,157,0.05342739075422287
5321,157,0.04200875014066696
5322,157,0.0585152842104435
5323,157,0.060935135930776596
5324,157,0.06698588281869888
5325,157,0.05083543807268143
5326,157,0.06829032301902771
5327,157,0.07539743930101395
5328,157,0.04823300987482071
5329,157,0.0783596858382225
5330,157,0.05813410505652428
5331,158,0.04226629063487053
5332,158,0.07201394438743591
5333,158,0.09911976009607315
5334,158,0.03588893637061119
5335,158,0.05626572296023369
5336,158,0.07238199561834335
5337,158,0.08112257719039917
5338,158,0.05971338227391243
5339,158,0.05692712962627411
5340,158,0.05941024050116539
5341,158,0.04347257316112518
5342,158,0.051955752074718475
5343,158,0.0529678575694561
5344,158,0.06293638795614243
5345,158,0.042206551879644394
5346,158,0.04943481832742691
5347,158,0.07261772453784943
5348,159,0.034565672278404236
5349,159,0.043832242488861084
5350,159,0.02946709468960762
5351,159,0.03780948370695114
5352,159,0.05996662750840187
5353,159,0.05006774887442589
5354,159,0.03530583158135414
5355,159,0.04731365293264389
5356,159,0.023427562788128853
5357,159,0.08128640055656433
5358,159,0.04171505197882652
5359,159,0.06400732696056366
5360,159,0.05116981267929077
5361,159,0.039919834583997726
5362,159,0.05116812512278557
5363,159,0.05565407872200012
5364,159,0.044349268078804016
5365,159,0.08068835735321045
5366,160,0.04520903527736664
5367,160,0.06699822098016739
5368,160,0.04491226747632027
5369,160,0.07148919254541397
5370,160,0.07929088175296783
5371,160,0.05485466495156288
5372,160,0.041516710072755814
5373,160,0.055282771587371826
5374,160,0.04741085320711136
5375,160,0.07143762707710266
5376,160,0.05032720789313316
5377,160,0.04947560280561447
5378,160,0.05470249801874161
5379,160,0.0889502689242363
5380,160,0.06901518255472183
5381,161,0.0592423714697361
5382,161,0.07473168522119522
5383,161,0.06466875225305557
5384,161,0.06511343270540237
5385,161,0.08257874101400375
5386,161,0.03794006630778313
5387,161,0.059686027467250824
5388,161,0.08364429324865341
5389,161,0.05151096731424332
5390,161,0.05086584389209747
5391,162,0.05873354524374008
5392,162,0.05623151361942291
5393,162,0.0740312933921814
5394,162,0.05279391258955002
5395,162,0.1068832129240036
5396,162,0.020112814381718636
5397,162,0.07470297068357468
5398,162,0.023789770901203156
5399,162,0.06076710671186447
5400,162,0.03193379566073418
5401,162,0.050058118999004364
5402,162,0.04966352507472038
5403,162,0.03438422083854675
5404,162,0.05591477453708649
5405,163,0.05902859568595886
5406,163,0.057184260338544846
5407,163,0.04933758080005646
5408,163,0.059201110154390335
5409,163,0.07442772388458252
5410,163,0.0527411624789238
5411,163,0.0728636160492897
5412,163,0.05721178278326988
5413,163,0.03627387061715126
5414,163,0.06889117509126663
5415,163,0.05525808036327362
5416,163,0.07408657670021057
5417,163,0.04590388759970665
5418,163,0.03880719840526581
5419,163,0.05817880481481552
5420,163,0.04428420215845108
5421,163,0.04999285191297531
5422,163,0.05269445851445198
5423,163,0.05398906022310257
5424,164,0.036911848932504654
5425,164,0.0599740594625473
5426,164,0.03502263128757477
5427,164,0.05657061189413071
5428,164,0.04366731643676758
5429,164,0.06978413462638855
5430,164,0.038132138550281525
5431,164,0.04339083656668663
5432,164,0.055431827902793884
5433,164,0.04882785677909851
5434,164,0.09895195811986923
5435,164,0.057195503264665604
5436,164,0.027631625533103943
5437,164,0.05055174604058266
5438,164,0.0648314356803894
5439,165,0.05667252838611603
5440,165,0.07402489334344864
5441,165,0.06089215725660324
5442,165,0.06676841527223587
5443,165,0.0565408393740654
5444,165,0.09397318214178085
5445,165,0.05761000141501427
5446,165,0.05031445622444153
5447,165,0.04178683087229729
5448,165,0.05634525045752525
5449,165,0.05612394958734512
5450,165,0.04286634176969528
5451,165,0.04440898448228836
5452,165,0.06234992295503616
5453,165,0.05044906958937645
5454,165,0.037172164767980576
5455,165,0.059071894735097885
5456,165,0.07040540874004364
5457,165,0.05142494663596153
5458,165,0.05553160235285759
5459,165,0.03225041180849075
5460,165,0.057994186878204346
5461,166,0.059736065566539764
5462,166,0.0743253082036972
5463,166,0.06987354159355164
5464,166,0.062325067818164825
5465,166,0.04118615761399269
5466,166,0.07653263956308365
5467,166,0.09262993186712265
5468,166,0.047806933522224426
5469,166,0.04811599850654602
5470,166,0.08541418612003326
5471,166,0.030070196837186813
5472,166,0.05996016785502434
5473,166,0.08537542819976807
5474,166,0.059848587960004807
5475,166,0.059960898011922836
5476,166,0.08768932521343231
5477,166,0.026897888630628586
5478,167,0.06274916976690292
5479,167,0.04744098335504532
5480,167,0.06608454138040543
5481,167,0.0776500478386879
5482,167,0.08167129755020142
5483,167,0.03991793468594551
5484,167,0.0761914849281311
5485,167,0.040813907980918884
5486,167,0.044869761914014816
5487,167,0.056851547211408615
5488,167,0.03428099676966667
5489,168,0.057011064141988754
5490,168,0.04944454878568649
5491,168,0.06220939755439758
5492,168,0.04710646718740463
5493,168,0.057759664952754974
5494,168,0.07805339246988297
5495,168,0.06421457231044769
5496,168,0.0418114960193634
5497,168,0.06079719960689545
5498,168,0.05958028882741928
5499,168,0.06121975556015968
5500,168,0.027663245797157288
5501,168,0.1648498922586441
5502,168,0.09354379773139954
5503,168,0.09627394378185272
5504,168,0.09427515417337418
5505,168,0.11755086481571198
5506,168,0.1201435998082161
5507,169,0.14519460499286652
5508,169,0.0452171228826046
5509,169,0.07548632472753525
5510,169,0.11926955729722977
5511,169,0.12117461860179901
5512,169,0.12535497546195984
5513,169,0.07187361270189285
5514,169,0.10427714139223099
5515,169,0.11125539988279343
5516,169,0.08028306066989899
5517,169,0.09375976026058197
5518,169,0.04413702338933945
5519,169,0.10256816446781158
5520,169,0.06226806342601776
5521,169,0.0599263533949852
5522,169,0.12892566621303558
5523,169,0.05332138389348984
5524,169,0.03931714966893196
5525,170,0.1112426295876503
5526,170,0.1328970342874527
5527,170,0.06299424916505814
5528,170,0.07190389186143875
5529,170,0.11053035408258438
5530,170,0.07831307500600815
5531,170,0.09667053818702698
5532,170,0.06707019358873367
5533,170,0.06687989085912704
5534,170,0.07659570872783661
5535,170,0.06836318969726562
5536,170,0.08089371770620346
5537,170,0.10031411796808243
5538,170,0.04643852263689041
5539,170,0.08751580119132996
5540,170,0.08853130042552948
5541,170,0.07962987571954727
5542,170,0.05328094959259033
5543,170,0.06469345092773438
5544,170,0.08027155697345734
5545,170,0.06389381736516953
5546,170,0.04988226294517517
5547,170,0.06986674666404724
5548,171,0.05970451980829239
5549,171,0.09532410651445389
5550,171,0.053553465753793716
5551,171,0.0680023580789566
5552,171,0.08296609669923782
5553,171,0.05379965156316757
5554,171,0.12476615607738495
5555,171,0.09584035724401474
5556,171,0.08713328838348389
5557,171,0.052309393882751465
5558,171,0.05948052182793617
5559,171,0.04889892786741257
5560,171,0.08262903988361359
5561,171,0.06665530055761337
5562,171,0.052430909126996994
5563,171,0.06577102094888687
5564,171,0.034266114234924316
5565,171,0.08287781476974487
5566,171,0.07433680444955826
5567,171,0.11757533252239227
5568,171,0.06588099896907806
5569,172,0.09416764974594116
5570,172,0.04474085941910744
5571,172,0.03888674080371857
5572,172,0.09547150135040283
5573,172,0.07474666088819504
5574,172,0.0846969336271286
5575,172,0.030742166563868523
5576,172,0.07025859504938126
5577,172,0.03426789492368698
5578,172,0.0833805724978447
5579,172,0.03274349123239517
5580,172,0.047859061509370804
5581,172,0.08996430784463882
5582,172,0.053604885935783386
5583,173,0.047439683228731155
5584,173,0.03514416143298149
5585,173,0.050907667726278305
5586,173,0.10118075460195541
5587,173,0.08872882276773453
5588,173,0.09378216415643692
5589,173,0.07526230067014694
5590,173,0.06024685502052307
5591,173,0.06305766105651855
5592,173,0.06624935567378998
5593,173,0.07989323884248734
5594,173,0.054635290056467056
5595,173,0.03380827605724335
5596,173,0.08094263076782227
5597,173,0.059871233999729156
5598,173,0.05624797195196152
5599,173,0.05229734256863594
5600,173,0.08059956133365631
5601,174,0.03862198442220688
5602,174,0.08656547963619232
5603,174,0.06470831483602524
5604,174,0.09609654545783997
5605,174,0.07307957857847214
5606,174,0.09015417844057083
5607,174,0.045604731887578964
5608,174,0.059429071843624115
5609,174,0.06915629655122757
5610,174,0.0795990526676178
5611,174,0.04252461716532707
5612,174,0.050036247819662094
5613,174,0.0836290791630745
5614,174,0.07066381722688675
5615,174,0.061264559626579285
5616,174,0.12431846559047699
5617,174,0.04245223104953766
5618,174,0.08622896671295166
5619,174,0.06286852806806564
5620,174,0.03693408891558647
5621,174,0.0718345120549202
5622,174,0.05698258429765701
5623,175,0.03723675385117531
5624,175,0.0411846861243248
5625,175,0.05913100391626358
5626,175,0.04286276921629906
5627,175,0.05593612790107727
5628,175,0.021748840808868408
5629,175,0.03111512027680874
5630,175,0.03825893625617027
5631,175,0.07514335215091705
5632,175,0.0559268556535244
5633,175,0.05791393667459488
5634,175,0.09015931189060211
5635,175,0.10717496275901794
5636,175,0.040971364825963974
5637,175,0.0750088021159172
5638,175,0.09490454196929932
5639,175,0.08222851157188416
5640,175,0.05152498930692673
5641,175,0.08567431569099426
5642,175,0.11573715507984161
5643,175,0.05672750249505043
5644,175,0.07261429727077484
5645,175,0.0769721120595932
5646,176,0.0444958359003067
5647,176,0.04614866524934769
5648,176,0.05348072201013565
5649,176,0.06835852563381195
5650,176,0.11696597933769226
5651,176,0.04403434321284294
5652,176,0.1031157374382019
5653,176,0.07478351891040802
5654,176,0.062250055372714996
5655,176,0.06451942771673203
5656,176,0.06819288432598114
5657,176,0.04794847220182419
5658,176,0.1017024964094162
5659,176,0.07687045633792877
5660,176,0.053656160831451416
5661,176,0.05725689232349396
5662,176,0.0712016224861145
5663,176,0.06859786063432693
5664,176,0.0649808794260025
5665,177,0.05834899842739105
5666,177,0.04786161705851555
5667,177,0.061752863228321075
5668,177,0.05481564998626709
5669,177,0.0890207514166832
5670,177,0.07282847166061401
5671,177,0.1378767043352127
5672,177,0.06244899332523346
5673,177,0.06403964012861252
5674,177,0.059119176119565964
5675,177,0.11645187437534332
5676,177,0.07903700321912766
5677,177,0.06595679372549057
5678,177,0.05369030684232712
5679,177,0.06345753371715546
5680,177,0.05866029113531113
5681,177,0.07383367419242859
5682,177,0.08641161024570465
5683,177,0.04324618726968765
5684,177,0.08577398210763931
5685,178,0.048615604639053345
5686,178,0.09867753088474274
5687,178,0.05323999002575874
5688,178,0.03111743927001953
5689,178,0.04997165501117706
5690,178,0.06401261687278748
5691,178,0.0705319344997406
5692,178,0.04189480096101761
5693,178,0.08701244741678238
5694,178,0.061936359852552414
5695,178,0.09066837280988693
5696,178,0.06310489028692245
5697,178,0.04229740798473358
5698,178,0.07219131290912628
5699,178,0.07843554019927979
5700,178,0.04832274466753006
5701,178,0.045395880937576294
5702,178,0.0632702112197876
5703,178,0.0802132785320282
5704,178,0.10441718995571136
5705,178,0.11313940584659576
5706,179,0.09141963720321655
5707,179,0.02357172966003418
5708,179,0.05134302377700806
5709,179,0.08517675846815109
5710,179,0.08672299236059189
5711,179,0.05883340537548065
5712,179,0.05388052761554718
5713,179,0.0194464772939682
5714,179,0.04186931997537613
5715,179,0.056894700974226
5716,179,0.053062599152326584
5717,179,0.07327382266521454
5718,179,0.08317065984010696
5719,179,0.036423828452825546
5720,179,0.09254492819309235
5721,179,0.07936089485883713
5722,179,0.07331524789333344
5723,179,0.060218892991542816
5724,179,0.05737611651420593
5725,179,0.06522278487682343
5726,179,0.08698683232069016
5727,179,0.05023360252380371
5728,179,0.04570482671260834
5729,179,0.08757764101028442
5730,179,0.08346683531999588
5731,180,0.09629109501838684
5732,180,0.07281587272882462
5733,180,0.0916324257850647
5734,180,0.04226168245077133
5735,180,0.06247375160455704
5736,180,0.06937681883573532
5737,180,0.07726052403450012
5738,180,0.058884281665086746
5739,180,0.03239940479397774
5740,180,0.03250090777873993
5741,180,0.06348733603954315
5742,180,0.05914941430091858
5743,180,0.0601847879588604
5744,180,0.06414397060871124
5745,180,0.04819520562887192
5746,180,0.06659042835235596
5747,180,0.044739194214344025
5748,180,0.07206357270479202
5749,181,0.053713444620370865
5750,181,0.06936177611351013
5751,181,0.144741490483284
5752,181,0.10747811198234558
5753,181,0.07486265897750854
5754,181,0.10023250430822372
5755,181,0.10377732664346695
5756,181,0.13762857019901276
5757,181,0.10267854481935501
5758,181,0.07684580981731415
5759,181,0.08219308406114578
5760,181,0.08739069849252701
5761,182,0.13382917642593384
5762,182,0.09918341040611267
5763,182,0.08831312507390976
5764,182,0.0741659626364708
5765,182,0.08126342296600342
5766,182,0.051538512110710144
5767,182,0.07894596457481384
5768,182,0.08135878294706345
5769,182,0.051614269614219666
5770,182,0.05477580800652504
5771,182,0.13274513185024261
5772,182,0.07449842989444733
5773,182,0.04780786857008934
5774,182,0.07670256495475769
5775,182,0.0916995257139206
5776,182,0.09556074440479279
5777,182,0.06552115082740784
5778,182,0.07584836333990097
5779,182,0.044520795345306396
5780,182,0.03249412029981613
5781,182,0.046798475086688995
5782,183,0.03821839392185211
5783,183,0.0587659627199173
5784,183,0.07312733680009842
5785,183,0.09126588702201843
5786,183,0.09543616324663162
5787,183,0.07613807171583176
5788,183,0.07044506818056107
5789,183,0.07682433724403381
5790,183,0.0789266973733902
5791,183,0.10793652385473251
5792,183,0.07313519716262817
5793,183,0.09040483832359314
5794,183,0.034691181033849716
5795,183,0.07237707823514938
5796,183,0.05802149325609207
5797,183,0.08111701905727386
5798,183,0.04846426099538803
5799,183,0.07881121337413788
5800,184,0.07629288733005524
5801,184,0.0968899205327034
5802,184,0.12484317272901535
5803,184,0.052863672375679016
5804,184,0.03943244367837906
5805,184,0.0592857226729393
5806,184,0.07366146892309189
5807,184,0.09705136716365814
5808,184,0.04498375952243805
5809,184,0.082979217171669
5810,184,0.0494462251663208
5811,184,0.07546194642782211
5812,184,0.046483565121889114
5813,184,0.04649636894464493
5814,184,0.07208451628684998
5815,184,0.03893069177865982
5816,184,0.04825526475906372
5817,184,0.040648411959409714
5818,184,0.06012231111526489
5819,184,0.07446582615375519
5820,184,0.08342106640338898
5821,185,0.03445073217153549
5822,185,0.08488192409276962
5823,185,0.06864546239376068
5824,185,0.06223597750067711
5825,185,0.10092958807945251
5826,185,0.03151934966444969
5827,185,0.05547620728611946
5828,185,0.07243889570236206
5829,185,0.06411951780319214
5830,185,0.05554332211613655
5831,185,0.061743807047605515
5832,185,0.04106579348444939
5833,185,0.09098000824451447
5834,185,0.06816602498292923
5835,185,0.12428919970989227
5836,186,0.03786143288016319
5837,186,0.06527049839496613
5838,186,0.04428192600607872
5839,186,0.0566299669444561
5840,186,0.04078952223062515
5841,186,0.04905964806675911
5842,186,0.04042406752705574
5843,186,0.1009296178817749
5844,186,0.09371958673000336
5845,186,0.06644036620855331
5846,186,0.05750415846705437
5847,186,0.042720992118120193
5848,186,0.07116034626960754
5849,186,0.06151800975203514
5850,186,0.04124252870678902
5851,186,0.04010621830821037
5852,186,0.07537700980901718
5853,186,0.0630793571472168
5854,186,0.10884235054254532
5855,187,0.12113486975431442
5856,187,0.08186321705579758
5857,187,0.046277303248643875
5858,187,0.07824955135583878
5859,187,0.0730869472026825
5860,187,0.03180624917149544
5861,187,0.0829353928565979
5862,187,0.08499486744403839
5863,187,0.03731260821223259
5864,187,0.09950416535139084
5865,187,0.08881174027919769
5866,187,0.06688500195741653
5867,188,0.06120717525482178
5868,188,0.08758887648582458
5869,188,0.093784861266613
5870,188,0.08009295165538788
5871,188,0.048446767032146454
5872,188,0.0333060584962368
5873,188,0.0848846584558487
5874,188,0.07492264360189438
5875,188,0.08029819279909134
5876,188,0.034824639558792114
5877,188,0.050540655851364136
5878,188,0.1088881641626358
5879,188,0.06457225978374481
5880,188,0.09275442361831665
5881,188,0.08423197269439697
5882,188,0.054907068610191345
5883,188,0.05765440687537193
5884,188,0.06658142060041428
5885,188,0.08201789855957031
5886,188,0.06541946530342102
5887,188,0.08180315792560577
5888,189,0.046361446380615234
5889,189,0.036409858614206314
5890,189,0.05063728615641594
5891,189,0.12176962941884995
5892,189,0.06489454209804535
5893,189,0.03384985402226448
5894,189,0.06444428116083145
5895,189,0.04734708368778229
5896,189,0.07505600154399872
5897,189,0.08002670854330063
5898,189,0.09344139695167542
5899,189,0.0692957267165184
5900,189,0.05357738584280014
5901,189,0.07501383125782013
5902,189,0.03115100972354412
5903,189,0.0605226568877697
5904,189,0.08117298781871796
5905,189,0.07469440996646881
5906,189,0.06824728101491928
5907,190,0.09271014481782913
5908,190,0.06826089322566986
5909,190,0.08297258615493774
5910,190,0.09912760555744171
5911,190,0.04338774085044861
5912,190,0.10370028018951416
5913,190,0.06822642683982849
5914,190,0.04028324410319328
5915,190,0.04592091962695122
5916,190,0.0407564602792263
5917,190,0.0651390552520752
5918,190,0.07679066061973572
5919,190,0.06478657573461533
5920,190,0.07206432521343231
5921,190,0.083521269261837
5922,190,0.11036917567253113
5923,190,0.06035974249243736
5924,190,0.10444638878107071
5925,190,0.05220572277903557
5926,190,0.0715421736240387
5927,191,0.10329204052686691
5928,191,0.07077439874410629
5929,191,0.053388528525829315
5930,191,0.051058895885944366
5931,191,0.07299689948558807
5932,191,0.09241349995136261
5933,191,0.07422857731580734
5934,191,0.09755738079547882
5935,191,0.05575532093644142
5936,191,0.051512040197849274
5937,191,0.06668642163276672
5938,191,0.04387680068612099
5939,191,0.12222210317850113
5940,191,0.03910016268491745
5941,191,0.07192970812320709
5942,191,0.12350134551525116
5943,191,0.09959308803081512
5944,191,0.10884387046098709
5945,191,0.06564806401729584
5946,191,0.03597884625196457
5947,191,0.08925565332174301
5948,191,0.06352775543928146
5949,191,0.07487409561872482
5950,191,0.05821344256401062
5951,191,0.07052963972091675
5952,192,0.0526149682700634
5953,192,0.0882301777601242
5954,192,0.0616321861743927
5955,192,0.1368754506111145
5956,192,0.04301564022898674
5957,192,0.07460472732782364
5958,192,0.07399626821279526
5959,192,0.048681892454624176
5960,192,0.06392049789428711
5961,192,0.05113585293292999
5962,192,0.03776634484529495
5963,192,0.045789044350385666
5964,192,0.047996461391448975
5965,192,0.07135634124279022
5966,192,0.06613413989543915
5967,192,0.05555920675396919
5968,192,0.09570064395666122
5969,192,0.07725979387760162
5970,192,0.0512523353099823
5971,192,0.06627217680215836
5972,192,0.18178969621658325
5973,192,0.08942759782075882
5974,193,0.07917264103889465
5975,193,0.09468699991703033
5976,193,0.04896143078804016
5977,193,0.04726922884583473
5978,193,0.06621212512254715
5979,193,0.09330575913190842
5980,193,0.0508161336183548
5981,193,0.05892445147037506
5982,193,0.025957414880394936
5983,193,0.05710100010037422
5984,193,0.025107920169830322
5985,193,0.062404535710811615
5986,193,0.07755599915981293
5987,193,0.046071551740169525
5988,193,0.05732308700680733
5989,194,0.03588445484638214
5990,194,0.059762731194496155
5991,194,0.12570573389530182
5992,194,0.049431540071964264
5993,194,0.08996414393186569
5994,194,0.10202664136886597
5995,194,0.08249792456626892
5996,194,0.037118054926395416
5997,194,0.10229601711034775
5998,194,0.037764545530080795
5999,194,0.06038850545883179
6000,194,0.06052323803305626
6001,194,0.11808300018310547
6002,194,0.14575666189193726
6003,194,0.07360322028398514
6004,194,0.11607274413108826
6005,194,0.08164756000041962
6006,194,0.08290775120258331
6007,194,0.10425396263599396
6008,194,0.053309086710214615
6009,194,0.07621834427118301
6010,195,0.08624852448701859
6011,195,0.10590934753417969
6012,195,0.0643884688615799
6013,195,0.11327484250068665
6014,195,0.13784824311733246
6015,195,0.05035214126110077
6016,195,0.07740415632724762
6017,195,0.1148754209280014
6018,195,0.13185791671276093
6019,195,0.13809964060783386
6020,195,0.06677452474832535
6021,195,0.1556544303894043
6022,195,0.1392287313938141
6023,195,0.03140062838792801
6024,195,0.05596611276268959
6025,195,0.15500347316265106
6026,195,0.09164470434188843
6027,195,0.0882173404097557
6028,195,0.15465417504310608
6029,195,0.09145466238260269
6030,195,0.04509856179356575
6031,196,0.04848415404558182
6032,196,0.033382348716259
6033,196,0.08646994829177856
6034,196,0.13634485006332397
6035,196,0.03207981958985329
6036,196,0.03934241831302643
6037,196,0.09342735260725021
6038,196,0.1577930599451065
6039,196,0.08315028250217438
6040,196,0.12144966423511505
6041,196,0.05966910719871521
6042,196,0.1320229470729828
6043,196,0.07216275483369827
6044,196,0.038593899458646774
6045,196,0.023662127554416656
6046,196,0.06067071110010147
6047,196,0.1023022010922432
6048,196,0.08629623800516129
6049,196,0.11250317096710205
6050,196,0.08112350851297379
6051,196,0.10849058628082275
6052,196,0.10579240322113037
6053,197,0.1557449996471405
6054,197,0.10804257541894913
6055,197,0.06254555284976959
6056,197,0.06129465997219086
6057,197,0.06464873254299164
6058,197,0.12135419994592667
6059,197,0.10544779151678085
6060,197,0.06605655699968338
6061,197,0.09021593630313873
6062,197,0.08444094657897949
6063,197,0.06623926758766174
6064,197,0.088240846991539
6065,197,0.07685207575559616
6066,197,0.07427170872688293
6067,197,0.03346288576722145
6068,197,0.06946943700313568
6069,197,0.0661783367395401
6070,197,0.05577211081981659
6071,197,0.03262220323085785
6072,198,0.0714135617017746
6073,198,0.051116086542606354
6074,198,0.038449302315711975
6075,198,0.06513353437185287
6076,198,0.07359011471271515
6077,198,0.17290213704109192
6078,198,0.12715330719947815
6079,198,0.1407652348279953
6080,198,0.1379869431257248
6081,198,0.054064273834228516
6082,198,0.10018855333328247
6083,198,0.10770430415868759
6084,198,0.03057943843305111
6085,198,0.07300765067338943
6086,198,0.11290223896503448
6087,199,0.05218077078461647
6088,199,0.10554776340723038
6089,199,0.08363156020641327
6090,199,0.05128486454486847
6091,199,0.1097046285867691
6092,199,0.09195134788751602
6093,199,0.07522235810756683
6094,199,0.0719776526093483
6095,199,0.040373191237449646
6096,199,0.05835003778338432
6097,199,0.07975509762763977
6098,199,0.14438575506210327
6099,199,0.12660697102546692
6100,199,0.07496237009763718
6101,199,0.07305087894201279
6102,199,0.10667607933282852
6103,199,0.06681399047374725
6104,199,0.07949716597795486
6105,199,0.11973520368337631
6106,199,0.112798772752285
6107,199,0.0689387395977974
6108,199,0.15008607506752014
6109,200,0.08270738273859024
6110,200,0.10434570908546448
6111,200,0.11063925921916962
6112,200,0.08484001457691193
6113,200,0.07981745898723602
6114,200,0.08518453687429428
6115,200,0.04897391051054001
6116,200,0.04861012101173401
6117,200,0.09349629282951355
6118,200,0.15562763810157776
6119,200,0.06527075171470642
6120,200,0.07015062868595123
6121,200,0.043233297765254974
6122,200,0.06942961364984512
6123,200,0.07955193519592285
6124,200,0.0530465766787529
6125,200,0.059098102152347565
6126,201,0.06615366041660309
6127,201,0.08830559253692627
6128,201,0.052556172013282776
6129,201,0.10815338790416718
6130,201,0.09037046879529953
6131,201,0.042738571763038635
6132,201,0.08362296223640442
6133,201,0.05626591667532921
6134,201,0.09660350531339645
6135,201,0.03252565860748291
6136,201,0.08821806311607361
6137,201,0.06294362992048264
6138,201,0.14446961879730225
6139,201,0.09366990625858307
6140,201,0.0794791430234909
6141,201,0.07491232454776764
6142,201,0.07696074992418289
6143,201,0.0899728313088417
6144,201,0.04466216266155243
6145,202,0.08051899820566177
6146,202,0.10088036954402924
6147,202,0.05652778968214989
6148,202,0.08316882699728012
6149,202,0.08672479540109634
6150,202,0.048753172159194946
6151,202,0.08539968729019165
6152,202,0.04834343120455742
6153,202,0.14680427312850952
6154,202,0.08910366892814636
6155,202,0.07692907750606537
6156,202,0.10649782419204712
6157,202,0.08631115406751633
6158,202,0.07559258490800858
6159,203,0.06481380760669708
6160,203,0.0534835122525692
6161,203,0.09579861164093018
6162,203,0.09866149723529816
6163,203,0.06364385038614273
6164,203,0.046921517699956894
6165,203,0.0448550321161747
6166,203,0.04305199533700943
6167,203,0.08477795124053955
6168,203,0.04875428229570389
6169,203,0.06724852323532104
6170,203,0.07337591797113419
6171,203,0.07304015755653381
6172,203,0.031534720212221146
6173,203,0.07191693782806396
6174,203,0.04641881585121155
6175,203,0.10570667684078217
6176,203,0.040818069130182266
6177,203,0.07008186727762222
6178,203,0.10300777852535248
6179,203,0.11099971830844879
6180,203,0.03346513956785202
6181,203,0.08788541704416275
6182,204,0.047784317284822464
6183,204,0.058679573237895966
6184,204,0.10974016040563583
6185,204,0.13229478895664215
6186,204,0.11007751524448395
6187,204,0.06048542633652687
6188,204,0.10326753556728363
6189,204,0.04399211332201958
6190,204,0.05219908431172371
6191,204,0.09655231982469559
6192,204,0.08324449509382248
6193,204,0.07661246508359909
6194,204,0.05536622181534767
6195,204,0.058306556195020676
6196,204,0.09138619899749756
6197,204,0.14750830829143524
6198,204,0.09102477878332138
6199,204,0.02689375914633274
6200,204,0.058944832533597946
6201,205,0.0840485617518425
6202,205,0.08689828217029572
6203,205,0.15158113837242126
6204,205,0.12079524993896484
6205,205,0.03158678114414215
6206,205,0.033701445907354355
6207,205,0.09493709355592728
6208,205,0.06151081994175911
6209,205,0.06547585874795914
6210,205,0.08780844509601593
6211,205,0.05643870308995247
6212,205,0.08883509039878845
6213,205,0.1253661960363388
6214,205,0.060542162507772446
6215,205,0.07476206123828888
6216,205,0.10283737629652023
6217,205,0.053428832441568375
6218,205,0.06918312609195709
6219,205,0.10442385822534561
6220,206,0.05922245979309082
6221,206,0.08372734487056732
6222,206,0.034489862620830536
6223,206,0.04849112778902054
6224,206,0.06590259820222855
6225,206,0.07010116428136826
6226,206,0.046437207609415054
6227,206,0.11238745599985123
6228,206,0.0641808733344078
6229,206,0.11661797016859055
6230,206,0.192556232213974
6231,206,0.04371747747063637
6232,206,0.08582399040460587
6233,206,0.048401061445474625
6234,206,0.08867483586072922
6235,206,0.06647256016731262
6236,206,0.10495259612798691
6237,206,0.0961054116487503
6238,207,0.07517030090093613
6239,207,0.07808588445186615
6240,207,0.07181564718484879
6241,207,0.10675259679555893
6242,207,0.04088008776307106
6243,207,0.07765928655862808
6244,207,0.12470819056034088
6245,207,0.06988883018493652
6246,207,0.08094023168087006
6247,208,0.08860719203948975
6248,208,0.042978979647159576
6249,208,0.09327275305986404
6250,208,0.13610447943210602
6251,208,0.15582041442394257
6252,208,0.130134716629982
6253,208,0.16954728960990906
6254,208,0.07675747573375702
6255,209,0.20737847685813904
6256,209,0.20748664438724518
6257,209,0.17065384984016418
6258,209,0.11555072665214539
6259,209,0.09574627876281738
6260,209,0.1315702348947525
6261,209,0.08422961086034775
6262,209,0.1183401346206665
6263,209,0.05226612836122513
6264,209,0.16079621016979218
6265,209,0.1606949269771576
6266,209,0.11379808187484741
6267,209,0.1316559910774231
6268,209,0.09434027969837189
6269,210,0.056940317153930664
6270,210,0.09178963303565979
6271,210,0.09611378610134125
6272,210,0.06211936101317406
6273,210,0.09263058006763458
6274,210,0.09867963194847107
6275,210,0.10242258012294769
6276,210,0.1487726867198944
6277,210,0.06799401342868805
6278,210,0.11389569193124771
6279,210,0.05278166010975838
6280,210,0.053162477910518646
6281,210,0.09779731929302216
6282,210,0.06511431932449341
6283,210,0.061226703226566315
6284,210,0.06328368932008743
6285,210,0.09425995498895645
6286,210,0.10064824670553207
6287,210,0.04841248691082001
6288,210,0.11679322272539139
6289,210,0.0855470672249794
6290,211,0.06404779851436615
6291,211,0.06112316623330116
6292,211,0.06123652681708336
6293,211,0.15545420348644257
6294,211,0.04530199617147446
6295,211,0.07286154478788376
6296,211,0.05164831504225731
6297,211,0.08799812942743301
6298,211,0.21143695712089539
6299,211,0.08719158917665482
6300,211,0.05745406448841095
6301,211,0.09631998091936111
6302,211,0.0605604313313961
6303,211,0.095998615026474
6304,211,0.11242721229791641
6305,211,0.06066435948014259
6306,211,0.08305257558822632
6307,211,0.05314895510673523
6308,211,0.08930541574954987
6309,212,0.05718294531106949
6310,212,0.05767396092414856
6311,212,0.04893874377012253
6312,212,0.11772169917821884
6313,212,0.06176980584859848
6314,212,0.041057609021663666
6315,212,0.06373930722475052
6316,212,0.038025569170713425
6317,212,0.09447193890810013
6318,212,0.08179379254579544
6319,212,0.09890253841876984
6320,212,0.11241534352302551
6321,212,0.0605756901204586
6322,212,0.02857683226466179
6323,212,0.06413456052541733
6324,212,0.0326898917555809
6325,212,0.09131534397602081
6326,212,0.04644935578107834
6327,212,0.09110332280397415
6328,212,0.1754004955291748
6329,212,0.0919203981757164
6330,213,0.039029333740472794
6331,213,0.08839381486177444
6332,213,0.11474722623825073
6333,213,0.1004277765750885
6334,213,0.06357647478580475
6335,213,0.10958045721054077
6336,213,0.033589012920856476
6337,213,0.0845709964632988
6338,213,0.058688268065452576
6339,213,0.10760874301195145
6340,213,0.13962112367153168
6341,213,0.07707121223211288
6342,214,0.10224111378192902
6343,214,0.05107928067445755
6344,214,0.12226119637489319
6345,214,0.07406937330961227
6346,214,0.07848469913005829
6347,214,0.1102323904633522
6348,214,0.06428447365760803
6349,214,0.06514118611812592
6350,214,0.09301178902387619
6351,214,0.07471245527267456
6352,214,0.130103200674057
6353,214,0.06694159656763077
6354,214,0.12087282538414001
6355,214,0.07832341641187668
6356,214,0.1347578465938568
6357,214,0.05413471907377243
6358,214,0.08041819930076599
6359,214,0.08109443634748459
6360,214,0.12725135684013367
6361,214,0.09575307369232178
6362,215,0.07203330099582672
6363,215,0.06639208644628525
6364,215,0.057916559278964996
6365,215,0.05097031593322754
6366,215,0.060047004371881485
6367,215,0.07594145834445953
6368,215,0.04288178309798241
6369,215,0.06840188801288605
6370,215,0.061682477593421936
6371,215,0.07021063566207886
6372,215,0.07384063303470612
6373,215,0.04155820980668068
6374,215,0.12649257481098175
6375,215,0.056267522275447845
6376,215,0.11452297866344452
6377,215,0.14489184319972992
6378,215,0.1379724144935608
6379,215,0.09154123812913895
6380,215,0.10662040114402771
6381,215,0.07251051068305969
6382,215,0.12608404457569122
6383,215,0.03237879276275635
6384,215,0.08172262459993362
6385,216,0.1595628708600998
6386,216,0.09937139600515366
6387,216,0.11887694895267487
6388,216,0.07088139653205872
6389,216,0.09370676428079605
6390,216,0.027495546266436577
6391,216,0.08368098735809326
6392,216,0.10236988961696625
6393,216,0.14535951614379883
6394,216,0.05857213959097862
6395,216,0.043264225125312805
6396,216,0.10854510962963104
6397,216,0.14194226264953613
6398,216,0.09431479126214981
6399,216,0.11641667783260345
6400,216,0.07811325788497925
6401,216,0.08911542594432831
6402,216,0.12075669318437576
6403,217,0.13706113398075104
6404,217,0.0638250783085823
6405,217,0.060851287096738815
6406,217,0.08279002457857132
6407,217,0.12909239530563354
6408,217,0.06369051337242126
6409,217,0.09625095874071121
6410,217,0.07605934143066406
6411,217,0.07070823758840561
6412,217,0.1265251487493515
6413,217,0.07676423341035843
6414,217,0.06317546963691711
6415,218,0.10327416658401489
6416,218,0.06015045940876007
6417,218,0.08376297354698181
6418,218,0.05447397753596306
6419,218,0.06995957344770432
6420,218,0.07204537093639374
6421,218,0.07433582097291946
6422,218,0.10431350022554398
6423,218,0.16512128710746765
6424,218,0.04635396599769592
6425,218,0.07030002027750015
6426,218,0.08528055995702744
6427,218,0.04850132018327713
6428,218,0.03230639547109604
6429,218,0.06822142750024796
6430,218,0.061300698667764664
6431,218,0.10880168527364731
6432,218,0.16813670098781586
6433,218,0.08718810230493546
6434,218,0.12650632858276367
6435,219,0.040335215628147125
6436,219,0.08943010121583939
6437,219,0.10304364562034607
6438,219,0.09763991087675095
6439,219,0.04810316860675812
6440,219,0.05731424316763878
6441,219,0.19658564031124115
6442,219,0.08198067545890808
6443,219,0.06505709886550903
6444,219,0.11308261752128601
6445,219,0.0799892246723175
6446,219,0.06387946009635925
6447,219,0.052637845277786255
6448,219,0.1326082944869995
6449,219,0.1020277813076973
6450,220,0.07628772407770157
6451,220,0.06091808155179024
6452,220,0.07511923462152481
6453,220,0.09626458585262299
6454,220,0.038084015250205994
6455,220,0.05492010712623596
6456,220,0.0734209269285202
6457,220,0.08738905936479568
6458,220,0.11567278951406479
6459,220,0.09770568460226059
6460,220,0.2255292683839798
6461,220,0.06644581258296967
6462,220,0.054270658642053604
6463,220,0.14693692326545715
6464,221,0.08055338263511658
6465,221,0.17753823101520538
6466,221,0.12509030103683472
6467,221,0.10067319124937057
6468,221,0.07081372290849686
6469,221,0.06720633804798126
6470,221,0.07308748364448547
6471,221,0.09031815081834793
6472,221,0.052179694175720215
6473,221,0.15518181025981903
6474,221,0.07231119275093079
6475,221,0.11050195246934891
6476,221,0.06771693378686905
6477,221,0.11243635416030884
6478,221,0.07163989543914795
6479,221,0.06668820232152939
6480,221,0.045783258974552155
6481,221,0.06527641415596008
6482,221,0.07889198511838913
6483,221,0.04278724268078804
6484,221,0.05407731235027313
6485,222,0.08275189995765686
6486,222,0.08786776661872864
6487,222,0.04418351501226425
6488,222,0.1348370909690857
6489,222,0.10668755322694778
6490,222,0.036214716732501984
6491,222,0.11800603568553925
6492,222,0.10112061351537704
6493,222,0.0841444805264473
6494,222,0.04710741713643074
6495,222,0.09592674672603607
6496,222,0.1040486991405487
6497,222,0.09644711017608643
6498,222,0.057977307587862015
6499,222,0.08473992347717285
6500,222,0.052136410027742386
6501,222,0.2419131100177765
6502,222,0.10882078111171722
6503,222,0.10501277446746826
6504,222,0.08107085525989532
6505,222,0.14325734972953796
6506,222,0.09443163126707077
6507,223,0.10937533527612686
6508,223,0.08881677687168121
6509,223,0.24668604135513306
6510,223,0.1328352838754654
6511,223,0.061645008623600006
6512,223,0.12743785977363586
6513,223,0.14098772406578064
6514,223,0.09657874703407288
6515,223,0.14464344084262848
6516,223,0.04768761992454529
6517,223,0.17771966755390167
6518,223,0.08984920382499695
6519,223,0.0942266583442688
6520,223,0.07489114254713058
6521,223,0.10732290893793106
6522,223,0.11194169521331787
6523,223,0.04876931384205818
6524,223,0.19020259380340576
6525,223,0.12550657987594604
6526,224,0.07345692068338394
6527,224,0.06145419552922249
6528,224,0.06897798180580139
6529,224,0.1379808634519577
6530,224,0.09990150481462479
6531,224,0.10675210505723953
6532,224,0.08302684128284454
6533,224,0.11407039314508438
6534,224,0.07018046826124191
6535,224,0.11042242497205734
6536,224,0.2413635551929474
6537,224,0.1552896499633789
6538,224,0.08469624072313309
6539,224,0.08351640403270721
6540,224,0.06724567711353302
6541,224,0.05428984388709068
6542,224,0.12331788241863251
6543,224,0.09627483040094376
6544,224,0.10191332548856735
6545,224,0.12718316912651062
6546,224,0.09736784547567368
6547,224,0.09439580142498016
6548,225,0.03953947499394417
6549,225,0.11456815153360367
6550,225,0.1491522639989853
6551,225,0.08838392049074173
6552,225,0.05559177324175835
6553,225,0.06458469480276108
6554,225,0.11163848638534546
6555,225,0.08672098815441132
6556,226,0.1159992516040802
6557,226,0.044042881578207016
6558,226,0.06185348704457283
6559,226,0.15511254966259003
6560,226,0.06802184879779816
6561,226,0.08468116074800491
6562,226,0.04752832651138306
6563,226,0.038182832300662994
6564,226,0.16253645718097687
6565,226,0.14620189368724823
6566,226,0.14467200636863708
6567,226,0.10137639194726944
6568,226,0.1284358650445938
6569,226,0.05710407719016075
6570,226,0.04703516140580177
6571,226,0.07750143855810165
6572,227,0.11414589732885361
6573,227,0.11505381017923355
6574,227,0.04831394553184509
6575,227,0.16098017990589142
6576,227,0.07979714125394821
6577,227,0.1250607967376709
6578,227,0.11367110908031464
6579,227,0.029823029413819313
6580,227,0.07271294295787811
6581,227,0.0898451954126358
6582,227,0.03578532859683037
6583,227,0.07748483866453171
6584,227,0.10801563411951065
6585,227,0.025998523458838463
6586,227,0.0575934499502182
6587,227,0.10794207453727722
6588,227,0.17121735215187073
6589,227,0.12698917090892792
6590,227,0.07764873653650284
6591,228,0.12514248490333557
6592,228,0.07614398002624512
6593,228,0.15188629925251007
6594,228,0.14210157096385956
6595,228,0.06433749943971634
6596,228,0.07156961411237717
6597,228,0.031132521107792854
6598,228,0.07144247740507126
6599,228,0.07569059729576111
6600,228,0.048775311559438705
6601,228,0.11147797107696533
6602,228,0.12221574783325195
6603,228,0.0766592025756836
6604,228,0.11696382611989975
6605,228,0.071872778236866
6606,228,0.13513360917568207
6607,229,0.1278594583272934
6608,229,0.09846717119216919
6609,229,0.03814615309238434
6610,229,0.09229210019111633
6611,229,0.12837013602256775
6612,229,0.08058644831180573
6613,229,0.08579011261463165
6614,229,0.07575945556163788
6615,229,0.09011759608983994
6616,229,0.11784014850854874
6617,229,0.11470034718513489
6618,229,0.0311332605779171
6619,229,0.11371918022632599
6620,229,0.13753962516784668
6621,229,0.16972120106220245
6622,229,0.04739678278565407
6623,229,0.04729621857404709
6624,229,0.06744253635406494
6625,229,0.028437217697501183
6626,229,0.0952848494052887
6627,229,0.1483127325773239
6628,229,0.07569056004285812
6629,229,0.10684815794229507
6630,229,0.09572891145944595
6631,229,0.09736495465040207
6632,230,0.13194015622138977
6633,230,0.05273532122373581
6634,230,0.08059736341238022
6635,230,0.08341889828443527
6636,230,0.07016108185052872
6637,230,0.03374191373586655
6638,230,0.06472356617450714
6639,230,0.13282045722007751
6640,230,0.08434278517961502
6641,230,0.04063481092453003
6642,230,0.08664198219776154
6643,230,0.1399397850036621
6644,230,0.1316819190979004
6645,230,0.12474139034748077
6646,230,0.03401403874158859
6647,230,0.19263872504234314
6648,230,0.030773399397730827
6649,230,0.03549376502633095
6650,230,0.05664583295583725
6651,230,0.09234015643596649
6652,231,0.09230378270149231
6653,231,0.06533601880073547
6654,231,0.1105671226978302
6655,231,0.062046922743320465
6656,231,0.08836465328931808
6657,231,0.04113590717315674
6658,231,0.07303839176893234
6659,231,0.03398386761546135
6660,231,0.06629540771245956
6661,231,0.09142003953456879
6662,231,0.03853709623217583
6663,231,0.08790546655654907
6664,231,0.1759035885334015
6665,231,0.04964713007211685
6666,231,0.10077829658985138
6667,231,0.08295151591300964
6668,231,0.14365102350711823
6669,231,0.036881223320961
6670,231,0.11021700501441956
6671,231,0.09315956383943558
6672,231,0.027935180813074112
6673,231,0.10480126738548279
6674,232,0.06084112077951431
6675,232,0.038035064935684204
6676,232,0.12076142430305481
6677,232,0.09864413738250732
6678,232,0.03149691969156265
6679,232,0.11552965641021729
6680,232,0.04815356060862541
6681,232,0.08951672166585922
6682,232,0.07354995608329773
6683,232,0.07573816925287247
6684,232,0.08996996283531189
6685,233,0.05161849781870842
6686,233,0.03480411693453789
6687,233,0.1358090043067932
6688,233,0.08673416078090668
6689,233,0.0862603634595871
6690,233,0.10841786861419678
6691,233,0.15817207098007202
6692,233,0.0852360874414444
6693,233,0.0893116220831871
6694,233,0.08539917320013046
6695,233,0.06775296479463577
6696,233,0.1248122975230217
6697,234,0.04449589177966118
6698,234,0.11003223806619644
6699,234,0.06317312270402908
6700,234,0.11027996242046356
6701,234,0.14919893443584442
6702,234,0.10608147084712982
6703,234,0.09731996059417725
6704,234,0.08522924780845642
6705,234,0.07108502835035324
6706,234,0.12254396826028824
6707,234,0.06408598273992538
6708,234,0.07296328991651535
6709,234,0.03361447528004646
6710,234,0.07650024443864822
6711,234,0.07911192625761032
6712,234,0.0801653265953064
6713,234,0.12394082546234131
6714,234,0.032730113714933395
6715,234,0.05371161922812462
6716,234,0.07713358104228973
6717,234,0.10969755798578262
6718,234,0.04043654352426529
6719,234,0.032718829810619354
6720,235,0.06441844999790192
6721,235,0.045237839221954346
6722,235,0.10286678373813629
6723,235,0.18683816492557526
6724,235,0.15407897531986237
6725,235,0.07007644325494766
6726,235,0.11032401025295258
6727,235,0.09304197132587433
6728,235,0.056366853415966034
6729,235,0.0905981957912445
6730,235,0.1597391813993454
6731,235,0.07444477081298828
6732,235,0.08173216879367828
6733,235,0.15469026565551758
6734,235,0.038847386837005615
6735,235,0.037133798003196716
6736,235,0.12922018766403198
6737,235,0.09294183552265167
6738,235,0.08026976883411407
6739,235,0.15587690472602844
6740,235,0.10976239293813705
6741,235,0.11039593070745468
6742,236,0.051888301968574524
6743,236,0.14267295598983765
6744,236,0.05492391437292099
6745,236,0.0654485821723938
6746,236,0.05741824209690094
6747,236,0.17805971205234528
6748,236,0.13096977770328522
6749,236,0.05845498666167259
6750,236,0.08351325243711472
6751,236,0.1092233806848526
6752,236,0.16773763298988342
6753,236,0.06742024421691895
6754,236,0.06982302665710449
6755,236,0.13903945684432983
6756,236,0.12206710129976273
6757,236,0.07774945348501205
6758,236,0.10061734914779663
6759,236,0.12754079699516296
6760,236,0.13420896232128143
6761,236,0.10699839890003204
6762,236,0.08560948073863983
6763,237,0.11836224794387817
6764,237,0.07990071922540665
6765,237,0.13136324286460876
6766,237,0.12502653896808624
6767,237,0.09823419898748398
6768,237,0.10107965767383575
6769,237,0.02990473434329033
6770,237,0.11696192622184753
6771,238,0.08656423538923264
6772,238,0.05573076009750366
6773,238,0.09273096174001694
6774,238,0.17477616667747498
6775,238,0.08896442502737045
6776,238,0.08438080549240112
6777,238,0.1274147778749466
6778,238,0.0782327651977539
6779,238,0.11951656639575958
6780,238,0.10812421888113022
6781,238,0.04766157642006874
6782,238,0.10165704786777496
6783,238,0.13800588250160217
6784,238,0.1060527041554451
6785,238,0.059312544763088226
6786,238,0.09324481338262558
6787,239,0.03110375627875328
6788,239,0.10121563076972961
6789,239,0.11288793385028839
6790,239,0.07051346451044083
6791,239,0.14490006864070892
6792,239,0.07809164375066757
6793,239,0.07626378536224365
6794,239,0.15711157023906708
6795,239,0.14491316676139832
6796,239,0.12226459383964539
6797,239,0.13592812418937683
6798,239,0.054376326501369476
6799,239,0.07002332806587219
6800,239,0.11347632110118866
6801,239,0.11340110749006271
6802,239,0.076319120824337
6803,239,0.08258157968521118
6804,239,0.18951725959777832
6805,239,0.20394685864448547
6806,239,0.04053298383951187
6807,240,0.0665966123342514
6808,240,0.14818134903907776
6809,240,0.07328798621892929
6810,240,0.10338401794433594
6811,240,0.060321155935525894
6812,240,0.13945767283439636
6813,240,0.11835560947656631
6814,240,0.08250901103019714
6815,240,0.05457104742527008
6816,240,0.03648059815168381
6817,240,0.17343275249004364
6818,240,0.07066747546195984
6819,240,0.10915495455265045
6820,240,0.09789852797985077
6821,240,0.11315556615591049
6822,240,0.05470426380634308
6823,240,0.12482836842536926
6824,240,0.07731351256370544
6825,241,0.029552215710282326
6826,241,0.08345851302146912
6827,241,0.08232884854078293
6828,241,0.06888791173696518
6829,241,0.06979207694530487
6830,241,0.09018868952989578
6831,241,0.08041262626647949
6832,241,0.10526058822870255
6833,241,0.058725181967020035
6834,241,0.1086287572979927
6835,241,0.17391109466552734
6836,241,0.03662774711847305
6837,241,0.1389521062374115
6838,241,0.11548669636249542
6839,241,0.07179836928844452
6840,241,0.12457633763551712
6841,241,0.19835242629051208
6842,241,0.12453611195087433
6843,242,0.08895719051361084
6844,242,0.031110160052776337
6845,242,0.062204256653785706
6846,242,0.1413472443819046
6847,242,0.06919068098068237
6848,242,0.05736897513270378
6849,242,0.15975739061832428
6850,242,0.05247435346245766
6851,242,0.17796483635902405
6852,242,0.02757786400616169
6853,242,0.11318328976631165
6854,242,0.07291868329048157
6855,242,0.16331861913204193
6856,242,0.1247534230351448
6857,242,0.10519905388355255
6858,242,0.0662681832909584
6859,242,0.09345953911542892
6860,242,0.07561850547790527
6861,242,0.10891181975603104
6862,242,0.11357256025075912
6863,242,0.1544167697429657
6864,242,0.09473825246095657
6865,242,0.11106953769922256
6866,242,0.1403246372938156
6867,242,0.0729232057929039
6868,243,0.13352560997009277
6869,243,0.11854979395866394
6870,243,0.05088489130139351
6871,243,0.16376560926437378
6872,243,0.09432646632194519
6873,243,0.14294040203094482
6874,243,0.07766911387443542
6875,243,0.05510665848851204
6876,243,0.12949874997138977
6877,243,0.12704157829284668
6878,243,0.1205059066414833
6879,243,0.04710448533296585
6880,243,0.08139023929834366
6881,243,0.06366650760173798
6882,243,0.045713067054748535
6883,243,0.06701211631298065
6884,243,0.16181635856628418
6885,243,0.19557122886180878
6886,243,0.09462723881006241
6887,243,0.16020268201828003
6888,243,0.1261509209871292
6889,243,0.06807772070169449
6890,243,0.03972434997558594
6891,243,0.09598230570554733
6892,243,0.12578600645065308
6893,243,0.03968113660812378
6894,244,0.06286349147558212
6895,244,0.04455697908997536
6896,244,0.074760802090168
6897,244,0.114344522356987
6898,244,0.07267346978187561
6899,244,0.07095611840486526
6900,244,0.060209933668375015
6901,244,0.14341279864311218
6902,244,0.03741851821541786
6903,244,0.1013990193605423
6904,244,0.042428310960531235
6905,244,0.13566362857818604
6906,244,0.16564470529556274
6907,244,0.14398175477981567
6908,244,0.10016879439353943
6909,244,0.031577497720718384
6910,244,0.06619466841220856
6911,244,0.08105167001485825
6912,244,0.07358386367559433
6913,245,0.07984579354524612
6914,245,0.1041249930858612
6915,245,0.07462559640407562
6916,245,0.07212486118078232
6917,245,0.15540695190429688
6918,245,0.08806411921977997
6919,245,0.10630015283823013
6920,245,0.058246880769729614
6921,245,0.12885981798171997
6922,245,0.03772902861237526
6923,246,0.07308672368526459
6924,246,0.09161325544118881
6925,246,0.07855404168367386
6926,246,0.07869121432304382
6927,246,0.09013450145721436
6928,246,0.14079056680202484
6929,246,0.03642968088388443
6930,246,0.03139982372522354
6931,246,0.07601676881313324
6932,246,0.1717853844165802
6933,246,0.10658049583435059
6934,246,0.10663233697414398
6935,246,0.16739322245121002
6936,246,0.0762646421790123
6937,246,0.07002856582403183
6938,246,0.07113195955753326
6939,246,0.11386647820472717
6940,246,0.08683885633945465
6941,246,0.1627311408519745
6942,246,0.0882263258099556
6943,246,0.10356589406728745
6944,246,0.06620427221059799
6945,246,0.08809523284435272
6946,247,0.04077693074941635
6947,247,0.0900978296995163
6948,247,0.0887657105922699
6949,247,0.06362216174602509
6950,247,0.05583563819527626
6951,247,0.0874289944767952
6952,247,0.02902478165924549
6953,247,0.08639396727085114
6954,247,0.11360672116279602
6955,247,0.0963391363620758
6956,247,0.07993626594543457
6957,247,0.10954150557518005
6958,248,0.04182334616780281
6959,248,0.027378151193261147
6960,248,0.11064162105321884
6961,248,0.09671701490879059
6962,248,0.08102838695049286
6963,248,0.1363036036491394
6964,248,0.07511736452579498
6965,248,0.18408189713954926
6966,248,0.0323559045791626
6967,248,0.056442223489284515
6968,248,0.06562363356351852
6969,248,0.08558978885412216
6970,249,0.09139242768287659
6971,249,0.034919269382953644
6972,249,0.1274562031030655
6973,249,0.08731337636709213
6974,249,0.03207545727491379
6975,249,0.028958234935998917
6976,249,0.06908030807971954
6977,249,0.18568196892738342
6978,249,0.029553020372986794
6979,249,0.09006261080503464
6980,249,0.2550540864467621
6981,249,0.04603319615125656
6982,249,0.12548993527889252
6983,249,0.18690218031406403
6984,249,0.11863669008016586
6985,249,0.15336205065250397
6986,249,0.05043303593993187
6987,249,0.03939998522400856
6988,249,0.09453698992729187
6989,249,0.060189004987478256
6990,250,0.06835449486970901
6991,250,0.12398574501276016
6992,250,0.06649617850780487
6993,250,0.1819397658109665
6994,250,0.10688931494951248
6995,250,0.0641794353723526
6996,250,0.08501274883747101
6997,250,0.10544221848249435
6998,251,0.12434546649456024
6999,251,0.09968551248311996
7000,251,0.16915711760520935
7001,251,0.11309387534856796
7002,251,0.07170531898736954
7003,251,0.17850588262081146
7004,251,0.14118562638759613
7005,251,0.12293856590986252
7006,251,0.1097399964928627
7007,251,0.07884511351585388
7008,251,0.21907083690166473
7009,251,0.11216023564338684
7010,251,0.07703697681427002
7011,251,0.08674481511116028
7012,251,0.0944492369890213
7013,251,0.17303796112537384
7014,251,0.08887819945812225
7015,251,0.22289153933525085
7016,251,0.045110125094652176
7017,252,0.04871329665184021
7018,252,0.14892888069152832
7019,252,0.12933611869812012
7020,252,0.08916576206684113
7021,252,0.06859129667282104
7022,252,0.21967405080795288
7023,252,0.11183574050664902
7024,252,0.08760445564985275
7025,252,0.032868675887584686
7026,252,0.12161441892385483
7027,252,0.167738139629364
7028,252,0.08354122936725616
7029,252,0.11483222991228104
7030,252,0.11080717295408249
7031,252,0.09488361328840256
7032,252,0.07977952808141708
7033,252,0.08229056745767593
7034,253,0.09516467899084091
7035,253,0.09573087096214294
7036,253,0.10268215835094452
7037,253,0.043893001973629
7038,253,0.07206732779741287
7039,253,0.08970554918050766
7040,253,0.11498792469501495
7041,253,0.0360182449221611
7042,253,0.06911394745111465
7043,253,0.06894832849502563
7044,253,0.0647784098982811
7045,253,0.06315639615058899
7046,253,0.062169648706912994
7047,253,0.05552975460886955
7048,253,0.06638824194669724
7049,253,0.14723648130893707
7050,253,0.11403597891330719
7051,253,0.05503953993320465
7052,253,0.08319376409053802
7053,253,0.1301785260438919
7054,254,0.03580467402935028
7055,254,0.0612330362200737
7056,254,0.09315399825572968
7057,254,0.06226102262735367
7058,254,0.15220308303833008
7059,254,0.08621953427791595
7060,254,0.10517439246177673
7061,254,0.03133716806769371
7062,254,0.096661277115345
7063,254,0.08989231288433075
7064,254,0.06898877024650574
7065,254,0.05451124906539917
7066,254,0.1447618454694748
7067,254,0.15098123252391815
7068,254,0.12572632730007172
7069,254,0.044907085597515106
7070,254,0.06027562543749809
7071,254,0.1661887913942337
7072,254,0.14756734669208527
7073,254,0.16422322392463684
7074,255,0.1263945996761322
7075,255,0.0898243635892868
7076,255,0.07768787443637848
7077,255,0.08766074478626251
7078,255,0.10163913667201996
7079,255,0.03341223672032356
7080,255,0.1615542471408844
7081,255,0.08112319558858871
7082,255,0.0958840399980545
7083,255,0.054106369614601135
7084,255,0.09612888842821121
7085,255,0.04857395961880684
7086,255,0.13408872485160828
7087,255,0.11310132592916489
7088,255,0.14460735023021698
7089,255,0.1067124605178833
7090,255,0.07903054356575012
7091,256,0.0922444760799408
7092,256,0.12868288159370422
7093,256,0.08583471924066544
7094,256,0.138255774974823
7095,256,0.12322548776865005
7096,256,0.05169391632080078
7097,256,0.1630556285381317
7098,256,0.0714806318283081
7099,256,0.14191672205924988
7100,256,0.10833580046892166
7101,256,0.10295860469341278
7102,256,0.11510631442070007
7103,256,0.16081957519054413
7104,256,0.10924918204545975
7105,256,0.06852857023477554
7106,256,0.04906554892659187
7107,256,0.14134705066680908
7108,256,0.06806845963001251
7109,256,0.091244637966156
7110,256,0.12469874322414398
7111,257,0.09275942295789719
7112,257,0.21080994606018066
7113,257,0.0652591735124588
7114,257,0.06116516888141632
7115,257,0.18722733855247498
7116,257,0.12763015925884247
7117,257,0.13963650166988373
7118,257,0.07015641033649445
7119,257,0.09632417559623718
7120,257,0.09336156398057938
7121,257,0.06622941046953201
7122,257,0.1989060342311859
7123,257,0.11856435984373093
7124,257,0.10592633485794067
7125,257,0.0701180100440979
7126,258,0.07084131985902786
7127,258,0.029196765273809433
7128,258,0.08868186175823212
7129,258,0.07444220781326294
7130,258,0.06221296265721321
7131,258,0.13620515167713165
7132,258,0.11467151343822479
7133,258,0.09785311669111252
7134,258,0.09299761056900024
7135,258,0.11354681849479675
7136,258,0.05630101263523102
7137,258,0.09793270379304886
7138,258,0.17476144433021545
7139,258,0.1466694474220276
7140,258,0.06483931094408035
7141,258,0.089567631483078
7142,258,0.16071882843971252
7143,258,0.09088287502527237
7144,259,0.1490492969751358
7145,259,0.04717645421624184
7146,259,0.19123855233192444
7147,259,0.1341920793056488
7148,259,0.18395984172821045
7149,259,0.06870754808187485
7150,259,0.041422318667173386
7151,259,0.16086040437221527
7152,259,0.08934828639030457
7153,259,0.0796586126089096
7154,259,0.10661063343286514
7155,259,0.10627272725105286
7156,259,0.10099364817142487
7157,259,0.06289202719926834
7158,259,0.2475937306880951
7159,259,0.11386968940496445
7160,259,0.05150926858186722
7161,259,0.031739458441734314
7162,259,0.07238844782114029
7163,259,0.16963894665241241
7164,259,0.07213550060987473
7165,259,0.07934188842773438
7166,259,0.09555263817310333
7167,259,0.08685237914323807
7168,260,0.0985705703496933
7169,260,0.046284712851047516
7170,260,0.08940336853265762
7171,260,0.05526413023471832
7172,260,0.12935008108615875
7173,260,0.055083394050598145
7174,260,0.039332471787929535
7175,260,0.12859557569026947
7176,260,0.02809811383485794
7177,260,0.12280837446451187
7178,260,0.0912366732954979
7179,260,0.14041142165660858
7180,260,0.06977780908346176
7181,260,0.09177068620920181
7182,260,0.14530633389949799
7183,260,0.07868657261133194
7184,260,0.2716703712940216
7185,260,0.07885618507862091
7186,260,0.13646697998046875
7187,260,0.15912283957004547
7188,260,0.06021961569786072
7189,260,0.12758876383304596
7190,260,0.09195911139249802
7191,260,0.072599858045578
7192,260,0.10655374079942703
7193,261,0.07781095802783966
7194,261,0.09103908389806747
7195,261,0.145743727684021
7196,261,0.04424324259161949
7197,261,0.12723085284233093
7198,261,0.14195705950260162
7199,261,0.06030253320932388
7200,261,0.13310378789901733
7201,262,0.037474408745765686
7202,262,0.07748693227767944
7203,262,0.053709156811237335
7204,262,0.16750147938728333
7205,262,0.08928292244672775
7206,262,0.03787389025092125
7207,262,0.1217566654086113
7208,262,0.1621600091457367
7209,262,0.12364993989467621
7210,262,0.042124971747398376
7211,262,0.04169430583715439
7212,262,0.023041220381855965
7213,262,0.1405419409275055
7214,262,0.14390531182289124
7215,262,0.07318329811096191
7216,262,0.06973783671855927
7217,263,0.10340794920921326
7218,263,0.07169929146766663
7219,263,0.07379482686519623
7220,263,0.09822946786880493
7221,263,0.1784045398235321
7222,263,0.05565457418560982
7223,263,0.10472247004508972
7224,263,0.0676308423280716
7225,263,0.08112171292304993
7226,263,0.07296600937843323
7227,263,0.11362181603908539
7228,263,0.11921100318431854
7229,264,0.04706607013940811
7230,264,0.11907914280891418
7231,264,0.1002548336982727
7232,264,0.036663711071014404
7233,264,0.02755923569202423
7234,264,0.12314712256193161
7235,264,0.08261008560657501
7236,264,0.1287517100572586
7237,264,0.20059329271316528
7238,264,0.1346597820520401
7239,264,0.06419306248426437
7240,264,0.14519786834716797
7241,264,0.16994480788707733
7242,264,0.1535065770149231
7243,264,0.06704477965831757
7244,264,0.13394470512866974
7245,264,0.17860940098762512
7246,264,0.056496381759643555
7247,265,0.10397960245609283
7248,265,0.09039806574583054
7249,265,0.16545967757701874
7250,265,0.17793092131614685
7251,265,0.09930763393640518
7252,265,0.20276260375976562
7253,265,0.07634701579809189
7254,265,0.13192830979824066
7255,265,0.11482444405555725
7256,265,0.09157077223062515
7257,265,0.06780416518449783
7258,265,0.038915641605854034
7259,265,0.09657931327819824
7260,265,0.09940332174301147
7261,265,0.0908772274851799
7262,265,0.11086959391832352
7263,266,0.06305470317602158
7264,266,0.10200301557779312
7265,266,0.12919539213180542
7266,266,0.11187341809272766
7267,266,0.17213165760040283
7268,266,0.21491773426532745
7269,266,0.03740321099758148
7270,266,0.053638193756341934
7271,266,0.06812819838523865
7272,266,0.05869997665286064
7273,266,0.03822082281112671
7274,266,0.12633365392684937
7275,266,0.11910438537597656
7276,266,0.09416023641824722
7277,266,0.05112451687455177
7278,267,0.09794121980667114
7279,267,0.0969536080956459
7280,267,0.06103713437914848
7281,267,0.13967199623584747
7282,267,0.032586272805929184
7283,267,0.06677155196666718
7284,267,0.09300412237644196
7285,267,0.14730140566825867
7286,267,0.09964750707149506
7287,267,0.16171830892562866
7288,267,0.2036598026752472
7289,267,0.10709095746278763
7290,267,0.11016026139259338
7291,267,0.14598309993743896
7292,267,0.10161376744508743
7293,267,0.13062076270580292
7294,267,0.21773606538772583
7295,267,0.1129101812839508
7296,268,0.09904015064239502
7297,268,0.03346050903201103
7298,268,0.08202111721038818
7299,268,0.15435895323753357
7300,268,0.08034266531467438
7301,268,0.06724701821804047
7302,268,0.08531805872917175
7303,268,0.09682677686214447
7304,268,0.05558115243911743
7305,268,0.06675007939338684
7306,268,0.09119794517755508
7307,268,0.06893470883369446
7308,268,0.10062787681818008
7309,268,0.05505967512726784
7310,268,0.0608920082449913
7311,268,0.1322455257177353
7312,269,0.15874740481376648
7313,269,0.15046043694019318
7314,269,0.1889246702194214
7315,269,0.06596700102090836
7316,269,0.2619728744029999
7317,269,0.09491414576768875
7318,269,0.07059232890605927
7319,269,0.09645143896341324
7320,270,0.05664309486746788
7321,270,0.09227900952100754
7322,270,0.0917128399014473
7323,270,0.05963408946990967
7324,270,0.08339341729879379
7325,270,0.2021448016166687
7326,270,0.06225289776921272
7327,270,0.14547961950302124
7328,270,0.07467008382081985
7329,270,0.032912496477365494
7330,270,0.06084069609642029
7331,270,0.15182028710842133
7332,270,0.1406969130039215
7333,270,0.12874269485473633
7334,270,0.1155959889292717
7335,270,0.09885679185390472
7336,270,0.05495767295360565
7337,270,0.053385794162750244
7338,270,0.10458945482969284
7339,270,0.033208951354026794
7340,270,0.06893599033355713
7341,270,0.07977665960788727
7342,271,0.11319103091955185
7343,271,0.13837222754955292
7344,271,0.046352311968803406
7345,271,0.106069415807724
7346,271,0.1135224848985672
7347,271,0.035372354090213776
7348,271,0.11345501989126205
7349,271,0.11116725206375122
7350,271,0.17387209832668304
7351,271,0.028264056891202927
7352,271,0.0672338604927063
7353,271,0.1302102506160736
7354,271,0.08769446611404419
7355,271,0.10998092591762543
7356,272,0.07755472511053085
7357,272,0.06414805352687836
7358,272,0.04929886385798454
7359,272,0.018466869369149208
7360,272,0.1248912364244461
7361,272,0.07851575314998627
7362,272,0.05930604785680771
7363,272,0.13491909205913544
7364,272,0.07160265743732452
7365,272,0.10672453790903091
7366,272,0.1347711831331253
7367,272,0.05653904750943184
7368,272,0.0971522256731987
7369,272,0.10027358680963516
7370,272,0.14067189395427704
7371,273,0.131551593542099
7372,273,0.10363341122865677
7373,273,0.07420145720243454
7374,273,0.10844375193119049
7375,273,0.06762801110744476
7376,273,0.1250370591878891
7377,273,0.07460566610097885
7378,273,0.06764081120491028
7379,273,0.1097368374466896
7380,273,0.19503827393054962
7381,273,0.026298725977540016
7382,273,0.06600508093833923
7383,273,0.16144803166389465
7384,273,0.0973525121808052
7385,273,0.030639706179499626
7386,273,0.1423642337322235
7387,273,0.033618927001953125
7388,273,0.08754976838827133
7389,273,0.1017572283744812
7390,274,0.09782574325799942
7391,274,0.11683386564254761
7392,274,0.06658123433589935
7393,274,0.12580972909927368
7394,274,0.032752733677625656
7395,274,0.14736610651016235
7396,274,0.037614669650793076
7397,274,0.04180391505360603
7398,274,0.17087358236312866
7399,274,0.12729114294052124
7400,274,0.1667204201221466
7401,274,0.09248226881027222
7402,274,0.10938642919063568
7403,274,0.13573506474494934
7404,274,0.06858493387699127
7405,274,0.122563436627388
7406,274,0.1361597776412964
7407,274,0.07378091663122177
7408,275,0.11868670582771301
7409,275,0.07900460809469223
7410,275,0.1095861867070198
7411,275,0.07562943547964096
7412,275,0.05582094565033913
7413,275,0.044296570122241974
7414,275,0.03385104238986969
7415,275,0.107322558760643
7416,275,0.1431242823600769
7417,275,0.1978154182434082
7418,275,0.07753066718578339
7419,275,0.11593450605869293
7420,275,0.10133561491966248
7421,275,0.098689004778862
7422,275,0.04404072463512421
7423,275,0.10415498912334442
7424,275,0.04168391972780228
7425,275,0.06394802033901215
7426,275,0.1867597997188568
7427,275,0.06956779956817627
7428,275,0.06647469848394394
7429,276,0.14080321788787842
7430,276,0.07081145793199539
7431,276,0.03371017426252365
7432,276,0.14123469591140747
7433,276,0.14766636490821838
7434,276,0.09403426945209503
7435,276,0.06964465975761414
7436,276,0.1596204787492752
7437,276,0.12391622364521027
7438,276,0.18357913196086884
7439,276,0.18699611723423004
7440,276,0.04820581525564194
7441,276,0.0969012901186943
7442,276,0.06402447819709778
7443,276,0.09777791053056717
7444,276,0.0916508138179779
7445,276,0.1051340103149414
7446,277,0.05979365110397339
7447,277,0.13367342948913574
7448,277,0.03256167098879814
7449,277,0.11008656769990921
7450,277,0.16681897640228271
7451,277,0.030811740085482597
7452,277,0.09370151162147522
7453,277,0.08752704411745071
7454,277,0.062423691153526306
7455,277,0.0982024148106575
7456,277,0.08661225438117981
7457,277,0.06981906294822693
7458,277,0.08632661402225494
7459,277,0.07405954599380493
7460,277,0.027436161413788795
7461,277,0.17854642868041992
7462,277,0.08169801533222198
7463,277,0.11153632402420044
7464,277,0.08823517709970474
7465,278,0.23120291531085968
7466,278,0.0680789053440094
7467,278,0.19138474762439728
7468,278,0.06932663172483444
7469,278,0.13261370360851288
7470,278,0.06774374842643738
7471,278,0.07657813280820847
7472,278,0.17086103558540344
7473,278,0.11092617362737656
7474,278,0.08216612040996552
7475,278,0.1145167127251625
7476,278,0.09375031292438507
7477,278,0.058672916144132614
7478,278,0.1022161915898323
7479,279,0.09574565291404724
7480,279,0.12351702153682709
7481,279,0.08806705474853516
7482,279,0.0484667606651783
7483,279,0.07079549133777618
7484,279,0.059466782957315445
7485,279,0.06704691797494888
7486,279,0.05501128360629082
7487,279,0.11066398024559021
7488,279,0.1027875542640686
7489,279,0.09743067622184753
7490,279,0.15193146467208862
7491,279,0.07851201295852661
7492,279,0.10263407230377197
7493,279,0.09044548124074936
7494,279,0.03747108206152916
7495,279,0.1327946037054062
7496,280,0.1744581162929535
7497,280,0.18890109658241272
7498,280,0.08805222809314728
7499,280,0.07655948400497437
7500,280,0.14095771312713623
7501,280,0.0954972431063652
7502,280,0.16827452182769775
7503,280,0.07612863183021545
7504,280,0.12447556108236313
7505,280,0.1221110001206398
7506,280,0.11346519738435745
7507,280,0.10465039312839508
7508,280,0.03887059539556503
7509,280,0.06775868684053421
7510,280,0.09535078704357147
7511,280,0.1720319390296936
7512,280,0.04608246684074402
7513,280,0.03242737054824829
7514,280,0.19633282721042633
7515,280,0.1141352728009224
7516,280,0.07737737149000168
7517,281,0.10398009419441223
7518,281,0.042899832129478455
7519,281,0.09877695143222809
7520,281,0.060948699712753296
7521,281,0.06438390910625458
7522,281,0.07051945477724075
7523,281,0.08951431512832642
7524,281,0.12679344415664673
7525,281,0.1349550187587738
7526,281,0.10344285517930984
7527,281,0.10336122661828995
7528,281,0.1847841590642929
7529,281,0.1300978660583496
7530,281,0.08073820918798447
7531,281,0.05231868475675583
7532,281,0.1844174861907959
7533,281,0.2475423812866211
7534,281,0.0756099671125412
7535,281,0.10539983212947845
7536,281,0.1517532467842102
7537,281,0.13298176229000092
7538,282,0.04457135498523712
7539,282,0.06091470271348953
7540,282,0.14625394344329834
7541,282,0.11042717844247818
7542,282,0.059740595519542694
7543,282,0.11437846720218658
7544,282,0.2028387039899826
7545,282,0.024813540279865265
7546,282,0.055188920348882675
7547,282,0.13046425580978394
7548,282,0.06239154562354088
7549,282,0.09728296846151352
7550,282,0.07957278937101364
7551,282,0.17551633715629578
7552,282,0.09342435002326965
7553,282,0.12600094079971313
7554,282,0.23897819221019745
7555,283,0.1571386754512787
7556,283,0.0619441494345665
7557,283,0.13974910974502563
7558,283,0.13730201125144958
7559,283,0.08817872405052185
7560,283,0.06015237420797348
7561,283,0.10528844594955444
7562,283,0.13115191459655762
7563,283,0.034762606024742126
7564,283,0.09520287066698074
7565,283,0.12135403603315353
7566,283,0.08278629183769226
7567,283,0.08833273500204086
7568,283,0.13627828657627106
7569,283,0.028748346492648125
7570,283,0.029421839863061905
7571,283,0.09134802222251892
7572,284,0.06457996368408203
7573,284,0.1875738501548767
7574,284,0.13086026906967163
7575,284,0.14608845114707947
7576,284,0.10912369191646576
7577,284,0.17374122142791748
7578,284,0.1003672182559967
7579,284,0.10524465143680573
7580,284,0.10624958574771881
7581,284,0.09989640861749649
7582,284,0.17605149745941162
7583,284,0.08317012339830399
7584,284,0.2429158240556717
7585,284,0.14042975008487701
7586,284,0.10008718818426132
7587,284,0.1219085082411766
7588,284,0.1949693262577057
7589,284,0.14328144490718842
7590,284,0.0941220372915268
7591,284,0.16482490301132202
7592,284,0.06438139081001282
7593,285,0.15075522661209106
7594,285,0.044999249279499054
7595,285,0.059548769146203995
7596,285,0.08832281827926636
7597,285,0.19501642882823944
7598,285,0.13534924387931824
7599,285,0.12041700631380081
7600,285,0.054874517023563385
7601,285,0.09180278331041336
7602,285,0.21500641107559204
7603,285,0.09987915307283401
7604,285,0.07719208300113678
7605,285,0.10368139296770096
7606,285,0.15262863039970398
7607,285,0.08139832317829132
7608,285,0.14226870238780975
7609,285,0.02984895370900631
7610,285,0.09480086714029312
7611,285,0.08064140379428864
7612,285,0.05121540278196335
7613,285,0.062353286892175674
7614,285,0.049007855355739594
7615,285,0.08077584207057953
7616,286,0.1300572156906128
7617,286,0.056005414575338364
7618,286,0.051949307322502136
7619,286,0.12624165415763855
7620,286,0.11274681985378265
7621,286,0.06376770883798599
7622,286,0.05464858189225197
7623,286,0.17209848761558533
7624,286,0.08022457361221313
7625,287,0.08097884058952332
7626,287,0.10311456024646759
7627,287,0.2440139651298523
7628,287,0.09887051582336426
7629,287,0.1088457778096199
7630,287,0.10363993793725967
7631,287,0.1658056378364563
7632,287,0.07030342519283295
7633,287,0.09365767240524292
7634,287,0.06345203518867493
7635,287,0.10117154568433762
7636,287,0.058814637362957
7637,287,0.11272932589054108
7638,287,0.08594555407762527
7639,287,0.119993194937706
7640,287,0.12792958319187164
7641,287,0.03226756677031517
7642,288,0.12695644795894623
7643,288,0.09271316975355148
7644,288,0.19400207698345184
7645,288,0.051972661167383194
7646,288,0.13817380368709564
7647,288,0.12495474517345428
7648,288,0.08539734035730362
7649,288,0.11393169313669205
7650,288,0.028285585343837738
7651,288,0.03154085949063301
7652,288,0.20940840244293213
7653,288,0.0859944149851799
7654,288,0.09320729225873947
7655,288,0.14693869650363922
7656,288,0.0723467618227005
7657,288,0.15758970379829407
7658,288,0.04497227072715759
7659,288,0.08158563077449799
7660,288,0.07847368717193604
7661,288,0.043035831302404404
7662,289,0.06306098401546478
7663,289,0.14167320728302002
7664,289,0.07549447566270828
7665,289,0.09400428831577301
7666,289,0.10475640743970871
7667,289,0.06143934652209282
7668,289,0.11488176882266998
7669,289,0.1319296658039093
7670,289,0.10531642287969589
7671,289,0.1793937385082245
7672,289,0.14107614755630493
7673,289,0.08588843792676926
7674,289,0.2139117270708084
7675,289,0.030798200517892838
7676,289,0.04148785024881363
7677,289,0.09352382272481918
7678,290,0.025209704414010048
7679,290,0.041027411818504333
7680,290,0.12984666228294373
7681,290,0.08342546224594116
7682,290,0.10167372226715088
7683,290,0.08774717152118683
7684,290,0.2157115489244461
7685,290,0.18244126439094543
7686,290,0.058263324201107025
7687,290,0.14686912298202515
7688,290,0.04280080273747444
7689,290,0.15167136490345
7690,290,0.10888145864009857
7691,290,0.09881854057312012
7692,290,0.10085616260766983
7693,291,0.29028987884521484
7694,291,0.2625192701816559
7695,291,0.06890237331390381
7696,291,0.08876381069421768
7697,291,0.13688871264457703
7698,291,0.13482829928398132
7699,291,0.09753493964672089
7700,291,0.09865105152130127
7701,291,0.04095658287405968
7702,291,0.0625411719083786
7703,292,0.07133469730615616
7704,292,0.05514518544077873
7705,292,0.03619145229458809
7706,292,0.07651905715465546
7707,292,0.06393466144800186
7708,292,0.11576671153306961
7709,292,0.10171420127153397
7710,292,0.09890028834342957
7711,293,0.17274418473243713
7712,293,0.07823143899440765
7713,293,0.17629902064800262
7714,293,0.15735259652137756
7715,293,0.10450361669063568
7716,293,0.16108641028404236
7717,293,0.12085824459791183
7718,293,0.10417471081018448
7719,293,0.07087911665439606
7720,293,0.16253578662872314
7721,293,0.03032900020480156
7722,293,0.071440190076828
7723,293,0.13450928032398224
7724,293,0.17081764340400696
7725,293,0.08902520686388016
7726,294,0.06603579968214035
7727,294,0.04457937553524971
7728,294,0.06258963793516159
7729,294,0.1453767865896225
7730,294,0.06410656124353409
7731,294,0.15393199026584625
7732,294,0.0904700756072998
7733,294,0.09065891802310944
7734,295,0.1413804590702057
7735,295,0.059068381786346436
7736,295,0.06589073687791824
7737,295,0.14277049899101257
7738,295,0.13938459753990173
7739,295,0.07109906524419785
7740,295,0.101697638630867
7741,295,0.11037763953208923
7742,295,0.16294680535793304
7743,295,0.07186046242713928
7744,295,0.13998568058013916
7745,295,0.1178165078163147
7746,295,0.21431732177734375
7747,295,0.1283305287361145
7748,295,0.13693180680274963
7749,295,0.10543924570083618
7750,295,0.09802459925413132
7751,295,0.15123847126960754
7752,295,0.07503485679626465
7753,296,0.16299717128276825
7754,296,0.2659717798233032
7755,296,0.23149411380290985
7756,296,0.1349249631166458
7757,296,0.07114259153604507
7758,296,0.09481292963027954
7759,296,0.11096564680337906
7760,296,0.12841187417507172
7761,296,0.07499581575393677
7762,296,0.08029235899448395
7763,296,0.11322806775569916
7764,296,0.17036621272563934
7765,296,0.15979573130607605
7766,296,0.07387731969356537
7767,296,0.18654417991638184
7768,296,0.02743636444211006
7769,296,0.03148533031344414
7770,296,0.1072552427649498
7771,296,0.06866331398487091
7772,296,0.11350833624601364
7773,296,0.07189669460058212
7774,296,0.05647345632314682
7775,296,0.05277179926633835
7776,297,0.18787550926208496
7777,297,0.10929886251688004
7778,297,0.07919185608625412
7779,297,0.09962300956249237
7780,297,0.16725970804691315
7781,297,0.11842349171638489
7782,297,0.1997634321451187
7783,297,0.060248203575611115
7784,297,0.13964544236660004
7785,297,0.17108990252017975
7786,297,0.15173867344856262
7787,297,0.14710228145122528
7788,297,0.11215553432703018
7789,297,0.14231757819652557
7790,297,0.14375369250774384
7791,298,0.13945595920085907
7792,298,0.135354146361351
7793,298,0.13033068180084229
7794,298,0.1149066835641861
7795,298,0.04255544766783714
7796,298,0.058166783303022385
7797,298,0.17676445841789246
7798,298,0.10820366442203522
7799,298,0.028966154903173447
7800,298,0.19573485851287842
7801,298,0.02332923375070095
7802,298,0.12621039152145386
7803,298,0.06459544599056244
7804,298,0.1124086007475853
7805,298,0.0784105584025383
7806,298,0.18251235783100128
7807,298,0.10400287061929703
7808,298,0.056221120059490204
7809,298,0.09019391983747482
7810,298,0.1472671926021576
7811,298,0.15046387910842896
7812,299,0.0884242057800293
7813,299,0.028027132153511047
7814,299,0.042977895587682724
7815,299,0.0760330855846405
7816,299,0.07058016210794449
7817,299,0.15115392208099365
7818,299,0.02147505432367325
7819,299,0.10809051245450974
7820,299,0.09160967916250229
7821,299,0.120613232254982
7822,299,0.06078333407640457
7823,299,0.06190032139420509
7824,299,0.1426466703414917
7825,299,0.05682334303855896
7826,299,0.20872506499290466
7827,299,0.10148326307535172
7828,299,0.0852973461151123
7829,299,0.18987511098384857
7830,299,0.11667675524950027
7831,300,0.14838635921478271
7832,300,0.11280453205108643
7833,300,0.13167129456996918
7834,300,0.03981737047433853
7835,300,0.0735786184668541
7836,300,0.14436236023902893
7837,300,0.10648931562900543
7838,300,0.10358645766973495
7839,300,0.07858402281999588
7840,300,0.0931457132101059
7841,300,0.11822772771120071
7842,300,0.0683417022228241
7843,300,0.18654274940490723
7844,300,0.07376071810722351
7845,300,0.21638230979442596
7846,300,0.05683900788426399
7847,300,0.08168049901723862
7848,300,0.1149774119257927
7849,300,0.11984441429376602
7850,300,0.1020793467760086
7851,300,0.13792625069618225
7852,300,0.06810175627470016
7853,300,0.14585623145103455
7854,301,0.10682748258113861
7855,301,0.176991805434227
7856,301,0.1538482904434204
7857,301,0.20654353499412537
7858,301,0.06857993453741074
7859,301,0.023491553962230682
7860,301,0.049477651715278625
7861,301,0.028390491381287575
7862,301,0.18167705833911896
7863,301,0.11818893253803253
7864,301,0.15835244953632355
7865,301,0.020244309678673744
7866,301,0.14418405294418335
7867,301,0.06565000116825104
7868,301,0.06704573333263397
7869,301,0.03937810659408569
7870,301,0.19617514312267303
7871,301,0.21821466088294983
7872,301,0.10271348804235458
7873,301,0.058227408677339554
7874,302,0.12462372332811356
7875,302,0.13445629179477692
7876,302,0.041208416223526
7877,302,0.15464003384113312
7878,302,0.15225835144519806
7879,302,0.25300344824790955
7880,302,0.05922606959939003
7881,302,0.14513173699378967
7882,302,0.041979461908340454
7883,302,0.08007887750864029
7884,302,0.02651606686413288
7885,302,0.1721448004245758
7886,302,0.07280197739601135
7887,302,0.10844714194536209
7888,302,0.05680737644433975
7889,302,0.17386138439178467
7890,302,0.07147083431482315
7891,302,0.10861235857009888
7892,302,0.1583968997001648
7893,302,0.10422033071517944
7894,302,0.06811296939849854
7895,302,0.06501361727714539
7896,302,0.058719947934150696
7897,302,0.11026327311992645
7898,302,0.18448995053768158
7899,303,0.17821702361106873
7900,303,0.050890713930130005
7901,303,0.09654754400253296
7902,303,0.07572419941425323
7903,303,0.1638534516096115
7904,303,0.13936197757720947
7905,303,0.12724758684635162
7906,303,0.11938413232564926
7907,303,0.06999776512384415
7908,303,0.2514321804046631
7909,303,0.11207827180624008
7910,303,0.2469911277294159
7911,303,0.1565130203962326
7912,303,0.16723646223545074
7913,303,0.15137672424316406
7914,303,0.048104166984558105
7915,303,0.06792246550321579
7916,303,0.08279846608638763
7917,303,0.10283094644546509
7918,304,0.1253841668367386
7919,304,0.12221968919038773
7920,304,0.17747020721435547
7921,304,0.15749813616275787
7922,304,0.14523012936115265
7923,304,0.06534259766340256
7924,304,0.04561299458146095
7925,304,0.14338591694831848
7926,304,0.04526420310139656
7927,304,0.11563822627067566
7928,304,0.11801926046609879
7929,304,0.0565359927713871
7930,304,0.12443779408931732
7931,304,0.155528262257576
7932,304,0.15099750459194183
7933,304,0.09554803371429443
7934,304,0.026775633916258812
7935,304,0.13286192715168
7936,304,0.07462065666913986
7937,305,0.1295585036277771
7938,305,0.06867225468158722
7939,305,0.05919565260410309
7940,305,0.03565453365445137
7941,305,0.14564047753810883
7942,305,0.08721256256103516
7943,305,0.11353492736816406
7944,305,0.16794225573539734
7945,305,0.06678248941898346
7946,305,0.15568406879901886
7947,305,0.04736143723130226
7948,305,0.1057923287153244
7949,305,0.18218189477920532
7950,306,0.14782443642616272
7951,306,0.08239243924617767
7952,306,0.13525588810443878
7953,306,0.17215044796466827
7954,306,0.06308603286743164
7955,306,0.1898212432861328
7956,306,0.08110158890485764
7957,306,0.1418168544769287
7958,306,0.06244970113039017
7959,306,0.1260186731815338
7960,306,0.08756780624389648
7961,306,0.06959692388772964
7962,307,0.20836618542671204
7963,307,0.05799514055252075
7964,307,0.0627114549279213
7965,307,0.09335795789957047
7966,307,0.020873721688985825
7967,307,0.0963667780160904
7968,307,0.09833262115716934
7969,307,0.17770537734031677
7970,307,0.14697962999343872
7971,307,0.09373249858617783
7972,307,0.1649019718170166
7973,307,0.11252284795045853
7974,307,0.0724649503827095
7975,307,0.06559727340936661
7976,307,0.03707076236605644
7977,307,0.1921415477991104
7978,307,0.08780980110168457
7979,307,0.07634874433279037
7980,307,0.12080249935388565
7981,307,0.11781315505504608
7982,307,0.1607441008090973
7983,307,0.07051114737987518
7984,308,0.17068026959896088
7985,308,0.06723353266716003
7986,308,0.20321008563041687
7987,308,0.06257028877735138
7988,308,0.14409112930297852
7989,308,0.08083290606737137
7990,308,0.03466973081231117
7991,308,0.14853094518184662
7992,308,0.21471206843852997
7993,308,0.22717109322547913
7994,308,0.07758838683366776
7995,308,0.07129038870334625
7996,308,0.10857097804546356
7997,308,0.09990271925926208
7998,308,0.10955219715833664
7999,308,0.20356807112693787
8000,308,0.09440740197896957
8001,308,0.09651663154363632
8002,308,0.06415318697690964
8003,308,0.10257408022880554
8004,308,0.11305516958236694
8005,308,0.10287648439407349
8006,309,0.1861974596977234
8007,309,0.07283999770879745
8008,309,0.06882990896701813
8009,309,0.20036184787750244
8010,309,0.07678120583295822
8011,309,0.09982140362262726
8012,309,0.13963797688484192
8013,309,0.23104697465896606
8014,309,0.1614663153886795
8015,309,0.23484906554222107
8016,309,0.15319021046161652
8017,309,0.14458000659942627
8018,309,0.07728264480829239
8019,309,0.11784396320581436
8020,309,0.07195053994655609
8021,309,0.06533321738243103
8022,309,0.028928354382514954
8023,309,0.09262599050998688
8024,309,0.07333510369062424
8025,309,0.09170474857091904
8026,309,0.10741282999515533
8027,309,0.14342013001441956
8028,309,0.05738866701722145
8029,310,0.062239885330200195
8030,310,0.1819716989994049
8031,310,0.1331707388162613
8032,310,0.11124958097934723
8033,310,0.07422187924385071
8034,310,0.03383525833487511
8035,310,0.06228714436292648
8036,310,0.07913319021463394
8037,310,0.02767045795917511
8038,310,0.10350441932678223
8039,310,0.05773758143186569
8040,310,0.14186498522758484
8041,310,0.30246734619140625
8042,310,0.12639568746089935
8043,310,0.05005279555916786
8044,310,0.2001444399356842
8045,310,0.05838297680020332
8046,310,0.10286861658096313
8047,310,0.14243283867835999
8048,310,0.06816814094781876
8049,310,0.08114317059516907
8050,311,0.056271590292453766
8051,311,0.1435779631137848
8052,311,0.15330711007118225
8053,311,0.1434333324432373
8054,311,0.1571791172027588
8055,311,0.1343168318271637
8056,311,0.1239890307188034
8057,311,0.10629960149526596
8058,311,0.17336508631706238
8059,311,0.10737640410661697
8060,311,0.08223054558038712
8061,311,0.13045266270637512
8062,311,0.11178354173898697
8063,311,0.1451302021741867
8064,311,0.1484176218509674
8065,311,0.18356004357337952
8066,311,0.06940410286188126
8067,311,0.025110147893428802
8068,311,0.1799655705690384
8069,311,0.06638816744089127
8070,311,0.16641032695770264
8071,311,0.06747526675462723
8072,311,0.18446889519691467
8073,311,0.09762830287218094
8074,311,0.07288947701454163
8075,311,0.1076858639717102
8076,312,0.2072276622056961
8077,312,0.1331382393836975
8078,312,0.0913441851735115
8079,312,0.07761996984481812
8080,312,0.1204184889793396
8081,312,0.130848690867424
8082,312,0.14817631244659424
8083,312,0.17106524109840393
8084,312,0.18531106412410736
8085,312,0.09792967140674591
8086,312,0.11142128705978394
8087,312,0.12681643664836884
8088,312,0.07848695665597916
8089,312,0.23100785911083221
8090,312,0.10286299139261246
8091,312,0.028922410681843758
8092,312,0.09006048738956451
8093,312,0.19200420379638672
8094,312,0.17233574390411377
8095,312,0.06855148822069168
8096,312,0.05548034608364105
8097,312,0.05626807361841202
8098,313,0.2249339520931244
8099,313,0.17200236022472382
8100,313,0.02597963809967041
8101,313,0.1293935626745224
8102,313,0.13463546335697174
8103,313,0.0513286255300045
8104,313,0.1711723953485489
8105,313,0.1373942792415619
8106,313,0.11731082201004028
8107,313,0.04590350389480591
8108,313,0.09437412768602371
8109,313,0.10397905111312866
8110,313,0.1277075707912445
8111,313,0.13451482355594635
8112,313,0.11194704473018646
8113,313,0.11939984560012817
8114,313,0.16551505029201508
8115,313,0.07060138136148453
8116,313,0.08981655538082123
8117,314,0.027575111016631126
8118,314,0.06904072314500809
8119,314,0.09750233590602875
8120,314,0.12565699219703674
8121,314,0.14936305582523346
8122,314,0.14726367592811584
8123,314,0.1026330217719078
8124,314,0.04881904274225235
8125,314,0.10330131649971008
8126,314,0.06585538387298584
8127,314,0.07303062826395035
8128,314,0.1147470772266388
8129,314,0.06712906062602997
8130,314,0.07215899229049683
8131,314,0.09407519549131393
8132,314,0.08079948276281357
8133,314,0.12628485262393951
8134,314,0.2192554622888565
8135,314,0.08021879196166992
8136,314,0.21876035630702972
8137,314,0.022733451798558235
8138,314,0.10774058848619461
8139,314,0.055045656859874725
8140,314,0.24901191890239716
8141,315,0.1711728870868683
8142,315,0.16905364394187927
8143,315,0.16750437021255493
8144,315,0.1695735603570938
8145,315,0.0905042439699173
8146,315,0.134517103433609
8147,315,0.07035993039608002
8148,315,0.06838231533765793
8149,315,0.07600992918014526
8150,315,0.14762234687805176
8151,315,0.12443094700574875
8152,315,0.060612715780735016
8153,315,0.06978781521320343
8154,315,0.16195105016231537
8155,315,0.03683015704154968
8156,315,0.13429108262062073
8157,315,0.10035974532365799
8158,315,0.2159011960029602
8159,315,0.02374688908457756
8160,315,0.13138219714164734
8161,316,0.21832053363323212
8162,316,0.05694930627942085
8163,316,0.17820201814174652
8164,316,0.10422691702842712
8165,316,0.06485050171613693
8166,316,0.13967566192150116
8167,316,0.12382183223962784
8168,316,0.1588776856660843
8169,316,0.1537070870399475
8170,316,0.06122113764286041
8171,316,0.12067954242229462
8172,316,0.12227016687393188
8173,316,0.11422199010848999
8174,316,0.10954918712377548
8175,317,0.19446751475334167
8176,317,0.15356793999671936
8177,317,0.1403346210718155
8178,317,0.17258256673812866
8179,317,0.08195208758115768
8180,317,0.09397221356630325
8181,317,0.10955360531806946
8182,317,0.13855937123298645
8183,317,0.04406919702887535
8184,317,0.14552634954452515
8185,317,0.11863203346729279
8186,317,0.16198964416980743
8187,317,0.21009422838687897
8188,317,0.1469993144273758
8189,317,0.10325245559215546
8190,317,0.18866044282913208
8191,317,0.1655915230512619
8192,318,0.171146422624588
8193,318,0.23311419785022736
8194,318,0.07033245265483856
8195,318,0.15816640853881836
8196,318,0.10151079297065735
8197,318,0.11462187021970749
8198,318,0.10864688456058502
8199,318,0.09993106126785278
8200,318,0.0957968458533287
8201,318,0.017432644963264465
8202,318,0.07763037830591202
8203,318,0.028651051223278046
8204,318,0.17729873955249786
8205,318,0.2126643806695938
8206,318,0.05673302710056305
8207,318,0.09778305888175964
8208,318,0.17498384416103363
8209,319,0.17566923797130585
8210,319,0.17915979027748108
8211,319,0.0234210342168808
8212,319,0.1281680315732956
8213,319,0.05307597666978836
8214,319,0.090890072286129
8215,319,0.2368128001689911
8216,319,0.07716329395771027
8217,319,0.05795181542634964
8218,319,0.06967639923095703
8219,319,0.13618825376033783
8220,319,0.06914022564888
8221,319,0.02041758969426155
8222,319,0.09785137325525284
8223,319,0.11685013771057129
8224,319,0.17430752515792847
8225,319,0.10069376230239868
8226,319,0.11086251586675644
8227,319,0.05765875428915024
8228,319,0.13961823284626007
8229,320,0.033670682460069656
8230,320,0.09890522062778473
8231,320,0.14326536655426025
8232,320,0.1476970613002777
8233,320,0.06799085438251495
8234,320,0.09190469980239868
8235,320,0.14284777641296387
8236,320,0.13394194841384888
8237,320,0.18068386614322662
8238,320,0.1510510891675949
8239,320,0.09152672439813614
8240,320,0.09981626272201538
8241,320,0.03780379891395569
8242,320,0.20654280483722687
8243,320,0.1523953676223755
8244,320,0.09631112217903137
8245,320,0.03886137902736664
8246,320,0.07190696895122528
8247,320,0.05135482922196388
8248,320,0.253324955701828
8249,320,0.03292711451649666
8250,320,0.07582968473434448
8251,321,0.13444392383098602
8252,321,0.06866837292909622
8253,321,0.0681360736489296
8254,321,0.16909019649028778
8255,321,0.26512742042541504
8256,321,0.10628273338079453
8257,321,0.06901507079601288
8258,321,0.05439290776848793
8259,321,0.062487632036209106
8260,321,0.11684392392635345
8261,321,0.05746041610836983
8262,321,0.0978614091873169
8263,321,0.15584656596183777
8264,321,0.09418120980262756
8265,321,0.13709083199501038
8266,321,0.1300341635942459
8267,321,0.1605384200811386
8268,321,0.029991233721375465
8269,321,0.03289366886019707
8270,321,0.09717002511024475
8271,321,0.18297283351421356
8272,322,0.11981917172670364
8273,322,0.06689362227916718
8274,322,0.09910833835601807
8275,322,0.1091776192188263
8276,322,0.12797559797763824
8277,322,0.08883548527956009
8278,322,0.19337521493434906
8279,322,0.040766727179288864
8280,322,0.2959612011909485
8281,322,0.06430715322494507
8282,322,0.11410057544708252
8283,322,0.15081824362277985
8284,323,0.10327588021755219
8285,323,0.15393254160881042
8286,323,0.08312063664197922
8287,323,0.09320078045129776
8288,323,0.04116744548082352
8289,323,0.1331098973751068
8290,323,0.08084216713905334
8291,323,0.06838994473218918
8292,323,0.11065778136253357
8293,323,0.1176299974322319
8294,323,0.11356635391712189
8295,323,0.1014266163110733
8296,323,0.17117956280708313
8297,323,0.13763748109340668
8298,323,0.1543278694152832
8299,323,0.11808089911937714
8300,323,0.2294663041830063
8301,324,0.08141021430492401
8302,324,0.09685167670249939
8303,324,0.056063078343868256
8304,324,0.10589595884084702
8305,324,0.06116727367043495
8306,324,0.02290419302880764
8307,324,0.12882563471794128
8308,324,0.08949828892946243
8309,324,0.018880711868405342
8310,324,0.02707746997475624
8311,324,0.1669963300228119
8312,324,0.14423570036888123
8313,324,0.052277132868766785
8314,324,0.13034261763095856
8315,324,0.05631031468510628
8316,324,0.1214316114783287
8317,324,0.0721188560128212
8318,324,0.17086899280548096
8319,324,0.06987243890762329
8320,324,0.05342414975166321
8321,324,0.2130632847547531
8322,325,0.12586314976215363
8323,325,0.08534780144691467
8324,325,0.10656356066465378
8325,325,0.1386255919933319
8326,325,0.1999736726284027
8327,325,0.067197784781456
8328,325,0.15741145610809326
8329,325,0.1935453861951828
8330,325,0.1860198974609375
8331,325,0.1933126151561737
8332,325,0.12634772062301636
8333,325,0.121745765209198
8334,325,0.09336584806442261
8335,325,0.06893783062696457
8336,325,0.11109834909439087
8337,325,0.051757898181676865
8338,325,0.030898399651050568
8339,325,0.02663882076740265
8340,325,0.21859429776668549
8341,325,0.10253623127937317
8342,325,0.06679605692625046
8343,325,0.06360520422458649
8344,326,0.05840849131345749
8345,326,0.11933577060699463
8346,326,0.026347653940320015
8347,326,0.10040991008281708
8348,326,0.08750385791063309
8349,326,0.07477705180644989
8350,326,0.10657782852649689
8351,326,0.20008942484855652
8352,326,0.036189958453178406
8353,326,0.06714047491550446
8354,326,0.06484412401914597
8355,326,0.18903709948062897
8356,326,0.09789065271615982
8357,326,0.18707579374313354
8358,326,0.09728091955184937
8359,326,0.03258443996310234
8360,326,0.060824450105428696
8361,326,0.14261633157730103
8362,327,0.2288479506969452
8363,327,0.029680050909519196
8364,327,0.14813277125358582
8365,327,0.04096101224422455
8366,327,0.13663250207901
8367,327,0.03654145449399948
8368,327,0.0638452097773552
8369,327,0.2035926729440689
8370,327,0.09643092751502991
8371,327,0.09381231665611267
8372,327,0.027397725731134415
8373,327,0.06499402970075607
8374,327,0.23366513848304749
8375,327,0.21371780335903168
8376,327,0.10592344403266907
8377,327,0.018079204484820366
8378,327,0.0782080888748169
8379,328,0.049266308546066284
8380,328,0.11995718628168106
8381,328,0.13830406963825226
8382,328,0.13316258788108826
8383,328,0.028982721269130707
8384,328,0.024854103103280067
8385,328,0.05068721994757652
8386,328,0.1262468546628952
8387,328,0.02256893925368786
8388,328,0.12119367718696594
8389,328,0.22397644817829132
8390,328,0.08687321096658707
8391,328,0.11610738933086395
8392,329,0.09745392203330994
8393,329,0.056443698704242706
8394,329,0.15597203373908997
8395,329,0.116234689950943
8396,329,0.034856200218200684
8397,329,0.10204290598630905
8398,329,0.02372637204825878
8399,329,0.0311848483979702
8400,329,0.12394201755523682
8401,329,0.15438956022262573
8402,329,0.1832577884197235
8403,329,0.24162648618221283
8404,329,0.16974374651908875
8405,329,0.0558004155755043
8406,329,0.19260528683662415
8407,330,0.09608998894691467
8408,330,0.07368958741426468
8409,330,0.11147803068161011
8410,330,0.11040100455284119
8411,330,0.06945603340864182
8412,330,0.08654861897230148
8413,330,0.13544988632202148
8414,330,0.09325795620679855
8415,330,0.21747656166553497
8416,330,0.12638139724731445
8417,330,0.060629792511463165
8418,330,0.057504329830408096
8419,330,0.24186965823173523
8420,330,0.11642521619796753
8421,330,0.019787278026342392
8422,331,0.05371154472231865
8423,331,0.06979101896286011
8424,331,0.09848403185606003
8425,331,0.10379991680383682
8426,331,0.2900394797325134
8427,331,0.0683174580335617
8428,331,0.14899444580078125
8429,331,0.10699813067913055
8430,331,0.06628459692001343
8431,331,0.15001660585403442
8432,331,0.14709332585334778
8433,331,0.1588839590549469
8434,331,0.20074480772018433
8435,331,0.019161054864525795
8436,331,0.03576624020934105
8437,331,0.13145717978477478
8438,331,0.1461045742034912
8439,331,0.11218442022800446
8440,331,0.1507873386144638
8441,331,0.1075776070356369
8442,332,0.10826509445905685
8443,332,0.06058264151215553
8444,332,0.023545103147625923
8445,332,0.12028704583644867
8446,332,0.13749413192272186
8447,332,0.23919394612312317
8448,332,0.09942648559808731
8449,332,0.052349530160427094
8450,332,0.21576915681362152
8451,332,0.18681542575359344
8452,332,0.07583919167518616
8453,332,0.18436382710933685
8454,333,0.08396656066179276
8455,333,0.09209958463907242
8456,333,0.058043498545885086
8457,333,0.10586461424827576
8458,333,0.08974111825227737
8459,333,0.09635091572999954
8460,333,0.08020547032356262
8461,333,0.13786308467388153
8462,333,0.0280136801302433
8463,333,0.20479607582092285
8464,333,0.16321678459644318
8465,333,0.13348554074764252
8466,333,0.07112396508455276
8467,333,0.19600853323936462
8468,333,0.0297210942953825
8469,333,0.0817265436053276
8470,333,0.2501053810119629
8471,333,0.16260293126106262
8472,333,0.20028361678123474
8473,333,0.06545116007328033
8474,333,0.2126465141773224
8475,333,0.1281486302614212
8476,334,0.07935144752264023
8477,334,0.03634045645594597
8478,334,0.12288472056388855
8479,334,0.03176863119006157
8480,334,0.12292525172233582
8481,334,0.19198569655418396
8482,334,0.13005408644676208
8483,334,0.06157714128494263
8484,334,0.06755547970533371
8485,334,0.1585315316915512
8486,334,0.09776117652654648
8487,334,0.10458269715309143
8488,334,0.058205828070640564
8489,334,0.10079481452703476
8490,334,0.05261510983109474
8491,334,0.07456467300653458
8492,334,0.07531638443470001
8493,334,0.06494179368019104
8494,334,0.2567248046398163
8495,334,0.17248398065567017
8496,335,0.20718707144260406
8497,335,0.08604356646537781
8498,335,0.11670463532209396
8499,335,0.10234227776527405
8500,335,0.19577240943908691
8501,335,0.07743135094642639
8502,335,0.15427912771701813
8503,335,0.07674819231033325
8504,335,0.03882937133312225
8505,335,0.07942692935466766
8506,335,0.032542575150728226
8507,336,0.033515963703393936
8508,336,0.09388749301433563
8509,336,0.14788559079170227
8510,336,0.13423265516757965
8511,336,0.142411470413208
8512,336,0.10868300497531891
8513,336,0.1435023695230484
8514,336,0.12879729270935059
8515,336,0.20402581989765167
8516,336,0.24408212304115295
8517,336,0.09197783470153809
8518,336,0.11440759152173996
8519,336,0.03879966214299202
8520,336,0.16801878809928894
8521,336,0.10607001185417175
8522,336,0.09318924695253372
8523,336,0.01854029856622219
8524,336,0.07963133603334427
8525,336,0.025242414325475693
8526,336,0.06333652883768082
8527,336,0.10447448492050171
8528,337,0.19482791423797607
8529,337,0.09797576814889908
8530,337,0.13992246985435486
8531,337,0.09416728466749191
8532,337,0.16351522505283356
8533,337,0.11744725704193115
8534,337,0.15152707695960999
8535,337,0.20317067205905914
8536,337,0.04211839661002159
8537,337,0.15014763176441193
8538,337,0.2428586483001709
8539,337,0.07728084176778793
8540,337,0.03159727901220322
8541,337,0.06960508972406387
8542,337,0.11669246852397919
8543,337,0.08392541110515594
8544,337,0.07730791717767715
8545,337,0.1376871019601822
8546,337,0.1124362051486969
8547,337,0.12571433186531067
8548,338,0.13550622761249542
8549,338,0.19624978303909302
8550,338,0.16323412954807281
8551,338,0.13923047482967377
8552,338,0.20247992873191833
8553,338,0.13910046219825745
8554,338,0.04117520898580551
8555,338,0.07890503108501434
8556,338,0.17978112399578094
8557,338,0.16820800304412842
8558,338,0.06134495884180069
8559,338,0.06867142766714096
8560,338,0.08002341538667679
8561,338,0.034563396126031876
8562,338,0.1271497905254364
8563,338,0.13808882236480713
8564,338,0.10407013446092606
8565,338,0.18412721157073975
8566,338,0.1080852821469307
8567,338,0.16072498261928558
8568,338,0.16037899255752563
8569,338,0.11834092438220978
8570,339,0.06786104291677475
8571,339,0.11897608637809753
8572,339,0.0649448111653328
8573,339,0.056155975908041
8574,339,0.15638196468353271
8575,339,0.09973832964897156
8576,339,0.10516292601823807
8577,339,0.057219162583351135
8578,339,0.029317693784832954
8579,339,0.06845349073410034
8580,339,0.04837023466825485
8581,340,0.10149119049310684
8582,340,0.15074245631694794
8583,340,0.21423739194869995
8584,340,0.07724396139383316
8585,340,0.057056400924921036
8586,340,0.013465448282659054
8587,340,0.11176350712776184
8588,340,0.06905300915241241
8589,340,0.08889268338680267
8590,340,0.0701279491186142
8591,340,0.10837727785110474
8592,340,0.18624886870384216
8593,340,0.14716963469982147
8594,340,0.11473499238491058
8595,340,0.06562771648168564
8596,341,0.16889649629592896
8597,341,0.09416593611240387
8598,341,0.11951392889022827
8599,341,0.21181264519691467
8600,341,0.0936674103140831
8601,341,0.06975514441728592
8602,341,0.2521311640739441
8603,341,0.06812331080436707
8604,341,0.12255843728780746
8605,341,0.22984500229358673
8606,341,0.02361794002354145
8607,341,0.1534099280834198
8608,341,0.15676352381706238
8609,342,0.0671297088265419
8610,342,0.1363832950592041
8611,342,0.02184879407286644
8612,342,0.11867529153823853
8613,342,0.03364104777574539
8614,342,0.2653020918369293
8615,342,0.2982489764690399
8616,342,0.1530146300792694
8617,342,0.19779036939144135
8618,342,0.08199375867843628
8619,342,0.07870868593454361
8620,342,0.0647968277335167
8621,342,0.15765847265720367
8622,342,0.1271185725927353
8623,342,0.13972505927085876
8624,342,0.19116690754890442
8625,342,0.020199038088321686
8626,342,0.18805159628391266
8627,342,0.14370180666446686
8628,342,0.059309471398591995
8629,342,0.14302773773670197
8630,343,0.11258427798748016
8631,343,0.19006291031837463
8632,343,0.06910378485918045
8633,343,0.22744497656822205
8634,343,0.11621444672346115
8635,343,0.18751686811447144
8636,343,0.13169577717781067
8637,343,0.09495425969362259
8638,343,0.09975001960992813
8639,343,0.035099711269140244
8640,343,0.13025294244289398
8641,343,0.15458416938781738
8642,343,0.0713314563035965
8643,343,0.06158885359764099
8644,343,0.25066226720809937
8645,343,0.128147691488266
8646,343,0.16918031871318817
8647,343,0.05136367306113243
8648,344,0.14024017751216888
8649,344,0.10556156933307648
8650,344,0.1903904676437378
8651,344,0.1307620406150818
8652,344,0.3570968210697174
8653,344,0.14692509174346924
8654,344,0.029208660125732422
8655,344,0.0825633704662323
8656,344,0.08152218908071518
8657,344,0.18200546503067017
8658,344,0.15544477105140686
8659,344,0.12480824440717697
8660,344,0.06063824146986008
8661,345,0.14837399125099182
8662,345,0.10975483804941177
8663,345,0.14177045226097107
8664,345,0.15234386920928955
8665,345,0.06935513019561768
8666,345,0.07317233830690384
8667,345,0.1365857720375061
8668,345,0.3376346230506897
8669,345,0.10521317273378372
8670,345,0.05470512807369232
8671,346,0.16095155477523804
8672,346,0.060185715556144714
8673,346,0.03450380265712738
8674,346,0.09421601891517639
8675,346,0.13279937207698822
8676,346,0.2259165346622467
8677,346,0.07819336652755737
8678,346,0.0961964800953865
8679,346,0.10582232475280762
8680,346,0.06585272401571274
8681,346,0.3080214262008667
8682,346,0.0954616516828537
8683,346,0.20109981298446655
8684,346,0.1481027901172638
8685,346,0.0958394855260849
8686,346,0.11046922206878662
8687,346,0.08035189658403397
8688,346,0.10548647493124008
8689,346,0.13394829630851746
8690,347,0.15882103145122528
8691,347,0.07703156024217606
8692,347,0.17968034744262695
8693,347,0.19114384055137634
8694,347,0.14186139404773712
8695,347,0.15393686294555664
8696,347,0.1205117329955101
8697,347,0.19536179304122925
8698,347,0.15664568543434143
8699,347,0.06704161316156387
8700,347,0.17907804250717163
8701,347,0.055740635842084885
8702,347,0.14284801483154297
8703,347,0.054025325924158096
8704,347,0.10977178066968918
8705,347,0.05611243098974228
8706,347,0.02191115729510784
8707,347,0.2223961055278778
8708,347,0.21312688291072845
8709,348,0.13567698001861572
8710,348,0.045030612498521805
8711,348,0.11791342496871948
8712,348,0.14245781302452087
8713,348,0.025643639266490936
8714,348,0.12154297530651093
8715,348,0.09954433143138885
8716,348,0.12636937201023102
8717,348,0.20223090052604675
8718,348,0.18646596372127533
8719,348,0.14165326952934265
8720,348,0.19827893376350403
8721,348,0.1815652847290039
8722,348,0.06866717338562012
8723,348,0.19707390666007996
8724,348,0.07549818605184555
8725,348,0.09589216858148575
8726,348,0.0927932858467102
8727,348,0.11065080761909485
8728,348,0.11521871387958527
8729,348,0.21491655707359314
8730,348,0.05708470195531845
8731,349,0.1622397005558014
8732,349,0.19199565052986145
8733,349,0.17285221815109253
8734,349,0.10470869392156601
8735,349,0.1305338591337204
8736,349,0.12694792449474335
8737,349,0.0946364551782608
8738,349,0.08032715320587158
8739,349,0.14859408140182495
8740,349,0.06075107678771019
8741,349,0.1056632399559021
8742,349,0.09055984765291214
8743,349,0.065013587474823
8744,349,0.2972308397293091
8745,350,0.12530609965324402
8746,350,0.03551798313856125
8747,350,0.10861939936876297
8748,350,0.23590850830078125
8749,350,0.07913844287395477
8750,350,0.09393348544836044
8751,350,0.07668544352054596
8752,350,0.06699882447719574
8753,350,0.12775219976902008
8754,350,0.15473361313343048
8755,350,0.13731814920902252
8756,350,0.1553952544927597
8757,350,0.07159094512462616
8758,350,0.12603142857551575
8759,350,0.26450517773628235
8760,350,0.11855431646108627
8761,350,0.1423056274652481
8762,350,0.0641665980219841
8763,351,0.05711417272686958
8764,351,0.09535358101129532
8765,351,0.1532720923423767
8766,351,0.08562950789928436
8767,351,0.08083094656467438
8768,351,0.13526718318462372
8769,351,0.14623266458511353
8770,351,0.10184571892023087
8771,351,0.09588171541690826
8772,351,0.11446505039930344
8773,351,0.02894039824604988
8774,351,0.12163124233484268
8775,351,0.038029786199331284
8776,351,0.19208382070064545
8777,351,0.029545515775680542
8778,351,0.1087084710597992
8779,351,0.04826255142688751
8780,352,0.17774955928325653
8781,352,0.1274980753660202
8782,352,0.1203339621424675
8783,352,0.25311601161956787
8784,352,0.08437201380729675
8785,352,0.23948459327220917
8786,352,0.07308615744113922
8787,352,0.11376737058162689
8788,352,0.249042809009552
8789,352,0.20291398465633392
8790,352,0.10774799436330795
8791,352,0.14249761402606964
8792,352,0.10774732381105423
8793,352,0.08061408996582031
8794,352,0.0662311539053917
8795,352,0.09067926555871964
8796,353,0.10351874679327011
8797,353,0.14134357869625092
8798,353,0.1650221347808838
8799,353,0.1086527556180954
8800,353,0.14501449465751648
8801,353,0.13591967523097992
8802,353,0.0692366510629654
8803,353,0.1657080203294754
8804,353,0.08654755353927612
8805,353,0.06450972706079483
8806,353,0.25518205761909485
8807,353,0.07836009562015533
8808,353,0.11407113075256348
8809,353,0.1277913898229599
8810,353,0.16112619638442993
8811,353,0.15581151843070984
8812,353,0.09874801337718964
8813,353,0.05975286662578583
8814,354,0.16193637251853943
8815,354,0.09867379069328308
8816,354,0.07662378251552582
8817,354,0.14020003378391266
8818,354,0.201710507273674
8819,354,0.10988486558198929
8820,354,0.11218585819005966
8821,354,0.02692059986293316
8822,354,0.14918352663516998
8823,354,0.07166241109371185
8824,354,0.020496711134910583
8825,355,0.15488201379776
8826,355,0.20824812352657318
8827,355,0.0289753470569849
8828,355,0.12846659123897552
8829,355,0.10950800031423569
8830,355,0.07059286534786224
8831,355,0.10880807787179947
8832,355,0.03953829035162926
8833,355,0.10071951150894165
8834,355,0.25135567784309387
8835,355,0.11840590089559555
8836,355,0.19564560055732727
8837,355,0.12023598700761795
8838,356,0.019653769209980965
8839,356,0.25742682814598083
8840,356,0.1390056610107422
8841,356,0.19819174706935883
8842,356,0.1527271270751953
8843,356,0.05761655047535896
8844,356,0.19842296838760376
8845,356,0.3125714063644409
8846,356,0.05355361849069595
8847,356,0.10273516178131104
8848,356,0.09590424597263336
8849,356,0.10097982734441757
8850,357,0.15251849591732025
8851,357,0.12320581823587418
8852,357,0.13902409374713898
8853,357,0.11773020029067993
8854,357,0.15603549778461456
8855,357,0.07080938667058945
8856,357,0.1073715016245842
8857,357,0.16895867884159088
8858,357,0.11308056116104126
8859,357,0.11580432951450348
8860,357,0.07236151397228241
8861,357,0.12457526475191116
8862,357,0.16117632389068604
8863,357,0.1127588301897049
8864,357,0.09355431795120239
8865,357,0.11258118599653244
8866,357,0.09572253376245499
8867,357,0.15513093769550323
8868,357,0.046487197279930115
8869,357,0.21898046135902405
8870,357,0.23647022247314453
8871,358,0.2264179289340973
8872,358,0.19238997995853424
8873,358,0.2219633162021637
8874,358,0.1061525046825409
8875,358,0.0831933319568634
8876,358,0.23429077863693237
8877,358,0.12311942130327225
8878,358,0.08384454995393753
8879,358,0.06428951770067215
8880,358,0.1644040048122406
8881,358,0.11572445929050446
8882,358,0.18319709599018097
8883,358,0.15507084131240845
8884,359,0.25781095027923584
8885,359,0.15124236047267914
8886,359,0.13305248320102692
8887,359,0.17881010472774506
8888,359,0.20297548174858093
8889,359,0.1742544174194336
8890,359,0.14256255328655243
8891,359,0.18689891695976257
8892,359,0.21852239966392517
8893,359,0.16433990001678467
8894,359,0.12622682750225067
8895,360,0.14555305242538452
8896,360,0.08030522614717484
8897,360,0.22937119007110596
8898,360,0.14129872620105743
8899,360,0.10571254044771194
8900,360,0.15880362689495087
8901,360,0.07228788733482361
8902,360,0.06366422027349472
8903,360,0.2682248055934906
8904,360,0.17592597007751465
8905,360,0.06607525795698166
8906,360,0.11904119700193405
8907,360,0.10714447498321533
8908,360,0.2137918770313263
8909,360,0.15817147493362427
8910,360,0.06791093200445175
8911,360,0.10746926814317703
8912,360,0.0953771248459816
8913,360,0.0611136257648468
8914,360,0.03629152849316597
8915,360,0.01914028823375702
8916,361,0.10820582509040833
8917,361,0.22572246193885803
8918,361,0.0700174942612648
8919,361,0.30342066287994385
8920,361,0.13218718767166138
8921,361,0.10782996565103531
8922,361,0.1890244334936142
8923,361,0.04322776943445206
8924,361,0.06846027076244354
8925,361,0.10967187583446503
8926,361,0.19388043880462646
8927,361,0.10566337406635284
8928,361,0.12536729872226715
8929,362,0.04590694606304169
8930,362,0.07165682315826416
8931,362,0.08277973532676697
8932,362,0.1292743682861328
8933,362,0.1585599035024643
8934,362,0.1931738704442978
8935,362,0.3521046042442322
8936,362,0.15660004317760468
8937,362,0.14374467730522156
8938,362,0.2222459316253662
8939,362,0.15534503757953644
8940,362,0.10918156057596207
8941,362,0.1259242296218872
8942,362,0.061160750687122345
8943,362,0.12770216166973114
8944,362,0.09819667786359787
8945,362,0.10536722838878632
8946,362,0.1528429388999939
8947,362,0.13975684344768524
8948,363,0.08300100266933441
8949,363,0.18329356610774994
8950,363,0.09920898079872131
8951,363,0.06010723114013672
8952,363,0.14302679896354675
8953,363,0.06619085371494293
8954,363,0.08298739790916443
8955,363,0.06581062823534012
8956,363,0.11893906444311142
8957,363,0.05342114344239235
8958,363,0.11955492943525314
8959,363,0.11157653480768204
8960,363,0.14400622248649597
8961,363,0.1708863079547882
8962,363,0.021939411759376526
8963,363,0.11790568381547928
8964,363,0.11709210276603699
8965,363,0.10510502010583878
8966,363,0.10753019154071808
8967,363,0.08958180248737335
8968,364,0.16211281716823578
8969,364,0.07425758987665176
8970,364,0.05469179525971413
8971,364,0.07271872460842133
8972,364,0.13424158096313477
8973,364,0.11485589295625687
8974,364,0.18882028758525848
8975,364,0.07183587551116943
8976,364,0.18425339460372925
8977,364,0.19036859273910522
8978,364,0.06449303776025772
8979,364,0.07250238209962845
8980,364,0.1094142496585846
8981,364,0.13932107388973236
8982,364,0.02577810548245907
8983,364,0.01670915074646473
8984,364,0.0721895694732666
8985,364,0.10968722403049469
8986,365,0.1021328866481781
8987,365,0.15090887248516083
8988,365,0.10436282306909561
8989,365,0.217087522149086
8990,365,0.07389575988054276
8991,365,0.06908450275659561
8992,365,0.17502793669700623
8993,365,0.17606273293495178
8994,365,0.1762246936559677
8995,365,0.1589161902666092
8996,365,0.12081321328878403
8997,365,0.23636847734451294
8998,365,0.2563498318195343
8999,365,0.15717314183712006
9000,365,0.1501847803592682
9001,365,0.08540531992912292
9002,365,0.061322204768657684
9003,365,0.10919450223445892
9004,365,0.0263007003813982
9005,365,0.10856912285089493
9006,365,0.208474799990654
9007,366,0.02968229539692402
9008,366,0.1489451825618744
9009,366,0.14315137267112732
9010,366,0.19689466059207916
9011,366,0.2589220702648163
9012,366,0.08164267241954803
9013,366,0.08430858701467514
9014,366,0.16350312530994415
9015,366,0.11541073024272919
9016,366,0.2645370364189148
9017,367,0.1714898645877838
9018,367,0.18050533533096313
9019,367,0.15228994190692902
9020,367,0.16814057528972626
9021,367,0.09018971025943756
9022,367,0.2725231945514679
9023,367,0.15612801909446716
9024,367,0.10863643139600754
9025,367,0.141671285033226
9026,367,0.1903534084558487
9027,367,0.0832548663020134
9028,368,0.09644000977277756
9029,368,0.1284690946340561
9030,368,0.14995992183685303
9031,368,0.24902194738388062
9032,368,0.093935027718544
9033,368,0.10104699432849884
9034,368,0.1655382364988327
9035,368,0.3381182551383972
9036,368,0.027393653988838196
9037,368,0.08925531804561615
9038,368,0.10843715071678162
9039,368,0.10027934610843658
9040,368,0.17090530693531036
9041,369,0.1258496791124344
9042,369,0.06709063053131104
9043,369,0.12366846203804016
9044,369,0.1571674793958664
9045,369,0.1934671252965927
9046,369,0.10126033425331116
9047,369,0.19710643589496613
9048,369,0.199422687292099
9049,370,0.09394717961549759
9050,370,0.259845107793808
9051,370,0.14294908940792084
9052,370,0.1971345692873001
9053,370,0.1586470752954483
9054,370,0.06177997216582298
9055,370,0.18236374855041504
9056,370,0.07091255486011505
9057,370,0.17362602055072784
9058,370,0.16880527138710022
9059,370,0.11691167950630188
9060,370,0.07177283614873886
9061,370,0.18871206045150757
9062,370,0.19904303550720215
9063,370,0.20489385724067688
9064,370,0.27366185188293457
9065,370,0.06714436411857605
9066,370,0.07474782317876816
9067,371,0.037250909954309464
9068,371,0.10111559182405472
9069,371,0.13687527179718018
9070,371,0.10661816596984863
9071,371,0.22355282306671143
9072,371,0.13374339044094086
9073,371,0.02158369868993759
9074,371,0.1395764946937561
9075,372,0.1895572543144226
9076,372,0.1843552589416504
9077,372,0.10504152625799179
9078,372,0.11550449579954147
9079,372,0.20237702131271362
9080,372,0.07126998901367188
9081,372,0.08011461049318314
9082,372,0.03940819576382637
9083,372,0.21342888474464417
9084,372,0.17634743452072144
9085,373,0.08407524973154068
9086,373,0.15562869608402252
9087,373,0.11237648874521255
9088,373,0.2011469453573227
9089,373,0.11646482348442078
9090,373,0.1611630767583847
9091,373,0.10433153063058853
9092,373,0.14131078124046326
9093,373,0.1155514195561409
9094,373,0.16810928285121918
9095,373,0.06577379256486893
9096,373,0.06487147510051727
9097,373,0.28177082538604736
9098,373,0.061462461948394775
9099,373,0.14486420154571533
9100,373,0.12211968004703522
9101,373,0.10619495809078217
9102,373,0.205709770321846
9103,373,0.016522906720638275
9104,373,0.12397263199090958
9105,373,0.058167196810245514
9106,373,0.061145901679992676
9107,373,0.1903844028711319
9108,374,0.10627123713493347
9109,374,0.1975833773612976
9110,374,0.029245147481560707
9111,374,0.09314011037349701
9112,374,0.07058438658714294
9113,374,0.060629501938819885
9114,374,0.09272994101047516
9115,374,0.02578912116587162
9116,374,0.06758502125740051
9117,374,0.05848754942417145
9118,374,0.15193042159080505
9119,374,0.05476115271449089
9120,374,0.27949103713035583
9121,375,0.15244047343730927
9122,375,0.03307506442070007
9123,375,0.01912136934697628
9124,375,0.02291330322623253
9125,375,0.1141781359910965
9126,375,0.1502068042755127
9127,375,0.15863297879695892
9128,375,0.02822997234761715
9129,375,0.10248450189828873
9130,375,0.16136948764324188
9131,375,0.10249986499547958
9132,375,0.11102946847677231
9133,375,0.12001439929008484
9134,375,0.06143205240368843
9135,375,0.16714705526828766
9136,375,0.22195716202259064
9137,375,0.2921343445777893
9138,375,0.1487417072057724
9139,375,0.1261976659297943
9140,375,0.0656895637512207
9141,376,0.12594182789325714
9142,376,0.14989948272705078
9143,376,0.17793753743171692
9144,376,0.17562922835350037
9145,376,0.2295759618282318
9146,376,0.12187762558460236
9147,376,0.025766130536794662
9148,376,0.021034009754657745
9149,376,0.1873132288455963
9150,376,0.21186873316764832
9151,376,0.18740104138851166
9152,376,0.2090427130460739
9153,376,0.13751226663589478
9154,376,0.08301159739494324
9155,376,0.03151243180036545
9156,376,0.03940250724554062
9157,376,0.12782369554042816
9158,377,0.036333296447992325
9159,377,0.07727687805891037
9160,377,0.034487053751945496
9161,377,0.07020975649356842
9162,377,0.15802834928035736
9163,377,0.11424329876899719
9164,377,0.1005428209900856
9165,377,0.15271762013435364
9166,377,0.08761490881443024
9167,377,0.14324888586997986
9168,377,0.07218583673238754
9169,377,0.11329568922519684
9170,377,0.15985186398029327
9171,377,0.15084058046340942
9172,377,0.10987169295549393
9173,377,0.17225812375545502
9174,377,0.14968688786029816
9175,377,0.14623843133449554
9176,377,0.111093670129776
9177,378,0.1577814817428589
9178,378,0.10405940562486649
9179,378,0.11603279411792755
9180,378,0.10503248870372772
9181,378,0.0729726105928421
9182,378,0.06620876491069794
9183,378,0.2680547535419464
9184,378,0.2501148283481598
9185,378,0.07210740447044373
9186,378,0.06914267688989639
9187,378,0.2639184296131134
9188,378,0.2555234730243683
9189,378,0.12803742289543152
9190,378,0.05755572393536568
9191,378,0.06179330125451088
9192,378,0.15338291227817535
9193,378,0.1437077522277832
9194,378,0.10846733301877975
9195,378,0.03670673817396164
9196,378,0.12049689143896103
9197,378,0.26335448026657104
9198,378,0.11290772259235382
9199,378,0.1803835928440094
9200,379,0.11074604094028473
9201,379,0.11379355192184448
9202,379,0.195102721452713
9203,379,0.06128399074077606
9204,379,0.3332586884498596
9205,379,0.15436571836471558
9206,379,0.07434569299221039
9207,379,0.15113596618175507
9208,380,0.07901620864868164
9209,380,0.19286812841892242
9210,380,0.252269446849823
9211,380,0.113615483045578
9212,380,0.15210020542144775
9213,380,0.10247199982404709
9214,380,0.23799525201320648
9215,380,0.0707172378897667
9216,381,0.3101065754890442
9217,381,0.10993717610836029
9218,381,0.1931132823228836
9219,381,0.11059576272964478
9220,381,0.12917548418045044
9221,381,0.064141184091568
9222,381,0.2855898439884186
9223,381,0.05027441307902336
9224,381,0.05593115836381912
9225,381,0.02860906347632408
9226,381,0.13867859542369843
9227,381,0.17479145526885986
9228,381,0.11671631783246994
9229,381,0.15668009221553802
9230,381,0.3081628084182739
9231,381,0.11238737404346466
9232,381,0.19662362337112427
9233,381,0.1632869690656662
9234,382,0.08016448467969894
9235,382,0.030819127336144447
9236,382,0.06566541641950607
9237,382,0.0485212579369545
9238,382,0.03371022641658783
9239,382,0.14034542441368103
9240,382,0.1508394032716751
9241,382,0.06989596039056778
9242,382,0.12106819450855255
9243,382,0.06641484051942825
9244,382,0.0168733149766922
9245,382,0.1513214260339737
9246,382,0.29475677013397217
9247,382,0.10228544473648071
9248,383,0.10255163908004761
9249,383,0.11711905896663666
9250,383,0.06697100400924683
9251,383,0.12045946717262268
9252,383,0.11839239299297333
9253,383,0.07544603943824768
9254,383,0.12062850594520569
9255,383,0.24383683502674103
9256,383,0.04025289788842201
9257,383,0.1213190108537674
9258,383,0.08501927554607391
9259,383,0.042292650789022446
9260,383,0.08168746531009674
9261,383,0.31794172525405884
9262,383,0.12057147920131683
9263,384,0.1156821995973587
9264,384,0.13794748485088348
9265,384,0.09109609574079514
9266,384,0.12500596046447754
9267,384,0.08762668073177338
9268,384,0.11298622936010361
9269,384,0.11818069219589233
9270,384,0.11241355538368225
9271,384,0.25661203265190125
9272,384,0.11205753684043884
9273,384,0.11761771887540817
9274,384,0.11930623650550842
9275,384,0.2743234634399414
9276,384,0.2594831883907318
9277,384,0.08912412077188492
9278,384,0.1401357352733612
9279,384,0.1736839860677719
9280,384,0.12378652393817902
9281,384,0.179794043302536
9282,384,0.06794685125350952
9283,384,0.12838268280029297
9284,384,0.21479719877243042
9285,384,0.15077903866767883
9286,385,0.1171611100435257
9287,385,0.1452791690826416
9288,385,0.06702146679162979
9289,385,0.083976611495018
9290,385,0.1219172328710556
9291,385,0.12016566842794418
9292,385,0.06236720457673073
9293,385,0.03387807309627533
9294,385,0.07506021857261658
9295,385,0.16917790472507477
9296,385,0.11724687367677689
9297,386,0.11008668690919876
9298,386,0.19636526703834534
9299,386,0.34806013107299805
9300,386,0.08265556395053864
9301,386,0.06697983294725418
9302,386,0.0257551446557045
9303,386,0.12419075518846512
9304,386,0.19802536070346832
9305,386,0.10095711797475815
9306,386,0.05658314377069473
9307,386,0.21376115083694458
9308,386,0.07192400097846985
9309,386,0.07664602249860764
9310,386,0.16110555827617645
9311,386,0.1665981113910675
9312,386,0.21351748704910278
9313,386,0.06759804487228394
9314,386,0.11101213097572327
9315,387,0.14713841676712036
9316,387,0.23000261187553406
9317,387,0.08709199726581573
9318,387,0.13453829288482666
9319,387,0.09237797558307648
9320,387,0.17218302190303802
9321,387,0.09528813511133194
9322,387,0.14135098457336426
9323,387,0.07394273579120636
9324,387,0.1440475881099701
9325,387,0.1192905455827713
9326,387,0.12760698795318604
9327,387,0.13739661872386932
9328,387,0.07425975799560547
9329,387,0.0952237918972969
9330,387,0.16242671012878418
9331,387,0.13125160336494446
9332,387,0.12160979956388474
9333,387,0.10969278961420059
9334,388,0.21252772212028503
9335,388,0.12610122561454773
9336,388,0.0900416374206543
9337,388,0.20563693344593048
9338,388,0.0800958052277565
9339,388,0.34720656275749207
9340,388,0.07750778645277023
9341,388,0.06855965405702591
9342,388,0.18575254082679749
9343,388,0.1479834020137787
9344,388,0.2661500871181488
9345,388,0.1688511222600937
9346,388,0.22748637199401855
9347,388,0.028315506875514984
9348,388,0.06266213208436966
9349,388,0.10317631810903549
9350,388,0.11593694239854813
9351,388,0.12934237718582153
9352,388,0.14149251580238342
9353,389,0.21077187359333038
9354,389,0.17770279943943024
9355,389,0.09917275607585907
9356,389,0.11360454559326172
9357,389,0.1513143926858902
9358,389,0.16580332815647125
9359,389,0.07707322388887405
9360,389,0.13796909153461456
9361,389,0.09634844213724136
9362,389,0.15603205561637878
9363,389,0.12142173200845718
9364,389,0.02425815910100937
9365,389,0.18069840967655182
9366,389,0.11328646540641785
9367,389,0.14333423972129822
9368,389,0.22987884283065796
9369,389,0.1255202442407608
9370,389,0.022196738049387932
9371,389,0.10857264697551727
9372,389,0.19672629237174988
9373,389,0.156190425157547
9374,389,0.07737298309803009
9375,389,0.11831574141979218
9376,390,0.06687724590301514
9377,390,0.09740840643644333
9378,390,0.09953939914703369
9379,390,0.016287608072161674
9380,390,0.051954928785562515
9381,390,0.11935055255889893
9382,390,0.11004510521888733
9383,390,0.14070256054401398
9384,391,0.11242956668138504
9385,391,0.05638415738940239
9386,391,0.23894338309764862
9387,391,0.07464428246021271
9388,391,0.11642035096883774
9389,391,0.15434400737285614
9390,391,0.06602323800325394
9391,391,0.0737006887793541
9392,391,0.13815350830554962
9393,391,0.1910349279642105
9394,391,0.14803315699100494
9395,391,0.2127808928489685
9396,391,0.07044759392738342
9397,391,0.16928236186504364
9398,391,0.10576117038726807
9399,391,0.15120694041252136
9400,391,0.13821232318878174
9401,391,0.14878246188163757
9402,391,0.14865902066230774
9403,391,0.21693924069404602
9404,391,0.1872347593307495
9405,391,0.13473740220069885
9406,391,0.17762410640716553
9407,391,0.07394840568304062
9408,392,0.14274586737155914
9409,392,0.2372725009918213
9410,392,0.13061010837554932
9411,392,0.2084534615278244
9412,392,0.12329776585102081
9413,392,0.059739235788583755
9414,392,0.25952932238578796
9415,392,0.15588225424289703
9416,393,0.12168486416339874
9417,393,0.19885586202144623
9418,393,0.05779676511883736
9419,393,0.13335362076759338
9420,393,0.11473892629146576
9421,393,0.08189079910516739
9422,393,0.09824538975954056
9423,393,0.16130778193473816
9424,393,0.17020872235298157
9425,393,0.15689773857593536
9426,393,0.02696865051984787
9427,393,0.09784777462482452
9428,393,0.07083676755428314
9429,393,0.13444256782531738
9430,393,0.0770704597234726
9431,393,0.10121487826108932
9432,393,0.07461152970790863
9433,393,0.16905400156974792
9434,393,0.25264084339141846
9435,393,0.0998939722776413
9436,393,0.02321029268205166
9437,393,0.17461267113685608
9438,394,0.06122208014130592
9439,394,0.20314882695674896
9440,394,0.24467551708221436
9441,394,0.1038806363940239
9442,394,0.1415020227432251
9443,394,0.14435572922229767
9444,394,0.09085362404584885
9445,394,0.06512084603309631
9446,394,0.13989296555519104
9447,394,0.21114705502986908
9448,394,0.14339642226696014
9449,394,0.19659307599067688
9450,394,0.08314545452594757
9451,394,0.29309818148612976
9452,394,0.14067552983760834
9453,394,0.023905012756586075
9454,394,0.10229276120662689
9455,394,0.11192434281110764
9456,394,0.15430718660354614
9457,394,0.15586191415786743
9458,395,0.07183833420276642
9459,395,0.16525819897651672
9460,395,0.2395336776971817
9461,395,0.1982455551624298
9462,395,0.2056947648525238
9463,395,0.2040233314037323
9464,395,0.2885022759437561
9465,395,0.1097019761800766
9466,395,0.10882503539323807
9467,395,0.1564294397830963
9468,395,0.15257400274276733
9469,395,0.0672188475728035
9470,395,0.20413026213645935
9471,396,0.15803079307079315
9472,396,0.061273910105228424
9473,396,0.10917656123638153
9474,396,0.06889542937278748
9475,396,0.15147992968559265
9476,396,0.06733562052249908
9477,396,0.06701117753982544
9478,396,0.10352352261543274
9479,396,0.15498512983322144
9480,396,0.25586628913879395
9481,396,0.10746031254529953
9482,396,0.06553833931684494
9483,396,0.1966051161289215
9484,396,0.11979397386312485
9485,397,0.15078525245189667
9486,397,0.10624547302722931
9487,397,0.09729932993650436
9488,397,0.29616791009902954
9489,397,0.11978396028280258
9490,397,0.14712199568748474
9491,397,0.0991067886352539
9492,397,0.11354885995388031
9493,397,0.11340418457984924
9494,397,0.14715079963207245
9495,397,0.10279886424541473
9496,397,0.16532853245735168
9497,397,0.16790565848350525
9498,397,0.2661982774734497
9499,397,0.12953200936317444
9500,397,0.1823168247938156
9501,397,0.032967906445264816
9502,397,0.1018119603395462
9503,397,0.11100605875253677
9504,398,0.15013232827186584
9505,398,0.2218238115310669
9506,398,0.0905902162194252
9507,398,0.08236399292945862
9508,398,0.03505554795265198
9509,398,0.15549127757549286
9510,398,0.22510412335395813
9511,398,0.14303472638130188
9512,398,0.1717011034488678
9513,398,0.17223906517028809
9514,398,0.14964833855628967
9515,398,0.12446824461221695
9516,398,0.25068333745002747
9517,398,0.10386902838945389
9518,398,0.18071284890174866
9519,398,0.10418474674224854
9520,399,0.15505370497703552
9521,399,0.12284056842327118
9522,399,0.2011568695306778
9523,399,0.11924202740192413
9524,399,0.05952095240354538
9525,399,0.11149958521127701
9526,399,0.07515522092580795
9527,399,0.14194369316101074
9528,399,0.2650531828403473
9529,399,0.2965697944164276
9530,399,0.12112653255462646
9531,399,0.16152873635292053
9532,399,0.023503659293055534
9533,399,0.17559874057769775
9534,400,0.15110602974891663
9535,400,0.027843745425343513
9536,400,0.03502420708537102
9537,400,0.1964491456747055
9538,400,0.09461035579442978
9539,400,0.1997169703245163
9540,400,0.16150455176830292
9541,400,0.28060242533683777
9542,401,0.2508580982685089
9543,401,0.10569682717323303
9544,401,0.11507908999919891
9545,401,0.14655400812625885
9546,401,0.20526956021785736
9547,401,0.19769488275051117
9548,401,0.16277360916137695
9549,401,0.16349643468856812
9550,401,0.13679270446300507
9551,401,0.12438361346721649
9552,401,0.1552451252937317
9553,401,0.3378889262676239
9554,401,0.06101188808679581
9555,401,0.1405748873949051
9556,401,0.10847365111112595
9557,401,0.11038985848426819
9558,401,0.0819007158279419
9559,401,0.027806758880615234
9560,401,0.1424892246723175
9561,401,0.13750424981117249
9562,401,0.07697232067584991
9563,401,0.11636094748973846
9564,401,0.14017534255981445
9565,401,0.23787927627563477
9566,402,0.11645032465457916
9567,402,0.12011091411113739
9568,402,0.13402505218982697
9569,402,0.0757373496890068
9570,402,0.14212064445018768
9571,402,0.08299298584461212
9572,402,0.026155192404985428
9573,402,0.026940587908029556
9574,402,0.21753288805484772
9575,402,0.09936299920082092
9576,402,0.12420278042554855
9577,402,0.16833128035068512
9578,402,0.1942729949951172
9579,403,0.16944462060928345
9580,403,0.18414634466171265
9581,403,0.17321597039699554
9582,403,0.06349888443946838
9583,403,0.13397684693336487
9584,403,0.18136714398860931
9585,403,0.23097003996372223
9586,403,0.06953529268503189
9587,403,0.0261299479752779
9588,403,0.25700491666793823
9589,403,0.11034925282001495
9590,403,0.21719114482402802
9591,403,0.12893371284008026
9592,403,0.13818159699440002
9593,403,0.21282677352428436
9594,403,0.11593402922153473
9595,403,0.18974417448043823
9596,403,0.0848916545510292
9597,403,0.15183502435684204
9598,403,0.24721670150756836
9599,403,0.022494617849588394
9600,403,0.26400265097618103
9601,404,0.02434823475778103
9602,404,0.13876226544380188
9603,404,0.1939193159341812
9604,404,0.07267176359891891
9605,404,0.1530289202928543
9606,404,0.10121416300535202
9607,404,0.11551737785339355
9608,404,0.125594362616539
9609,404,0.06714766472578049
9610,404,0.23000118136405945
9611,404,0.14986874163150787
9612,404,0.02832534909248352
9613,404,0.06184780225157738
9614,404,0.11484360694885254
9615,404,0.0684080570936203
9616,404,0.10625382512807846
9617,404,0.06631970405578613
9618,404,0.17095573246479034
9619,404,0.07951627671718597
9620,404,0.1176014095544815
9621,404,0.08038893342018127
9622,404,0.029424911364912987
9623,405,0.188761904835701
9624,405,0.09032938629388809
9625,405,0.11371055245399475
9626,405,0.10905810445547104
9627,405,0.19082486629486084
9628,405,0.1436551809310913
9629,405,0.13646936416625977
9630,405,0.1825273185968399
9631,405,0.06693850457668304
9632,405,0.13795334100723267
9633,405,0.13637053966522217
9634,405,0.10457771271467209
9635,405,0.07613075524568558
9636,405,0.1391116827726364
9637,405,0.1858554631471634
9638,405,0.10864509642124176
9639,405,0.08954702317714691
9640,405,0.10774212330579758
9641,405,0.11737868189811707
9642,405,0.18696658313274384
9643,405,0.16074560582637787
9644,406,0.08130418509244919
9645,406,0.06328310817480087
9646,406,0.027247034013271332
9647,406,0.2690805494785309
9648,406,0.28892940282821655
9649,406,0.114781953394413
9650,406,0.17884689569473267
9651,406,0.24666175246238708
9652,406,0.08566223084926605
9653,406,0.06439714878797531
9654,406,0.0687006339430809
9655,406,0.02510419487953186
9656,406,0.05972584709525108
9657,406,0.1496879905462265
9658,407,0.03429673612117767
9659,407,0.08633506298065186
9660,407,0.15716741979122162
9661,407,0.15554969012737274
9662,407,0.28971952199935913
9663,407,0.3398205041885376
9664,407,0.17393113672733307
9665,407,0.019300714135169983
9666,407,0.1755426973104477
9667,407,0.14269131422042847
9668,407,0.15616996586322784
9669,407,0.15993866324424744
9670,407,0.2107377052307129
9671,407,0.15383611619472504
9672,407,0.06604987382888794
9673,407,0.06661984324455261
9674,407,0.2319810688495636
9675,407,0.10562173277139664
9676,407,0.15017397701740265
9677,407,0.11314266920089722
9678,407,0.141145721077919
9679,407,0.20289605855941772
9680,408,0.14188189804553986
9681,408,0.10731913894414902
9682,408,0.08518153429031372
9683,408,0.14993014931678772
9684,408,0.15919049084186554
9685,408,0.13189157843589783
9686,408,0.15312030911445618
9687,408,0.062477897852659225
9688,408,0.053654737770557404
9689,409,0.12477752566337585
9690,409,0.14438357949256897
9691,409,0.09876535832881927
9692,409,0.07985292375087738
9693,409,0.10361596196889877
9694,409,0.17452670633792877
9695,409,0.21842531859874725
9696,409,0.06770864874124527
9697,409,0.061551302671432495
9698,409,0.07526891678571701
9699,409,0.10312050580978394
9700,409,0.16920065879821777
9701,409,0.1158679947257042
9702,409,0.11816050112247467
9703,409,0.05023147538304329
9704,409,0.13211482763290405
9705,409,0.1841740608215332
9706,409,0.05799984186887741
9707,410,0.018005214631557465
9708,410,0.09879472851753235
9709,410,0.08185829222202301
9710,410,0.07196434587240219
9711,410,0.09442459046840668
9712,410,0.17205341160297394
9713,410,0.25713807344436646
9714,410,0.06526704877614975
9715,410,0.16861140727996826
9716,410,0.3237787187099457
9717,410,0.16255858540534973
9718,410,0.05718579515814781
9719,410,0.25093960762023926
9720,410,0.25918105244636536
9721,410,0.10903000831604004
9722,410,0.07950484752655029
9723,410,0.057547297328710556
9724,410,0.12401124089956284
9725,410,0.028186287730932236
9726,410,0.07614371180534363
9727,410,0.21263667941093445
9728,410,0.14951255917549133
9729,411,0.14152707159519196
9730,411,0.06613638997077942
9731,411,0.0525791198015213
9732,411,0.03263995423913002
9733,411,0.15380863845348358
9734,411,0.2609573304653168
9735,411,0.1664385050535202
9736,411,0.06379927694797516
9737,411,0.12310159206390381
9738,411,0.05666884407401085
9739,411,0.16377340257167816
9740,411,0.0993402972817421
9741,411,0.1526813507080078
9742,411,0.14541476964950562
9743,411,0.15006205439567566
9744,411,0.12192780524492264
9745,411,0.1692044883966446
9746,411,0.06822868436574936
9747,411,0.16355828940868378
9748,411,0.23126967251300812
9749,411,0.15184099972248077
9750,411,0.25390493869781494
9751,411,0.09933358430862427
9752,412,0.1518176943063736
9753,412,0.1666610836982727
9754,412,0.11970961093902588
9755,412,0.0996459424495697
9756,412,0.10504789650440216
9757,412,0.10580550879240036
9758,412,0.15051227807998657
9759,412,0.12355683743953705
9760,412,0.08300624787807465
9761,412,0.3007414638996124
9762,412,0.0223280917853117
9763,412,0.1693643182516098
9764,413,0.12402796745300293
9765,413,0.2685467600822449
9766,413,0.11658798903226852
9767,413,0.027400672435760498
9768,413,0.11307045072317123
9769,413,0.12130238115787506
9770,413,0.17912152409553528
9771,413,0.15131022036075592
9772,413,0.12608766555786133
9773,414,0.23498332500457764
9774,414,0.06851676106452942
9775,414,0.16955254971981049
9776,414,0.11500220745801926
9777,414,0.1329430490732193
9778,414,0.12528479099273682
9779,414,0.09573807567358017
9780,414,0.035923611372709274
9781,414,0.1963897943496704
9782,414,0.17240607738494873
9783,414,0.08198919147253036
9784,414,0.08642034232616425
9785,415,0.15022240579128265
9786,415,0.01629697158932686
9787,415,0.3361431360244751
9788,415,0.17867645621299744
9789,415,0.06164732947945595
9790,415,0.17239370942115784
9791,415,0.161600261926651
9792,415,0.11829811334609985
9793,415,0.25502827763557434
9794,415,0.06927500665187836
9795,415,0.23073525726795197
9796,415,0.12933437526226044
9797,415,0.333115816116333
9798,415,0.09543414413928986
9799,415,0.15600135922431946
9800,415,0.05715044215321541
9801,415,0.15676741302013397
9802,415,0.06358209997415543
9803,415,0.1638963222503662
9804,416,0.2597061097621918
9805,416,0.09374044835567474
9806,416,0.24978914856910706
9807,416,0.06383361667394638
9808,416,0.16196057200431824
9809,416,0.1461787074804306
9810,416,0.1197953075170517
9811,416,0.07457975298166275
9812,416,0.10773450881242752
9813,416,0.16794979572296143
9814,416,0.07461567223072052
9815,416,0.1608414351940155
9816,416,0.10634196549654007
9817,416,0.06849226355552673
9818,416,0.023586541414260864
9819,416,0.11684220284223557
9820,417,0.08676843345165253
9821,417,0.09684553742408752
9822,417,0.014651491306722164
9823,417,0.07176578789949417
9824,417,0.07826505601406097
9825,417,0.07182317227125168
9826,417,0.0881090834736824
9827,417,0.11231393367052078
9828,417,0.16536718606948853
9829,417,0.09431950747966766
9830,417,0.1297643482685089
9831,418,0.1130114197731018
9832,418,0.24100467562675476
9833,418,0.24363194406032562
9834,418,0.20607420802116394
9835,418,0.29506179690361023
9836,418,0.17769862711429596
9837,418,0.1840689331293106
9838,418,0.10076764971017838
9839,418,0.21514981985092163
9840,418,0.15351705253124237
9841,418,0.10169453918933868
9842,418,0.10264113545417786
9843,418,0.1623159945011139
9844,418,0.11981146782636642
9845,418,0.16136419773101807
9846,418,0.14720764756202698
9847,418,0.0680670365691185
9848,418,0.11469916999340057
9849,418,0.07899785786867142
9850,418,0.2084948867559433
9851,418,0.08819587528705597
9852,419,0.15159490704536438
9853,419,0.18961597979068756
9854,419,0.17353324592113495
9855,419,0.19495049118995667
9856,419,0.020104888826608658
9857,419,0.23783259093761444
9858,419,0.1900489181280136
9859,419,0.24739837646484375
9860,419,0.10086306184530258
9861,419,0.07352282851934433
9862,419,0.1407480239868164
9863,419,0.12326183915138245
9864,419,0.07696515321731567
9865,419,0.013144606724381447
9866,419,0.15049943327903748
9867,420,0.22505594789981842
9868,420,0.025267984718084335
9869,420,0.14763520658016205
9870,420,0.14563700556755066
9871,420,0.154781311750412
9872,420,0.10645930469036102
9873,420,0.15925909578800201
9874,420,0.10728628933429718
9875,420,0.10774097591638565
9876,420,0.18331825733184814
9877,420,0.1385863721370697
9878,420,0.13379476964473724
9879,420,0.028552213683724403
9880,420,0.18386997282505035
9881,420,0.1240028589963913
9882,420,0.12480875849723816
9883,420,0.1476338654756546
9884,420,0.16388007998466492
9885,420,0.11362535506486893
9886,421,0.13744115829467773
9887,421,0.16486956179141998
9888,421,0.1110704094171524
9889,421,0.0797937884926796
9890,421,0.08246706426143646
9891,421,0.12012172490358353
9892,421,0.17556095123291016
9893,421,0.07277938723564148
9894,421,0.11664292216300964
9895,421,0.20093724131584167
9896,421,0.21402183175086975
9897,421,0.05689071863889694
9898,421,0.022330477833747864
9899,421,0.17106476426124573
9900,422,0.15066125988960266
9901,422,0.07941693812608719
9902,422,0.20984020829200745
9903,422,0.22564606368541718
9904,422,0.1033104658126831
9905,422,0.12985505163669586
9906,422,0.16298463940620422
9907,422,0.11558188498020172
9908,422,0.11593421548604965
9909,422,0.15506598353385925
9910,422,0.12159259617328644
9911,422,0.014751212671399117
9912,422,0.3059009611606598
9913,423,0.24797984957695007
9914,423,0.14095094799995422
9915,423,0.12493567168712616
9916,423,0.0762091651558876
9917,423,0.14089392125606537
9918,423,0.14558172225952148
9919,423,0.06154705584049225
9920,423,0.1914902627468109
9921,423,0.10517304390668869
9922,423,0.036652449518442154
9923,423,0.21318401396274567
9924,423,0.12189846485853195
9925,423,0.1597248911857605
9926,423,0.1319592446088791
9927,423,0.06867051124572754
9928,423,0.20758527517318726
9929,423,0.05566173046827316
9930,423,0.11116864532232285
9931,423,0.14647288620471954
9932,423,0.19954942166805267
9933,424,0.06435355544090271
9934,424,0.08453038334846497
9935,424,0.16307801008224487
9936,424,0.19239071011543274
9937,424,0.19985613226890564
9938,424,0.13862137496471405
9939,424,0.13235881924629211
9940,424,0.20007675886154175
9941,424,0.167835533618927
9942,424,0.18759596347808838
9943,425,0.06309065222740173
9944,425,0.12138409167528152
9945,425,0.09512057900428772
9946,425,0.14373134076595306
9947,425,0.06467373669147491
9948,425,0.06527822464704514
9949,425,0.27476322650909424
9950,425,0.13281725347042084
9951,425,0.023978397250175476
9952,425,0.22423815727233887
9953,425,0.10946254432201385
9954,425,0.06076643615961075
9955,425,0.15590043365955353
9956,425,0.10932376980781555
9957,425,0.13283273577690125
9958,426,0.10525322705507278
9959,426,0.2201407253742218
9960,426,0.2584400177001953
9961,426,0.2759893238544464
9962,426,0.11378773301839828
9963,426,0.09560468047857285
9964,426,0.12600106000900269
9965,426,0.2946309447288513
9966,426,0.1352914422750473
9967,426,0.14636851847171783
9968,426,0.06794553995132446
9969,426,0.22626365721225739
9970,426,0.1196543276309967
9971,426,0.030874762684106827
9972,426,0.15278930962085724
9973,426,0.3109254837036133
9974,426,0.11148405075073242
9975,427,0.0586528517305851
9976,427,0.08482188731431961
9977,427,0.11081954836845398
9978,427,0.14828230440616608
9979,427,0.10767573863267899
9980,427,0.01466609537601471
9981,427,0.1476345658302307
9982,427,0.24114876985549927
9983,427,0.16038429737091064
9984,427,0.19973038136959076
9985,427,0.21035070717334747
9986,427,0.14579147100448608
9987,427,0.23952537775039673
9988,427,0.1705559343099594
9989,427,0.14490850269794464
9990,427,0.162056565284729
9991,427,0.1019299104809761
9992,427,0.15451914072036743
9993,427,0.1405154913663864
9994,427,0.07552306354045868
9995,427,0.15240299701690674
9996,428,0.2826230823993683
9997,428,0.07510281354188919
9998,428,0.1596372276544571
9999,428,0.11444999277591705
10000,428,0.07947317510843277
10001,428,0.05980852618813515
10002,428,0.15831096470355988
10003,428,0.12279783189296722
10004,428,0.26546066999435425
10005,428,0.06550085544586182
10006,428,0.16693350672721863
10007,428,0.0699942335486412
10008,428,0.12258980423212051
10009,428,0.24342352151870728
10010,428,0.0715842992067337
10011,428,0.15275838971138
10012,428,0.08260925114154816
10013,428,0.19219276309013367
10014,428,0.12033890187740326
10015,428,0.11338932067155838
10016,428,0.20097146928310394
10017,429,0.28801217675209045
10018,429,0.27525806427001953
10019,429,0.1614989936351776
10020,429,0.12087259441614151
10021,429,0.1329992562532425
10022,429,0.19583269953727722
10023,429,0.1769016683101654
10024,429,0.27441200613975525
10025,429,0.10368619114160538
10026,429,0.15733277797698975
10027,429,0.032446425408124924
10028,429,0.027292102575302124
10029,429,0.10414410382509232
10030,429,0.16427187621593475
10031,429,0.1257322132587433
10032,430,0.16534112393856049
10033,430,0.14311808347702026
10034,430,0.10696480423212051
10035,430,0.06825540959835052
10036,430,0.023677177727222443
10037,430,0.06594975292682648
10038,430,0.06476688385009766
10039,430,0.24263088405132294
10040,430,0.2028675079345703
10041,430,0.18893611431121826
10042,430,0.07699165493249893
10043,430,0.10802897065877914
10044,430,0.11622054874897003
10045,430,0.12164102494716644
10046,431,0.06462672352790833
10047,431,0.20633532106876373
10048,431,0.12195146083831787
10049,431,0.05138089880347252
10050,431,0.17080071568489075
10051,431,0.20800364017486572
10052,431,0.15931694209575653
10053,431,0.11917293816804886
10054,432,0.12991172075271606
10055,432,0.0850059986114502
10056,432,0.21879641711711884
10057,432,0.11791590601205826
10058,432,0.08234680444002151
10059,432,0.2072102129459381
10060,432,0.15114285051822662
10061,432,0.18695133924484253
10062,432,0.24428610503673553
10063,432,0.06684008985757828
10064,432,0.2301475554704666
10065,432,0.12919655442237854
10066,432,0.1367250233888626
10067,432,0.22131815552711487
10068,432,0.14649957418441772
10069,432,0.1177702322602272
10070,432,0.03768420219421387
10071,432,0.14804524183273315
10072,432,0.11385509371757507
10073,432,0.1825292557477951
10074,432,0.030983036383986473
10075,432,0.11028001457452774
10076,432,0.11674509942531586
10077,433,0.26010584831237793
10078,433,0.0813979059457779
10079,433,0.15512345731258392
10080,433,0.19754086434841156
10081,433,0.14390632510185242
10082,433,0.1555171012878418
10083,433,0.12168734520673752
10084,433,0.21685625612735748
10085,433,0.072148397564888
10086,433,0.11613976210355759
10087,433,0.16251738369464874
10088,433,0.1636718213558197
10089,433,0.01983541063964367
10090,433,0.07612457871437073
10091,433,0.1705947369337082
10092,433,0.05861730873584747
10093,433,0.10836902260780334
10094,433,0.20239219069480896
10095,433,0.17713651061058044
10096,433,0.1429254710674286
10097,434,0.14848090708255768
10098,434,0.1734655350446701
10099,434,0.2080993354320526
10100,434,0.06148587539792061
10101,434,0.11003454029560089
10102,434,0.10015200078487396
10103,434,0.11559639126062393
10104,434,0.1032448410987854
10105,434,0.17423802614212036
10106,434,0.11077126115560532
10107,434,0.15689204633235931
10108,434,0.15294423699378967
10109,434,0.07239186018705368
10110,434,0.12541477382183075
10111,434,0.1914934515953064
10112,434,0.07398132234811783
10113,434,0.1670142114162445
10114,434,0.09974355250597
10115,435,0.1054864376783371
10116,435,0.08435891568660736
10117,435,0.13884420692920685
10118,435,0.1311134696006775
10119,435,0.203302264213562
10120,435,0.10305546969175339
10121,435,0.23891030251979828
10122,435,0.08710929751396179
10123,435,0.1703370213508606
10124,435,0.07057052850723267
10125,435,0.07262459397315979
10126,435,0.1271595060825348
10127,435,0.07559546828269958
10128,435,0.11251839995384216
10129,435,0.14848819375038147
10130,435,0.1607392281293869
10131,435,0.22633132338523865
10132,435,0.1862657219171524
10133,435,0.049019716680049896
10134,435,0.153570756316185
10135,435,0.21817153692245483
10136,435,0.0269294623285532
10137,436,0.23866583406925201
10138,436,0.22193850576877594
10139,436,0.22474658489227295
10140,436,0.1650775671005249
10141,436,0.39044296741485596
10142,436,0.07588395476341248
10143,436,0.1622619926929474
10144,436,0.14470350742340088
10145,436,0.0681588426232338
10146,436,0.06422998011112213
10147,436,0.11261463165283203
10148,436,0.1641143262386322
10149,436,0.18156617879867554
10150,436,0.07564287632703781
10151,436,0.16472461819648743
10152,436,0.20205911993980408
10153,436,0.19162948429584503
10154,436,0.10411858558654785
10155,436,0.26325565576553345
10156,436,0.2048081010580063
10157,436,0.10787515342235565
10158,437,0.11613664776086807
10159,437,0.2572573125362396
10160,437,0.1119702085852623
10161,437,0.11133329570293427
10162,437,0.16459552943706512
10163,437,0.13400591909885406
10164,437,0.1184789165854454
10165,437,0.10888984054327011
10166,437,0.19652800261974335
10167,437,0.10584136843681335
10168,437,0.16810083389282227
10169,437,0.17487670481204987
10170,437,0.12217725068330765
10171,437,0.1196485236287117
10172,437,0.10936668515205383
10173,437,0.1510520577430725
10174,437,0.1182396188378334
10175,437,0.11195416003465652
10176,437,0.03493145480751991
10177,437,0.18940839171409607
10178,437,0.3591718077659607
10179,438,0.12056270241737366
10180,438,0.11068359017372131
10181,438,0.13062873482704163
10182,438,0.2846952974796295
10183,438,0.09121192991733551
10184,438,0.15231731534004211
10185,438,0.36497238278388977
10186,438,0.08169202506542206
10187,438,0.16371305286884308
10188,438,0.29150959849357605
10189,438,0.0821860134601593
10190,438,0.19541820883750916
10191,438,0.049688324332237244
10192,438,0.18830132484436035
10193,438,0.07115994393825531
10194,439,0.11730962246656418
10195,439,0.2548728883266449
10196,439,0.1521243005990982
10197,439,0.1704244762659073
10198,439,0.07156532257795334
10199,439,0.17412038147449493
10200,439,0.18359209597110748
10201,439,0.12715372443199158
10202,439,0.09304974228143692
10203,439,0.08084099739789963
10204,439,0.022803200408816338
10205,439,0.10111269354820251
10206,439,0.19275449216365814
10207,439,0.25961458683013916
10208,439,0.07234881818294525
10209,439,0.10646547377109528
10210,439,0.1585719883441925
10211,439,0.1419299691915512
10212,439,0.05632612109184265
10213,439,0.2078728824853897
10214,439,0.2367068976163864
10215,439,0.15122447907924652
10216,439,0.22384114563465118
10217,440,0.16827499866485596
10218,440,0.13550861179828644
10219,440,0.2898631989955902
10220,440,0.21560977399349213
10221,440,0.12534765899181366
10222,440,0.24005436897277832
10223,440,0.15481790900230408
10224,440,0.12978975474834442
10225,440,0.034409794956445694
10226,440,0.2366577535867691
10227,440,0.1438552588224411
10228,440,0.19855985045433044
10229,440,0.1223970279097557
10230,440,0.19122199714183807
10231,440,0.21919658780097961
10232,440,0.23179493844509125
10233,441,0.06665398180484772
10234,441,0.22708448767662048
10235,441,0.1991732120513916
10236,441,0.03881462290883064
10237,441,0.074537493288517
10238,441,0.06726211309432983
10239,441,0.06548792123794556
10240,441,0.11213149130344391
10241,441,0.06592606753110886
10242,441,0.1427018642425537
10243,441,0.19024543464183807
10244,441,0.21082718670368195
10245,441,0.08628468960523605
10246,441,0.10812684893608093
10247,441,0.1600051373243332
10248,441,0.03239225596189499
10249,441,0.24896655976772308
10250,441,0.16127309203147888
10251,441,0.02382628247141838
10252,441,0.21642011404037476
10253,441,0.07044050097465515
10254,441,0.12068415433168411
10255,442,0.1276695281267166
10256,442,0.12886165082454681
10257,442,0.197126567363739
10258,442,0.18240338563919067
10259,442,0.21471747756004333
10260,442,0.10473708808422089
10261,442,0.19763515889644623
10262,442,0.12946100533008575
10263,442,0.02794295735657215
10264,442,0.271268367767334
10265,442,0.12567538022994995
10266,442,0.12069834023714066
10267,442,0.06788889318704605
10268,442,0.0745856985449791
10269,442,0.07798785716295242
10270,442,0.2473708689212799
10271,442,0.10865120589733124
10272,442,0.11731845885515213
10273,443,0.24580490589141846
10274,443,0.17196698486804962
10275,443,0.11423664540052414
10276,443,0.2143031358718872
10277,443,0.2386653870344162
10278,443,0.07636823505163193
10279,443,0.09849203377962112
10280,443,0.11898981779813766
10281,443,0.06386996805667877
10282,443,0.07922261953353882
10283,443,0.15488363802433014
10284,443,0.17748188972473145
10285,443,0.24089749157428741
10286,443,0.1498701125383377
10287,443,0.03470345214009285
10288,443,0.24002808332443237
10289,443,0.1290232390165329
10290,443,0.25002521276474
10291,443,0.13833105564117432
10292,444,0.23639926314353943
10293,444,0.02703637257218361
10294,444,0.1782684177160263
10295,444,0.10188063979148865
10296,444,0.2544345259666443
10297,444,0.11640544980764389
10298,444,0.1947454959154129
10299,444,0.017080586403608322
10300,444,0.1177719309926033
10301,444,0.21464696526527405
10302,444,0.16217811405658722
10303,444,0.1949816644191742
10304,444,0.32388898730278015
10305,445,0.11410725861787796
10306,445,0.02816665545105934
10307,445,0.12243521958589554
10308,445,0.11114297807216644
10309,445,0.2501514256000519
10310,445,0.11168975383043289
10311,445,0.09158250689506531
10312,445,0.19478005170822144
10313,445,0.03429018706083298
10314,445,0.07107911258935928
10315,445,0.12929147481918335
10316,445,0.039147377014160156
10317,445,0.0676761269569397
10318,445,0.06405009329319
10319,445,0.3097189664840698
10320,445,0.07610658556222916
10321,445,0.08406904339790344
10322,445,0.1306389570236206
10323,446,0.16930244863033295
10324,446,0.16554458439350128
10325,446,0.07792796194553375
10326,446,0.18352408707141876
10327,446,0.08377646654844284
10328,446,0.18623146414756775
10329,446,0.17617501318454742
10330,446,0.07425766438245773
10331,446,0.16710740327835083
10332,446,0.32870471477508545
10333,446,0.06272249668836594
10334,446,0.12493542581796646
10335,446,0.18516790866851807
10336,446,0.2258298397064209
10337,446,0.17731653153896332
10338,446,0.1066448986530304
10339,446,0.20666781067848206
10340,446,0.15066975355148315
10341,446,0.06767662614583969
10342,446,0.19284281134605408
10343,446,0.11016479879617691
10344,446,0.13537700474262238
10345,446,0.06337154656648636
10346,446,0.06622714549303055
10347,447,0.11311234533786774
10348,447,0.1605619639158249
10349,447,0.08974112570285797
10350,447,0.017150361090898514
10351,447,0.1653367280960083
10352,447,0.15335603058338165
10353,447,0.21137802302837372
10354,447,0.1427457481622696
10355,447,0.11365597695112228
10356,447,0.32939401268959045
10357,447,0.40222975611686707
10358,447,0.17401960492134094
10359,447,0.023825140669941902
10360,447,0.10834953188896179
10361,447,0.11061795055866241
10362,447,0.1697252094745636
10363,447,0.07275324314832687
10364,447,0.12266947329044342
10365,447,0.10713747143745422
10366,447,0.03357335925102234
10367,447,0.08510638028383255
10368,447,0.1712961494922638
10369,447,0.352989137172699
10370,447,0.12527652084827423
10371,448,0.020967625081539154
10372,448,0.15636105835437775
10373,448,0.1702406406402588
10374,448,0.12853047251701355
10375,448,0.1324993222951889
10376,448,0.1585814505815506
10377,448,0.06731417030096054
10378,448,0.19025486707687378
10379,448,0.06830794364213943
10380,448,0.14733214676380157
10381,448,0.36381909251213074
10382,448,0.3023754358291626
10383,448,0.09240835905075073
10384,448,0.24952128529548645
10385,448,0.07771969586610794
10386,449,0.15158644318580627
10387,449,0.07434194535017014
10388,449,0.07499925047159195
10389,449,0.12842890620231628
10390,449,0.2848336696624756
10391,449,0.0769672617316246
10392,449,0.07238810509443283
10393,449,0.12833470106124878
10394,449,0.11037983000278473
10395,449,0.09574171900749207
10396,449,0.2599758803844452
10397,449,0.07070188224315643
10398,449,0.03698619455099106
10399,449,0.12112844735383987
10400,449,0.01617218740284443
10401,449,0.12897159159183502
10402,450,0.2230711579322815
10403,450,0.1950335055589676
10404,450,0.08963172882795334
10405,450,0.28426262736320496
10406,450,0.19390621781349182
10407,450,0.2591943144798279
10408,450,0.18180201947689056
10409,450,0.1623876988887787
10410,450,0.061883095651865005
10411,450,0.1279246062040329
10412,450,0.25225740671157837
10413,450,0.11371432989835739
10414,450,0.2487238347530365
10415,450,0.07576051354408264
10416,451,0.12792237102985382
10417,451,0.18780279159545898
10418,451,0.2052878439426422
10419,451,0.06818857043981552
10420,451,0.11557070165872574
10421,451,0.16352248191833496
10422,451,0.2479478120803833
10423,451,0.16054566204547882
10424,451,0.10280494391918182
10425,451,0.2606011927127838
10426,451,0.2551398277282715
10427,451,0.25228872895240784
10428,451,0.12441569566726685
10429,451,0.2821904122829437
10430,451,0.20790807902812958
10431,451,0.06860664486885071
10432,451,0.15410102903842926
10433,451,0.220670685172081
10434,452,0.11747580766677856
10435,452,0.09253457188606262
10436,452,0.043130021542310715
10437,452,0.23117941617965698
10438,452,0.16660726070404053
10439,452,0.15196943283081055
10440,452,0.15260884165763855
10441,452,0.2282382696866989
10442,453,0.23627741634845734
10443,453,0.17604263126850128
10444,453,0.12092285603284836
10445,453,0.11483784019947052
10446,453,0.20740601420402527
10447,453,0.22129084169864655
10448,453,0.17439515888690948
10449,453,0.1279754489660263
10450,453,0.15505468845367432
10451,453,0.20403608679771423
10452,453,0.24178335070610046
10453,453,0.12775005400180817
10454,453,0.03312450274825096
10455,453,0.11935131251811981
10456,453,0.04834514483809471
10457,453,0.152784526348114
10458,453,0.16482655704021454
10459,453,0.22968225181102753
10460,453,0.15425238013267517
10461,453,0.03424746170639992
10462,453,0.12485247105360031
10463,453,0.15889319777488708
10464,453,0.2467338591814041
10465,454,0.16487789154052734
10466,454,0.14604264497756958
10467,454,0.19826968014240265
10468,454,0.1257101595401764
10469,454,0.2561699151992798
10470,454,0.07511036098003387
10471,454,0.03706395998597145
10472,454,0.13357503712177277
10473,454,0.17779819667339325
10474,454,0.10848298668861389
10475,454,0.09083569794893265
10476,454,0.2761969566345215
10477,454,0.03100604936480522
10478,454,0.0863678827881813
10479,454,0.07163632661104202
10480,454,0.07286901772022247
10481,454,0.3097817301750183
10482,454,0.11828445643186569
10483,454,0.15465831756591797
10484,454,0.03182879835367203
10485,454,0.024501055479049683
10486,455,0.2049516886472702
10487,455,0.06602641940116882
10488,455,0.11503594368696213
10489,455,0.16562896966934204
10490,455,0.06349853426218033
10491,455,0.19833925366401672
10492,455,0.07234978675842285
10493,455,0.06652993708848953
10494,455,0.12336135655641556
10495,455,0.3359859585762024
10496,455,0.19956275820732117
10497,455,0.11816485971212387
10498,455,0.2043975442647934
10499,455,0.02683805301785469
10500,455,0.21499700844287872
10501,455,0.13268323242664337
10502,455,0.06749725341796875
10503,455,0.08854767680168152
10504,455,0.20698821544647217
10505,456,0.07383619993925095
10506,456,0.17882880568504333
10507,456,0.07574139535427094
10508,456,0.0768526941537857
10509,456,0.12480560690164566
10510,456,0.17189033329486847
10511,456,0.1441802680492401
10512,456,0.20636534690856934
10513,456,0.11713995039463043
10514,456,0.4624326825141907
10515,456,0.02258317545056343
10516,456,0.08071760088205338
10517,456,0.11388295143842697
10518,456,0.06889735907316208
10519,456,0.20918025076389313
10520,457,0.1135936975479126
10521,457,0.24601422250270844
10522,457,0.10882945358753204
10523,457,0.16589410603046417
10524,457,0.11018756777048111
10525,457,0.13364282250404358
10526,457,0.16739866137504578
10527,457,0.15181930363178253
10528,457,0.07338207215070724
10529,457,0.125600665807724
10530,457,0.21124416589736938
10531,457,0.16394035518169403
10532,457,0.16097089648246765
10533,457,0.1514837145805359
10534,457,0.12832845747470856
10535,457,0.2461419701576233
10536,457,0.05332999303936958
10537,457,0.0666251853108406
10538,457,0.13516081869602203
10539,458,0.027393875643610954
10540,458,0.2120320051908493
10541,458,0.0704818144440651
10542,458,0.15755708515644073
10543,458,0.0671236515045166
10544,458,0.05625683441758156
10545,458,0.0685090646147728
10546,458,0.07485702633857727
10547,458,0.09690609574317932
10548,458,0.1848594844341278
10549,458,0.1741936355829239
10550,458,0.021525133401155472
10551,458,0.15133622288703918
10552,458,0.11122318357229233
10553,458,0.039054349064826965
10554,458,0.17179101705551147
10555,458,0.1568908989429474
10556,458,0.17713625729084015
10557,458,0.08536074310541153
10558,458,0.22295984625816345
10559,458,0.03279336914420128
10560,458,0.16121439635753632
10561,459,0.06313370168209076
10562,459,0.22123229503631592
10563,459,0.15213412046432495
10564,459,0.16366347670555115
10565,459,0.2406095415353775
10566,459,0.1541285216808319
10567,459,0.14820317924022675
10568,459,0.04327262192964554
10569,459,0.21514345705509186
10570,459,0.07196350395679474
10571,459,0.11400751024484634
10572,459,0.1849813014268875
10573,459,0.20472773909568787
10574,459,0.22850598394870758
10575,459,0.14773637056350708
10576,460,0.10295531153678894
10577,460,0.30152395367622375
10578,460,0.27234965562820435
10579,460,0.21484743058681488
10580,460,0.06580069661140442
10581,460,0.07036150991916656
10582,460,0.17030340433120728
10583,460,0.10603205114603043
10584,460,0.12511029839515686
10585,460,0.11177664995193481
10586,460,0.07738412171602249
10587,460,0.2208375334739685
10588,460,0.07193923741579056
10589,461,0.0686488226056099
10590,461,0.1671188771724701
10591,461,0.26422905921936035
10592,461,0.061716921627521515
10593,461,0.15587672591209412
10594,461,0.030060334131121635
10595,461,0.08671514689922333
10596,461,0.14582794904708862
10597,461,0.07010551542043686
10598,461,0.1198268011212349
10599,462,0.175604909658432
10600,462,0.1946779042482376
10601,462,0.11092114448547363
10602,462,0.02672899141907692
10603,462,0.1467609405517578
10604,462,0.23041170835494995
10605,462,0.05999484285712242
10606,462,0.09498845785856247
10607,462,0.10873492062091827
10608,462,0.22129720449447632
10609,463,0.11815331876277924
10610,463,0.10886703431606293
10611,463,0.13285405933856964
10612,463,0.13029494881629944
10613,463,0.1532631516456604
10614,463,0.20022638142108917
10615,463,0.22060897946357727
10616,463,0.15370100736618042
10617,463,0.07059906423091888
10618,463,0.17636342346668243
10619,463,0.1662752777338028
10620,463,0.04488459601998329
10621,463,0.12992185354232788
10622,463,0.16516824066638947
10623,463,0.07488680630922318
10624,463,0.12366222590208054
10625,463,0.16016778349876404
10626,463,0.19034826755523682
10627,464,0.1316218376159668
10628,464,0.16997729241847992
10629,464,0.2699953019618988
10630,464,0.1484888792037964
10631,464,0.07488931715488434
10632,464,0.10743001848459244
10633,464,0.11787109076976776
10634,464,0.24681994318962097
10635,464,0.08956354856491089
10636,465,0.023051179945468903
10637,465,0.15786120295524597
10638,465,0.13606274127960205
10639,465,0.019383208826184273
10640,465,0.0643843337893486
10641,465,0.10981981456279755
10642,465,0.2530629634857178
10643,465,0.12245242297649384
10644,465,0.06772373616695404
10645,465,0.1099475771188736
10646,465,0.10227863490581512
10647,465,0.11342351138591766
10648,465,0.20436957478523254
10649,465,0.19279466569423676
10650,466,0.06906191259622574
10651,466,0.06158845126628876
10652,466,0.1990729123353958
10653,466,0.1888408362865448
10654,466,0.19020909070968628
10655,466,0.0215485580265522
10656,466,0.1167830377817154
10657,466,0.1725059598684311
10658,466,0.18505625426769257
10659,466,0.15672852098941803
10660,466,0.1865997314453125
10661,466,0.14749696850776672
10662,466,0.10300220549106598
10663,466,0.026691481471061707
10664,466,0.20020028948783875
10665,466,0.11993932723999023
10666,466,0.0721936896443367
10667,466,0.10792889446020126
10668,466,0.07461713254451752
10669,466,0.07497454434633255
10670,466,0.09940711408853531
10671,467,0.2653045654296875
10672,467,0.057004816830158234
10673,467,0.06622133404016495
10674,467,0.17989547550678253
10675,467,0.061965420842170715
10676,467,0.17438481748104095
10677,467,0.12093842774629593
10678,467,0.30583375692367554
10679,467,0.07024771720170975
10680,467,0.20344491302967072
10681,467,0.363687664270401
10682,467,0.05897218734025955
10683,467,0.16126610338687897
10684,467,0.18971312046051025
10685,467,0.1475171148777008
10686,467,0.1480109840631485
10687,467,0.1331971287727356
10688,467,0.06427638232707977
10689,468,0.07685313373804092
10690,468,0.15329866111278534
10691,468,0.14505910873413086
10692,468,0.15999603271484375
10693,468,0.026912840083241463
10694,468,0.2300877571105957
10695,468,0.18904463946819305
10696,468,0.17774081230163574
10697,468,0.17741483449935913
10698,468,0.07978183776140213
10699,468,0.24925504624843597
10700,468,0.06189856305718422
10701,468,0.15658093988895416
10702,468,0.2019067257642746
10703,468,0.08274311572313309
10704,468,0.22678238153457642
10705,468,0.06319258362054825
10706,468,0.11987674981355667
10707,468,0.21594008803367615
10708,468,0.11092956364154816
10709,468,0.07047248631715775
10710,468,0.06658665090799332
10711,468,0.0172271691262722
10712,469,0.032727207988500595
10713,469,0.02240018919110298
10714,469,0.18102829158306122
10715,469,0.16583585739135742
10716,469,0.10514340549707413
10717,469,0.11417041718959808
10718,469,0.06350203603506088
10719,469,0.08594994246959686
10720,469,0.12960082292556763
10721,469,0.11285857111215591
10722,469,0.07558292150497437
10723,469,0.1608380377292633
10724,469,0.028361205011606216
10725,469,0.179467111825943
10726,469,0.21346120536327362
10727,469,0.41179901361465454
10728,469,0.25098565220832825
10729,469,0.08452869951725006
10730,470,0.1152605265378952
10731,470,0.08734782040119171
10732,470,0.2200024574995041
10733,470,0.16987159848213196
10734,470,0.06971023231744766
10735,470,0.11602269858121872
10736,470,0.20483538508415222
10737,470,0.033266689628362656
10738,470,0.15838688611984253
10739,470,0.16822093725204468
10740,470,0.1724599301815033
10741,470,0.31780314445495605
10742,470,0.12948819994926453
10743,470,0.16967566311359406
10744,470,0.1681888848543167
10745,470,0.16172775626182556
10746,470,0.255527138710022
10747,470,0.17047430574893951
10748,470,0.11925069987773895
10749,470,0.024315612390637398
10750,470,0.21318380534648895
10751,470,0.15231312811374664
10752,471,0.15786680579185486
10753,471,0.07083255052566528
10754,471,0.13935814797878265
10755,471,0.05820121616125107
10756,471,0.17687715590000153
10757,471,0.38863202929496765
10758,471,0.11260827630758286
10759,471,0.21438099443912506
10760,471,0.1307474672794342
10761,471,0.14280273020267487
10762,471,0.12077420204877853
10763,471,0.10867943614721298
10764,471,0.1503974348306656
10765,471,0.24349327385425568
10766,471,0.14500410854816437
10767,471,0.07022280246019363
10768,471,0.1131013035774231
10769,471,0.12456449121236801
10770,471,0.12355820089578629
10771,471,0.07402761280536652
10772,471,0.0638909861445427
10773,471,0.216471865773201
10774,471,0.12434425204992294
10775,472,0.1928601711988449
10776,472,0.161807581782341
10777,472,0.05977949872612953
10778,472,0.10201142728328705
10779,472,0.15313291549682617
10780,472,0.21919825673103333
10781,472,0.22774124145507812
10782,472,0.1731896847486496
10783,472,0.10572663694620132
10784,472,0.16645295917987823
10785,472,0.09897497296333313
10786,472,0.22579818964004517
10787,472,0.16435474157333374
10788,472,0.07591082155704498
10789,472,0.17557987570762634
10790,472,0.205306276679039
10791,473,0.1301126778125763
10792,473,0.2031499445438385
10793,473,0.07755349576473236
10794,473,0.06695659458637238
10795,473,0.10356161743402481
10796,473,0.11749497056007385
10797,473,0.3365572392940521
10798,473,0.15445946156978607
10799,474,0.028582999482750893
10800,474,0.08566077798604965
10801,474,0.15751580893993378
10802,474,0.17398519814014435
10803,474,0.10780198872089386
10804,474,0.1494724154472351
10805,474,0.218093141913414
10806,474,0.037114229053258896
10807,474,0.029004918411374092
10808,474,0.06936965882778168
10809,474,0.10380326956510544
10810,474,0.12114261090755463
10811,474,0.14048875868320465
10812,474,0.1888124793767929
10813,474,0.09043244272470474
10814,474,0.1557813584804535
10815,474,0.07232934236526489
10816,474,0.36217308044433594
10817,474,0.1802813857793808
10818,475,0.11771054565906525
10819,475,0.02355794422328472
10820,475,0.031087229028344154
10821,475,0.17610928416252136
10822,475,0.07433753460645676
10823,475,0.09830828756093979
10824,475,0.06854765862226486
10825,475,0.08512209355831146
10826,475,0.21369484066963196
10827,475,0.08137550204992294
10828,475,0.16156727075576782
10829,475,0.29667356610298157
10830,475,0.10087382048368454
10831,475,0.27304771542549133
10832,475,0.10892859846353531
10833,475,0.1593572199344635
10834,475,0.17734824120998383
10835,475,0.2138042151927948
10836,475,0.085728719830513
10837,475,0.05973672866821289
10838,475,0.12398436665534973
10839,476,0.2889869511127472
10840,476,0.12906582653522491
10841,476,0.1552658975124359
10842,476,0.08314774930477142
10843,476,0.2122986763715744
10844,476,0.21268846094608307
10845,476,0.12099092453718185
10846,476,0.15954338014125824
10847,476,0.1499175727367401
10848,476,0.1349763572216034
10849,476,0.07849205285310745
10850,477,0.11945736408233643
10851,477,0.02109856903553009
10852,477,0.1348056048154831
10853,477,0.15335547924041748
10854,477,0.1872466653585434
10855,477,0.21595758199691772
10856,477,0.08210209757089615
10857,477,0.06865835934877396
10858,477,0.16263635456562042
10859,477,0.20009268820285797
10860,477,0.14687475562095642
10861,477,0.1728559136390686
10862,477,0.1722654402256012
10863,477,0.16971781849861145
10864,478,0.12355439364910126
10865,478,0.0989905372262001
10866,478,0.08459021151065826
10867,478,0.14126363396644592
10868,478,0.11352157592773438
10869,478,0.06767620891332626
10870,478,0.16565658152103424
10871,478,0.18484807014465332
10872,478,0.16628512740135193
10873,478,0.059473246335983276
10874,478,0.20184674859046936
10875,478,0.10350409895181656
10876,478,0.21491259336471558
10877,478,0.13792529702186584
10878,478,0.061341945081949234
10879,479,0.17073316872119904
10880,479,0.27049705386161804
10881,479,0.031335651874542236
10882,479,0.06109447777271271
10883,479,0.025338180363178253
10884,479,0.19236722588539124
10885,479,0.19214484095573425
10886,479,0.17210394144058228
10887,479,0.14723491668701172
10888,479,0.2514726221561432
10889,479,0.15493765473365784
10890,479,0.1854775846004486
10891,480,0.06434939056634903
10892,480,0.08246031403541565
10893,480,0.21230916678905487
10894,480,0.16900907456874847
10895,480,0.1127936840057373
10896,480,0.27456754446029663
10897,480,0.11564245820045471
10898,480,0.062123335897922516
10899,480,0.12275772541761398
10900,480,0.12667956948280334
10901,480,0.0736808031797409
10902,480,0.15348969399929047
10903,480,0.10399670898914337
10904,480,0.10671708732843399
10905,480,0.12273876368999481
10906,480,0.1213848665356636
10907,480,0.07122956961393356
10908,480,0.12090194970369339
10909,480,0.15300633013248444
10910,480,0.2071523517370224
10911,480,0.1505982130765915
10912,480,0.1580836921930313
10913,481,0.025933075696229935
10914,481,0.18955188989639282
10915,481,0.24083532392978668
10916,481,0.14644570648670197
10917,481,0.10248640924692154
10918,481,0.021247481927275658
10919,481,0.24920238554477692
10920,481,0.09292707592248917
10921,481,0.12401949614286423
10922,482,0.2159571647644043
10923,482,0.24859751760959625
10924,482,0.2110971212387085
10925,482,0.1274310201406479
10926,482,0.23858465254306793
10927,482,0.13114459812641144
10928,482,0.194113090634346
10929,482,0.07360690087080002
10930,482,0.1654338538646698
10931,482,0.32986927032470703
10932,482,0.07563221454620361
10933,482,0.20705655217170715
10934,482,0.19459548592567444
10935,482,0.19244419038295746
10936,482,0.10907565802335739
10937,482,0.3001650273799896
10938,482,0.14916196465492249
10939,482,0.10189486294984818
10940,482,0.20036427676677704
10941,482,0.1772845983505249
10942,482,0.10707065463066101
10943,483,0.10971400886774063
10944,483,0.06871173530817032
10945,483,0.098981574177742
10946,483,0.1420685201883316
10947,483,0.1742909550666809
10948,483,0.07806222140789032
10949,483,0.14253418147563934
10950,483,0.06945877522230148
10951,483,0.11590705066919327
10952,484,0.17699435353279114
10953,484,0.25439712405204773
10954,484,0.15157176554203033
10955,484,0.1673666387796402
10956,484,0.22653433680534363
10957,484,0.19775493443012238
10958,484,0.02278236672282219
10959,484,0.16163061559200287
10960,484,0.0815417543053627
10961,484,0.09222812205553055
10962,484,0.1693914532661438
10963,484,0.1507146805524826
10964,484,0.12254461646080017
10965,484,0.1942777782678604
10966,484,0.16856318712234497
10967,484,0.029611025005578995
10968,484,0.058868806809186935
10969,485,0.11595293879508972
10970,485,0.2934703528881073
10971,485,0.18504199385643005
10972,485,0.31489723920822144
10973,485,0.10936299711465836
10974,485,0.16332316398620605
10975,485,0.20451052486896515
10976,485,0.1679510772228241
10977,485,0.12759926915168762
10978,485,0.24540169537067413
10979,485,0.16096538305282593
10980,485,0.22140750288963318
10981,485,0.11190779507160187
10982,485,0.08262132853269577
10983,485,0.19202262163162231
10984,485,0.025715425610542297
10985,485,0.0649871751666069
10986,485,0.18422049283981323
10987,485,0.21314407885074615
10988,486,0.13431166112422943
10989,486,0.30595073103904724
10990,486,0.10394379496574402
10991,486,0.15233901143074036
10992,486,0.06891417503356934
10993,486,0.21522639691829681
10994,486,0.02915368601679802
10995,486,0.3195134997367859
10996,486,0.19185222685337067
10997,486,0.23377341032028198
10998,486,0.09654156118631363
10999,486,0.15893970429897308
11000,486,0.13077019155025482
11001,486,0.24838919937610626
11002,486,0.11719762533903122
11003,486,0.19343268871307373
11004,486,0.09174134582281113
11005,486,0.112892284989357
11006,486,0.11005453765392303
11007,487,0.0881701186299324
11008,487,0.07765352725982666
11009,487,0.14596277475357056
11010,487,0.09232192486524582
11011,487,0.061623428016901016
11012,487,0.19684255123138428
11013,487,0.052425317466259
11014,487,0.10846268385648727
11015,487,0.11459898948669434
11016,487,0.07857279479503632
11017,487,0.17961376905441284
11018,487,0.14902904629707336
11019,487,0.12446559965610504
11020,487,0.07540570199489594
11021,487,0.2272256314754486
11022,487,0.18619383871555328
11023,487,0.12675416469573975
11024,487,0.10299275815486908
11025,487,0.23116883635520935
11026,487,0.11331707239151001
11027,487,0.2844460606575012
11028,487,0.15894250571727753
11029,488,0.02230086736381054
11030,488,0.15992185473442078
11031,488,0.08000532537698746
11032,488,0.16499316692352295
11033,488,0.10612758994102478
11034,488,0.10446911305189133
11035,488,0.05781188979744911
11036,488,0.06000373885035515
11037,488,0.1272396445274353
11038,488,0.06821870058774948
11039,488,0.16974973678588867
11040,488,0.15861940383911133
11041,489,0.28914761543273926
11042,489,0.10060834884643555
11043,489,0.26524490118026733
11044,489,0.0703832134604454
11045,489,0.16865754127502441
11046,489,0.20264312624931335
11047,489,0.12373086810112
11048,489,0.1523004025220871
11049,489,0.12248972058296204
11050,489,0.12588489055633545
11051,489,0.028681565076112747
11052,489,0.026193838566541672
11053,489,0.09993141889572144
11054,489,0.15730372071266174
11055,489,0.17212766408920288
11056,489,0.16605494916439056
11057,489,0.10636211931705475
11058,489,0.3005298376083374
11059,489,0.155769482254982
11060,490,0.07642480731010437
11061,490,0.1678285449743271
11062,490,0.21648237109184265
11063,490,0.11736685037612915
11064,490,0.1613505631685257
11065,490,0.19698938727378845
11066,490,0.16371938586235046
11067,490,0.078035868704319
11068,490,0.20203492045402527
11069,490,0.20465026795864105
11070,490,0.22213470935821533
11071,490,0.12560246884822845
11072,490,0.067768394947052
11073,490,0.3077874779701233
11074,490,0.2014843076467514
11075,490,0.14031341671943665
11076,490,0.22002007067203522
11077,490,0.16556116938591003
11078,491,0.17222413420677185
11079,491,0.19338785111904144
11080,491,0.10994834452867508
11081,491,0.2084735631942749
11082,491,0.20098650455474854
11083,491,0.19255207479000092
11084,491,0.2508125305175781
11085,491,0.1268376260995865
11086,491,0.1203666403889656
11087,491,0.3550122082233429
11088,491,0.1648237705230713
11089,491,0.0718502476811409
11090,491,0.0775497779250145
11091,491,0.20648767054080963
11092,491,0.18975335359573364
11093,491,0.02794024907052517
11094,491,0.11091780662536621
11095,491,0.14408788084983826
11096,491,0.21714189648628235
11097,491,0.11289650946855545
11098,491,0.15652169287204742
11099,491,0.06815317273139954
11100,491,0.15248455107212067
11101,491,0.2356882393360138
11102,491,0.11083223670721054
11103,492,0.17121398448944092
11104,492,0.14662519097328186
11105,492,0.22473160922527313
11106,492,0.1283240020275116
11107,492,0.05698561668395996
11108,492,0.1511968970298767
11109,492,0.1488570123910904
11110,492,0.27063697576522827
11111,492,0.1394987851381302
11112,492,0.15091998875141144
11113,492,0.15831728279590607
11114,492,0.2572103440761566
11115,492,0.09698688238859177
11116,492,0.16368991136550903
11117,492,0.02579103782773018
11118,492,0.24482646584510803
11119,492,0.10055173933506012
11120,492,0.03383316472172737
11121,492,0.22559204697608948
11122,492,0.06294701248407364
11123,492,0.12332575023174286
11124,492,0.1373945027589798
11125,492,0.2800534963607788
11126,492,0.15283489227294922
11127,493,0.20497529208660126
11128,493,0.06052641198039055
11129,493,0.15304458141326904
11130,493,0.1465209424495697
11131,493,0.10765701532363892
11132,493,0.06814739853143692
11133,493,0.0670301765203476
11134,493,0.14658668637275696
11135,493,0.12299982458353043
11136,494,0.1459454596042633
11137,494,0.13791880011558533
11138,494,0.15457399189472198
11139,494,0.1140340194106102
11140,494,0.0958598330616951
11141,494,0.2565232217311859
11142,494,0.11459428817033768
11143,494,0.12650538980960846
11144,494,0.21283508837223053
11145,494,0.024104690179228783
11146,494,0.10372096300125122
11147,494,0.12008628994226456
11148,494,0.24496203660964966
11149,494,0.15633514523506165
11150,494,0.07376214116811752
11151,494,0.059365786612033844
11152,494,0.14035587012767792
11153,494,0.20917120575904846
11154,494,0.06927088648080826
11155,494,0.12101969122886658
11156,494,0.16635991632938385
11157,494,0.12638051807880402
11158,495,0.07462367415428162
11159,495,0.20855043828487396
11160,495,0.1739327609539032
11161,495,0.15053871273994446
11162,495,0.16249185800552368
11163,495,0.10807964950799942
11164,495,0.09760117530822754
11165,495,0.1094389259815216
11166,495,0.24314260482788086
11167,495,0.07879795879125595
11168,495,0.0686546266078949
11169,495,0.14610260725021362
11170,495,0.09297293424606323
11171,495,0.13687041401863098
11172,495,0.18824927508831024
11173,495,0.22663798928260803
11174,495,0.01382457185536623
11175,495,0.19191469252109528
11176,495,0.020171377807855606
11177,495,0.029849251732230186
11178,495,0.07460981607437134
11179,495,0.11847522854804993
11180,495,0.060815393924713135
11181,495,0.0760488212108612
11182,495,0.17267687618732452
11183,495,0.06567273288965225
11184,495,0.10462438315153122
11185,495,0.02267289161682129
11186,495,0.11129415780305862
11187,496,0.18729695677757263
11188,496,0.12278551608324051
11189,496,0.1120096817612648
11190,496,0.07678501307964325
11191,496,0.09427431225776672
11192,496,0.24799050390720367
11193,496,0.06997539848089218
11194,496,0.1486259400844574
11195,496,0.2624600827693939
11196,496,0.14310762286186218
11197,496,0.06550159305334091
11198,496,0.1549174040555954
11199,496,0.17362633347511292
11200,496,0.16267292201519012
11201,496,0.19487586617469788
11202,496,0.06748107075691223
11203,496,0.13207323849201202
11204,497,0.22840888798236847
11205,497,0.1862150877714157
11206,497,0.10168708115816116
11207,497,0.0650043711066246
11208,497,0.10992244631052017
11209,497,0.15201336145401
11210,497,0.06920024007558823
11211,497,0.07398917526006699
11212,497,0.021554172039031982
11213,497,0.27645742893218994
11214,497,0.06329099088907242
11215,497,0.1140373945236206
11216,497,0.07065404951572418
11217,497,0.20808184146881104
11218,497,0.14590032398700714
11219,497,0.15439054369926453
11220,497,0.06872554123401642
11221,497,0.23261676728725433
11222,497,0.19228528439998627
11223,497,0.061259813606739044
11224,497,0.1268024891614914
11225,497,0.1709180474281311
11226,497,0.15622666478157043
11227,498,0.07248208671808243
11228,498,0.07969936728477478
11229,498,0.1304072141647339
11230,498,0.06179346889257431
11231,498,0.18755371868610382
11232,498,0.17809191346168518
11233,498,0.19238866865634918
11234,498,0.08988825231790543
11235,498,0.12044446915388107
11236,498,0.06299716234207153
11237,498,0.20724675059318542
11238,498,0.26457077264785767
11239,498,0.22991539537906647
11240,498,0.05832820385694504
11241,498,0.15769411623477936
11242,498,0.13814140856266022
11243,498,0.15310436487197876
11244,498,0.20100989937782288
11245,498,0.10769198834896088
11246,498,0.20500145852565765
11247,498,0.16743476688861847
11248,499,0.16277360916137695
11249,499,0.14335155487060547
11250,499,0.21436859667301178
11251,499,0.11408024281263351
11252,499,0.11501535028219223
11253,499,0.12024963647127151
11254,499,0.30142441391944885
11255,499,0.10396017879247665
11256,499,0.14158274233341217
11257,499,0.22020553052425385
11258,499,0.15525923669338226
11259,499,0.1531582772731781
11260,499,0.1650882214307785
11261,499,0.2538285255432129
11262,499,0.25864502787590027
11263,499,0.1201777458190918
11264,500,0.10772243142127991
11265,500,0.19974690675735474
11266,500,0.33529147505760193
11267,500,0.14881929755210876
11268,500,0.13491451740264893
11269,500,0.21379554271697998
11270,500,0.17191824316978455
11271,500,0.10063423216342926
11272,500,0.14456982910633087
11273,500,0.2620565891265869
11274,500,0.1708115041255951
11275,500,0.18693318963050842
11276,500,0.2139674574136734
11277,501,0.33786407113075256
11278,501,0.2640010714530945
11279,501,0.12766097486019135
11280,501,0.1259288787841797
11281,501,0.13763390481472015
11282,501,0.07672939449548721
11283,501,0.06792361289262772
11284,501,0.0585300512611866
11285,501,0.12178158015012741
11286,501,0.06897395849227905
11287,501,0.19063767790794373
11288,502,0.15280276536941528
11289,502,0.08348068594932556
11290,502,0.07966829836368561
11291,502,0.24514994025230408
11292,502,0.24567963182926178
11293,502,0.10035267472267151
11294,502,0.18390221893787384
11295,502,0.2409602403640747
11296,502,0.07638977468013763
11297,502,0.02547064609825611
11298,502,0.18081095814704895
11299,502,0.06263286620378494
11300,502,0.02976858615875244
11301,502,0.23051558434963226
11302,502,0.12392288446426392
11303,502,0.20692729949951172
11304,502,0.21136635541915894
11305,502,0.07912814617156982
11306,502,0.06620467454195023
11307,502,0.12976253032684326
11308,502,0.0337052047252655
11309,503,0.19635403156280518
11310,503,0.3501738905906677
11311,503,0.20540380477905273
11312,503,0.1554291844367981
11313,503,0.11713820695877075
11314,503,0.2716432809829712
11315,503,0.2556300461292267
11316,503,0.11857511103153229
11317,503,0.24861878156661987
11318,503,0.13832803070545197
11319,503,0.17895068228244781
11320,503,0.07513261586427689
11321,503,0.19898292422294617
11322,503,0.06111426651477814
11323,503,0.10142748802900314
11324,503,0.18093116581439972
11325,504,0.16981232166290283
11326,504,0.15127219259738922
11327,504,0.2130846232175827
11328,504,0.10875894874334335
11329,504,0.26928266882896423
11330,504,0.1116878092288971
11331,504,0.11662203818559647
11332,504,0.06967373192310333
11333,504,0.12494567781686783
11334,504,0.07324657589197159
11335,504,0.15985247492790222
11336,504,0.1464376300573349
11337,504,0.13967721164226532
11338,504,0.22132056951522827
11339,504,0.15316712856292725
11340,504,0.12411308288574219
11341,504,0.06489172577857971
11342,505,0.1053944006562233
11343,505,0.14553819596767426
11344,505,0.19707219302654266
11345,505,0.11359987407922745
11346,505,0.17071428894996643
11347,505,0.1233135461807251
11348,505,0.16681711375713348
11349,505,0.20891506969928741
11350,505,0.1653202623128891
11351,505,0.16663263738155365
11352,505,0.1456800103187561
11353,505,0.227143794298172
11354,505,0.05130704119801521
11355,505,0.2092369943857193
11356,505,0.06701581180095673
11357,505,0.2150508612394333
11358,505,0.1637902557849884
11359,506,0.2268953025341034
11360,506,0.10068037360906601
11361,506,0.16640424728393555
11362,506,0.2694511413574219
11363,506,0.06865816563367844
11364,506,0.036062270402908325
11365,506,0.19024953246116638
11366,506,0.12707673013210297
11367,506,0.25034844875335693
11368,506,0.06210413947701454
11369,506,0.2906382977962494
11370,506,0.0993800237774849
11371,506,0.18960162997245789
11372,506,0.1042228490114212
11373,506,0.15461881458759308
11374,506,0.17668212950229645
11375,506,0.06958939135074615
11376,506,0.14247393608093262
11377,506,0.26318785548210144
11378,506,0.16804975271224976
11379,506,0.10652049630880356
11380,506,0.1777067631483078
11381,506,0.11924495548009872
11382,506,0.17796221375465393
11383,507,0.06564819067716599
11384,507,0.17775635421276093
11385,507,0.0996946468949318
11386,507,0.14093545079231262
11387,507,0.1317804902791977
11388,507,0.09244964271783829
11389,507,0.10640140622854233
11390,507,0.17784932255744934
11391,507,0.11267293989658356
11392,507,0.07172233611345291
11393,507,0.11830665171146393
11394,507,0.23083628714084625
11395,507,0.12283878773450851
11396,507,0.05752408877015114
11397,507,0.3107760548591614
11398,507,0.06026293709874153
11399,507,0.06337056308984756
11400,507,0.11213334649801254
11401,507,0.01920706406235695
11402,507,0.08192609250545502
11403,508,0.17687535285949707
11404,508,0.020630599930882454
11405,508,0.14803864061832428
11406,508,0.08799831569194794
11407,508,0.127610445022583
11408,508,0.1369876265525818
11409,508,0.2214478999376297
11410,508,0.10606613010168076
11411,508,0.09978024661540985
11412,508,0.2304258644580841
11413,508,0.2205301821231842
11414,508,0.12068268656730652
11415,508,0.12854111194610596
11416,508,0.25646454095840454
11417,508,0.07109333574771881
11418,508,0.07332754135131836
11419,508,0.013566448353230953
11420,508,0.24247516691684723
11421,508,0.11913684755563736
11422,508,0.15457148849964142
11423,508,0.1425834745168686
11424,508,0.14898088574409485
11425,508,0.15230692923069
11426,509,0.05858374759554863
11427,509,0.16367493569850922
11428,509,0.028401777148246765
11429,509,0.11190187931060791
11430,509,0.13461008667945862
11431,509,0.14786188304424286
11432,509,0.18731023371219635
11433,509,0.1529032289981842
11434,509,0.11185739934444427
11435,509,0.16983851790428162
11436,509,0.1204671710729599
11437,510,0.2991275191307068
11438,510,0.021685492247343063
11439,510,0.16600766777992249
11440,510,0.2398558408021927
11441,510,0.11584857851266861
11442,510,0.14056777954101562
11443,510,0.06230584532022476
11444,510,0.04825149476528168
11445,510,0.10310900956392288
11446,511,0.21740585565567017
11447,511,0.0613073855638504
11448,511,0.10159426927566528
11449,511,0.13500608503818512
11450,511,0.15160855650901794
11451,511,0.17318467795848846
11452,511,0.19376564025878906
11453,511,0.19617719948291779
11454,511,0.11571718007326126
11455,511,0.06605321913957596
11456,511,0.10954858362674713
11457,511,0.06421919912099838
11458,511,0.0772017315030098
11459,511,0.11272281408309937
11460,511,0.24404969811439514
11461,511,0.11981856822967529
11462,512,0.1628553420305252
11463,512,0.17464548349380493
11464,512,0.121458038687706
11465,512,0.16559533774852753
11466,512,0.06602086871862411
11467,512,0.029034461826086044
11468,512,0.14575941860675812
11469,512,0.091567263007164
11470,512,0.14784030616283417
11471,512,0.05741988867521286
11472,512,0.2592925727367401
11473,512,0.07455554604530334
11474,512,0.1479787975549698
11475,512,0.17095880210399628
11476,512,0.13697172701358795
11477,512,0.1869240403175354
11478,512,0.06783076375722885
11479,512,0.23184822499752045
11480,512,0.02189459651708603
11481,512,0.061013080179691315
11482,512,0.1269812285900116
11483,512,0.21153853833675385
11484,513,0.10677982121706009
11485,513,0.14952965080738068
11486,513,0.09810400754213333
11487,513,0.16730761528015137
11488,513,0.10850374400615692
11489,513,0.0763404592871666
11490,513,0.21605172753334045
11491,513,0.06945314258337021
11492,513,0.22345024347305298
11493,513,0.10209771990776062
11494,513,0.07573959976434708
11495,513,0.15614856779575348
11496,513,0.151702418923378
11497,513,0.07547938823699951
11498,513,0.06835343688726425
11499,513,0.12797631323337555
11500,513,0.06867781281471252
11501,513,0.19841217994689941
11502,513,0.16374875605106354
11503,513,0.23578403890132904
11504,513,0.22568261623382568
11505,513,0.06061882898211479
11506,514,0.1578185260295868
11507,514,0.11032573133707047
11508,514,0.11539741605520248
11509,514,0.20180325210094452
11510,514,0.02002386562526226
11511,514,0.06966052204370499
11512,514,0.1461949348449707
11513,514,0.15937253832817078
11514,514,0.1269722282886505
11515,514,0.0858941450715065
11516,514,0.025307031348347664
11517,514,0.0810258686542511
11518,514,0.15530535578727722
11519,514,0.1499844491481781
11520,514,0.2535371780395508
11521,514,0.02478543296456337
11522,514,0.1627785712480545
11523,515,0.20885969698429108
11524,515,0.0710524246096611
11525,515,0.10661131888628006
11526,515,0.19026102125644684
11527,515,0.2212771475315094
11528,515,0.20784643292427063
11529,515,0.1588524580001831
11530,515,0.11009004712104797
11531,515,0.06840146332979202
11532,515,0.11557415872812271
11533,515,0.10950079560279846
11534,515,0.08645021915435791
11535,515,0.22793042659759521
11536,515,0.23036782443523407
11537,515,0.12190265208482742
11538,515,0.16053952276706696
11539,515,0.033312756568193436
11540,515,0.10656038671731949
11541,515,0.20671941339969635
11542,515,0.18923842906951904
11543,515,0.06939265131950378
11544,515,0.12971721589565277
11545,515,0.20679114758968353
11546,515,0.25060173869132996
11547,515,0.027017740532755852
11548,515,0.1849919855594635
11549,515,0.1849856823682785
11550,516,0.16373808681964874
11551,516,0.15053561329841614
11552,516,0.2705717384815216
11553,516,0.06394363194704056
11554,516,0.13661277294158936
11555,516,0.12519340217113495
11556,516,0.11568322777748108
11557,516,0.2184074968099594
11558,516,0.17368309199810028
11559,516,0.15032023191452026
11560,516,0.19397585093975067
11561,516,0.13110752403736115
11562,516,0.02196716144680977
11563,516,0.17428655922412872
11564,516,0.10974104702472687
11565,516,0.2592391073703766
11566,516,0.02730054035782814
11567,516,0.07646529376506805
11568,516,0.15954254567623138
11569,516,0.3781975507736206
11570,516,0.22974519431591034
11571,516,0.15012569725513458
11572,517,0.0836588516831398
11573,517,0.06789551675319672
11574,517,0.2516328692436218
11575,517,0.1198875680565834
11576,517,0.16646882891654968
11577,517,0.18984627723693848
11578,517,0.29819148778915405
11579,517,0.10708534717559814
11580,517,0.1387835443019867
11581,517,0.07815057039260864
11582,517,0.20845353603363037
11583,517,0.09677959233522415
11584,517,0.1647127866744995
11585,517,0.25979509949684143
11586,517,0.09590883553028107
11587,517,0.11256731301546097
11588,517,0.1138843446969986
11589,518,0.026272716000676155
11590,518,0.30644696950912476
11591,518,0.12264858931303024
11592,518,0.23984545469284058
11593,518,0.08481515198945999
11594,518,0.1676904559135437
11595,518,0.10793256759643555
11596,518,0.14179356396198273
11597,518,0.1094333752989769
11598,518,0.30849695205688477
11599,518,0.10897154361009598
11600,518,0.2528798580169678
11601,518,0.11446937918663025
11602,518,0.06464936584234238
11603,518,0.023663552477955818
11604,518,0.12106535583734512
11605,518,0.18202447891235352
11606,518,0.16195112466812134
11607,518,0.14289377629756927
11608,519,0.11614038795232773
11609,519,0.17296954989433289
11610,519,0.25926321744918823
11611,519,0.15045402944087982
11612,519,0.1600579470396042
11613,519,0.23813115060329437
11614,519,0.22169633209705353
11615,519,0.054561104625463486
11616,519,0.11141917109489441
11617,519,0.11527489125728607
11618,519,0.05714823305606842
11619,519,0.06498395651578903
11620,519,0.23512399196624756
11621,519,0.07966064661741257
11622,519,0.11926062405109406
11623,519,0.019223319366574287
11624,519,0.11924631148576736
11625,519,0.16241836547851562
11626,519,0.023349091410636902
11627,520,0.11256346851587296
11628,520,0.2736000120639801
11629,520,0.16125726699829102
11630,520,0.12856414914131165
11631,520,0.10804002732038498
11632,520,0.07416319102048874
11633,520,0.14534538984298706
11634,520,0.05847770348191261
11635,520,0.17992690205574036
11636,520,0.2338075339794159
11637,520,0.2582215964794159
11638,520,0.10965526849031448
11639,520,0.13181298971176147
11640,520,0.06587889790534973
11641,520,0.1422097533941269
11642,520,0.05596320703625679
11643,520,0.11965808272361755
11644,521,0.15794911980628967
11645,521,0.07033658027648926
11646,521,0.1683753877878189
11647,521,0.24823452532291412
11648,521,0.1009330227971077
11649,521,0.10487781465053558
11650,521,0.15255026519298553
11651,521,0.23955687880516052
11652,521,0.193568617105484
11653,521,0.1220812052488327
11654,521,0.1387060433626175
11655,521,0.11966964602470398
11656,521,0.06829831004142761
11657,521,0.15877485275268555
11658,521,0.15877482295036316
11659,521,0.21999090909957886
11660,522,0.13380025327205658
11661,522,0.1637418419122696
11662,522,0.1619022637605667
11663,522,0.1478397697210312
11664,522,0.16456447541713715
11665,522,0.0972939059138298
11666,522,0.11668319255113602
11667,522,0.21180114150047302
11668,522,0.11233927309513092
11669,522,0.19130617380142212
11670,522,0.1569250226020813
11671,522,0.2530819773674011
11672,522,0.17287275195121765
11673,522,0.12044454365968704
11674,522,0.1163177564740181
11675,522,0.09866808354854584
11676,522,0.12749750912189484
11677,522,0.14553847908973694
11678,522,0.15818805992603302
11679,522,0.15434256196022034
11680,522,0.1587097942829132
11681,522,0.1932205706834793
11682,523,0.16928118467330933
11683,523,0.1126333475112915
11684,523,0.11108185350894928
11685,523,0.1444471776485443
11686,523,0.020135503262281418
11687,523,0.20725294947624207
11688,523,0.24248264729976654
11689,523,0.27041253447532654
11690,523,0.17691436409950256
11691,523,0.033399730920791626
11692,523,0.16409577429294586
11693,523,0.027578890323638916
11694,523,0.10424676537513733
11695,523,0.03332776576280594
11696,523,0.1039046049118042
11697,523,0.15916159749031067
11698,523,0.0928291380405426
11699,523,0.06813587993383408
11700,524,0.024900183081626892
11701,524,0.1807132363319397
11702,524,0.1531141847372055
11703,524,0.16817699372768402
11704,524,0.021902281790971756
11705,524,0.11891389638185501
11706,524,0.12067649513483047
11707,524,0.09837403893470764
11708,524,0.1995840221643448
11709,524,0.15426525473594666
11710,524,0.09669571369886398
11711,524,0.16447976231575012
11712,524,0.10435566306114197
11713,524,0.11535186320543289
11714,524,0.21504804491996765
11715,524,0.12071970105171204
11716,524,0.15758375823497772
11717,524,0.017996245995163918
11718,525,0.11630003154277802
11719,525,0.16652095317840576
11720,525,0.14848101139068604
11721,525,0.10545682907104492
11722,525,0.1126759797334671
11723,525,0.1340712159872055
11724,525,0.16337111592292786
11725,525,0.14499706029891968
11726,525,0.07503454387187958
11727,525,0.24966569244861603
11728,525,0.12527911365032196
11729,525,0.12953583896160126
11730,526,0.014928982593119144
11731,526,0.11184536665678024
11732,526,0.1717950701713562
11733,526,0.12108466774225235
11734,526,0.23202413320541382
11735,526,0.16307540237903595
11736,526,0.20458489656448364
11737,526,0.27564743161201477
11738,526,0.17051158845424652
11739,526,0.248354971408844
11740,527,0.067661352455616
11741,527,0.20593886077404022
11742,527,0.0991629809141159
11743,527,0.16305576264858246
11744,527,0.02097153663635254
11745,527,0.2160959243774414
11746,527,0.25805971026420593
11747,527,0.20793364942073822
11748,527,0.10472780466079712
11749,527,0.12153304368257523
11750,527,0.1064360961318016
11751,527,0.17109936475753784
11752,527,0.1584477424621582
11753,527,0.15149037539958954
11754,527,0.079874187707901
11755,527,0.1760220229625702
11756,528,0.13768409192562103
11757,528,0.21072998642921448
11758,528,0.20500189065933228
11759,528,0.06248234957456589
11760,528,0.1694658398628235
11761,528,0.19938123226165771
11762,528,0.14605076611042023
11763,528,0.2604512572288513
11764,528,0.06927903741598129
11765,528,0.3190372884273529
11766,528,0.17154422402381897
11767,528,0.24822039902210236
11768,528,0.13217322528362274
11769,528,0.10875865817070007
11770,529,0.155469611287117
11771,529,0.029428062960505486
11772,529,0.27481019496917725
11773,529,0.23602750897407532
11774,529,0.20221766829490662
11775,529,0.13416223227977753
11776,529,0.06690492480993271
11777,529,0.11557521671056747
11778,529,0.16767801344394684
11779,530,0.07087849080562592
11780,530,0.10928870737552643
11781,530,0.06884770095348358
11782,530,0.1651124507188797
11783,530,0.1759558916091919
11784,530,0.1692284792661667
11785,530,0.17558586597442627
11786,530,0.10630592703819275
11787,530,0.061403438448905945
11788,530,0.10684467852115631
11789,530,0.3598133623600006
11790,530,0.11425218731164932
11791,530,0.033219266682863235
11792,530,0.07812483608722687
11793,530,0.026239288970828056
11794,530,0.06675328314304352
11795,530,0.16603024303913116
11796,530,0.1572989672422409
11797,530,0.21798504889011383
11798,530,0.15250825881958008
11799,530,0.07876712083816528
11800,531,0.1609259843826294
11801,531,0.06713204085826874
11802,531,0.14379949867725372
11803,531,0.15489768981933594
11804,531,0.14351236820220947
11805,531,0.15007954835891724
11806,531,0.1422460675239563
11807,531,0.06075173616409302
11808,531,0.09643496572971344
11809,531,0.11063472926616669
11810,531,0.22441700100898743
11811,531,0.20749077200889587
11812,531,0.1579996794462204
11813,531,0.16682080924510956
11814,531,0.15933984518051147
11815,531,0.10592848062515259
11816,531,0.16431285440921783
11817,532,0.19305939972400665
11818,532,0.2203506976366043
11819,532,0.14575405418872833
11820,532,0.23840448260307312
11821,532,0.15526597201824188
11822,532,0.11727673560380936
11823,532,0.18773210048675537
11824,532,0.0899113342165947
11825,532,0.1431530863046646
11826,532,0.19970141351222992
11827,532,0.196147620677948
11828,532,0.01661771349608898
11829,532,0.27341559529304504
11830,532,0.0934070572257042
11831,532,0.3105500340461731
11832,532,0.07153799384832382
11833,532,0.15432365238666534
11834,532,0.1105399951338768
11835,532,0.2459411770105362
11836,532,0.16009873151779175
11837,532,0.21101704239845276
11838,532,0.12839360535144806
11839,532,0.08602359145879745
11840,533,0.0707421824336052
11841,533,0.18133054673671722
11842,533,0.06860210746526718
11843,533,0.17126013338565826
11844,533,0.16248372197151184
11845,533,0.1772446632385254
11846,533,0.1293283849954605
11847,533,0.030612468719482422
11848,533,0.15650394558906555
11849,533,0.11243568360805511
11850,533,0.178012877702713
11851,533,0.09842470288276672
11852,533,0.2465737760066986
11853,533,0.05789855867624283
11854,533,0.027376877143979073
11855,533,0.1623704433441162
11856,533,0.18913646042346954
11857,533,0.20655083656311035
11858,534,0.07181724905967712
11859,534,0.10260993242263794
11860,534,0.02995763160288334
11861,534,0.21147772669792175
11862,534,0.0789695531129837
11863,534,0.15910989046096802
11864,534,0.19409774243831635
11865,534,0.061967767775058746
11866,534,0.23118658363819122
11867,534,0.026036687195301056
11868,534,0.06974020600318909
11869,534,0.1493307501077652
11870,534,0.056305184960365295
11871,534,0.09943538904190063
11872,534,0.10764765739440918
11873,534,0.25741058588027954
11874,534,0.16771875321865082
11875,534,0.1566898673772812
11876,534,0.15519589185714722
11877,534,0.07824500650167465
11878,534,0.24377016723155975
11879,534,0.12740904092788696
11880,535,0.2563242018222809
11881,535,0.15895816683769226
11882,535,0.24207685887813568
11883,535,0.12051834166049957
11884,535,0.1455571949481964
11885,535,0.11397263407707214
11886,535,0.025575457140803337
11887,535,0.08915272355079651
11888,535,0.20594382286071777
11889,535,0.16852089762687683
11890,535,0.1559988111257553
11891,535,0.24579264223575592
11892,535,0.09977946430444717
11893,535,0.09504138678312302
11894,535,0.18487027287483215
11895,535,0.1502830684185028
11896,535,0.16025575995445251
11897,535,0.13980139791965485
11898,535,0.016992785036563873
11899,535,0.16564175486564636
11900,535,0.10470156371593475
11901,535,0.17196598649024963
11902,536,0.29432398080825806
11903,536,0.2120632380247116
11904,536,0.18843930959701538
11905,536,0.1016862541437149
11906,536,0.10412925481796265
11907,536,0.10515545308589935
11908,536,0.21881622076034546
11909,536,0.2457398921251297
11910,536,0.1592629849910736
11911,536,0.10380726307630539
11912,536,0.11359766125679016
11913,536,0.11680935323238373
11914,536,0.18198750913143158
11915,536,0.08204440772533417
11916,536,0.15036258101463318
11917,536,0.1090572327375412
11918,536,0.14845934510231018
11919,536,0.19096721708774567
11920,536,0.09446632862091064
11921,536,0.18318675458431244
11922,536,0.16250605881214142
11923,537,0.3797381520271301
11924,537,0.20367836952209473
11925,537,0.11507608741521835
11926,537,0.016073456034064293
11927,537,0.18934766948223114
11928,537,0.20167487859725952
11929,537,0.1043967679142952
11930,537,0.1451307088136673
11931,537,0.2654650807380676
11932,537,0.2097267508506775
11933,537,0.061399348080158234
11934,537,0.19711220264434814
11935,538,0.12895555794239044
11936,538,0.2796580493450165
11937,538,0.25545206665992737
11938,538,0.19564956426620483
11939,538,0.16509409248828888
11940,538,0.24189862608909607
11941,538,0.15978576242923737
11942,538,0.17515751719474792
11943,538,0.11772996932268143
11944,538,0.18195082247257233
11945,538,0.20302465558052063
11946,538,0.23389115929603577
11947,539,0.06279011815786362
11948,539,0.02316698059439659
11949,539,0.17863798141479492
11950,539,0.2906110882759094
11951,539,0.168314129114151
11952,539,0.34654155373573303
11953,539,0.17054471373558044
11954,539,0.07253289222717285
11955,539,0.21457016468048096
11956,539,0.06376012414693832
11957,539,0.14818650484085083
11958,539,0.08920210599899292
11959,540,0.10451299697160721
11960,540,0.1529141068458557
11961,540,0.2642430365085602
11962,540,0.2836785614490509
11963,540,0.16603361070156097
11964,540,0.0604192391037941
11965,540,0.20531065762043
11966,540,0.15234869718551636
11967,540,0.11858207732439041
11968,540,0.16653423011302948
11969,540,0.09211676567792892
11970,540,0.1177319660782814
11971,540,0.2763436436653137
11972,540,0.18261362612247467
11973,540,0.14231035113334656
11974,540,0.02702130191028118
11975,540,0.1390807330608368
11976,540,0.19569651782512665
11977,540,0.1641397625207901
11978,540,0.10692330449819565
11979,540,0.12510542571544647
11980,540,0.06941128522157669
11981,541,0.19108878076076508
11982,541,0.23688632249832153
11983,541,0.06983953714370728
11984,541,0.13985399901866913
11985,541,0.1746968924999237
11986,541,0.14791646599769592
11987,541,0.13007581233978271
11988,541,0.06691273301839828
11989,541,0.05991344526410103
11990,541,0.32649099826812744
11991,541,0.026467811316251755
11992,541,0.026372922584414482
11993,541,0.20301485061645508
11994,541,0.10936697572469711
11995,541,0.12551869451999664
11996,541,0.21655510365962982
11997,541,0.1608249545097351
11998,541,0.16199281811714172
11999,541,0.2102038413286209
12000,541,0.2667011618614197
12001,541,0.3101733922958374
12002,542,0.12229088693857193
12003,542,0.10474240779876709
12004,542,0.11110259592533112
12005,542,0.24066293239593506
12006,542,0.15922370553016663
12007,542,0.021437425166368484
12008,542,0.17746269702911377
12009,542,0.069452665746212
12010,542,0.025766825303435326
12011,542,0.16816186904907227
12012,542,0.12811963260173798
12013,542,0.17047861218452454
12014,542,0.2737283408641815
12015,542,0.12491195648908615
12016,542,0.020791150629520416
12017,542,0.21098032593727112
12018,542,0.06491529941558838
12019,542,0.1765073835849762
12020,542,0.036308273673057556
12021,542,0.19289524853229523
12022,542,0.2964437007904053
12023,543,0.12927158176898956
12024,543,0.1962958723306656
12025,543,0.14328444004058838
12026,543,0.21990472078323364
12027,543,0.2414444535970688
12028,543,0.12036418914794922
12029,543,0.10225607454776764
12030,543,0.06793776154518127
12031,543,0.06408561766147614
12032,543,0.26763981580734253
12033,543,0.06694858521223068
12034,543,0.028306469321250916
12035,543,0.14569027721881866
12036,543,0.05514298006892204
12037,544,0.10776108503341675
12038,544,0.26504379510879517
12039,544,0.31449031829833984
12040,544,0.2050536572933197
12041,544,0.22216545045375824
12042,544,0.06672520190477371
12043,544,0.1150958240032196
12044,544,0.20865604281425476
12045,544,0.06376644223928452
12046,544,0.18999360501766205
12047,544,0.3389924466609955
12048,544,0.17810696363449097
12049,544,0.217441588640213
12050,544,0.15760204195976257
12051,544,0.12886647880077362
12052,544,0.14240561425685883
12053,545,0.03665207698941231
12054,545,0.15513920783996582
12055,545,0.1718807965517044
12056,545,0.16221466660499573
12057,545,0.15107057988643646
12058,545,0.05688341706991196
12059,545,0.11121241748332977
12060,545,0.3665306270122528
12061,545,0.20657002925872803
12062,545,0.19931045174598694
12063,545,0.08049994707107544
12064,545,0.25703656673431396
12065,545,0.2142263799905777
12066,545,0.23901225626468658
12067,545,0.09025704860687256
12068,545,0.06862200051546097
12069,545,0.38391023874282837
12070,545,0.1284368932247162
12071,545,0.17609672248363495
12072,545,0.12255551666021347
12073,545,0.10314831137657166
12074,546,0.13920827209949493
12075,546,0.15631547570228577
12076,546,0.25171756744384766
12077,546,0.300340473651886
12078,546,0.14484480023384094
12079,546,0.1812509298324585
12080,546,0.12309222668409348
12081,546,0.17253626883029938
12082,546,0.06681818515062332
12083,546,0.025747139006853104
12084,546,0.01874053291976452
12085,546,0.1170022189617157
12086,546,0.16669274866580963
12087,546,0.1258794516324997
12088,546,0.03280528634786606
12089,546,0.12445416301488876
12090,546,0.06154413893818855
12091,546,0.16944745182991028
12092,546,0.12289134413003922
12093,547,0.06662888079881668
12094,547,0.14598500728607178
12095,547,0.17257598042488098
12096,547,0.05950568616390228
12097,547,0.16639573872089386
12098,547,0.12062911689281464
12099,547,0.39314284920692444
12100,547,0.26822713017463684
12101,547,0.07768034189939499
12102,547,0.022050855681300163
12103,547,0.10941308736801147
12104,547,0.250314325094223
12105,547,0.11655697226524353
12106,547,0.07575440406799316
12107,547,0.3181123435497284
12108,548,0.08665404468774796
12109,548,0.08773693442344666
12110,548,0.10784165561199188
12111,548,0.023290853947401047
12112,548,0.13169261813163757
12113,548,0.22349706292152405
12114,548,0.2164180427789688
12115,548,0.07197175174951553
12116,548,0.12948663532733917
12117,548,0.20643682777881622
12118,548,0.16178877651691437
12119,548,0.09712594002485275
12120,548,0.12948952615261078
12121,548,0.325314462184906
12122,548,0.058616846799850464
12123,548,0.14426279067993164
12124,549,0.22661755979061127
12125,549,0.29810675978660583
12126,549,0.05480734258890152
12127,549,0.174735426902771
12128,549,0.19372831284999847
12129,549,0.18744008243083954
12130,549,0.0787353664636612
12131,549,0.1413581371307373
12132,549,0.12363526970148087
12133,549,0.1087208166718483
12134,549,0.10947087407112122
12135,549,0.3143433928489685
12136,549,0.1818893849849701
12137,550,0.06595143675804138
12138,550,0.07278517633676529
12139,550,0.14900091290473938
12140,550,0.10065146535634995
12141,550,0.1680419147014618
12142,550,0.10383115708827972
12143,550,0.1049283891916275
12144,550,0.2063591033220291
12145,550,0.16165176033973694
12146,550,0.11160333454608917
12147,550,0.3083171844482422
12148,550,0.1095128133893013
12149,550,0.16061164438724518
12150,550,0.1942170113325119
12151,550,0.12137815356254578
12152,550,0.1706441193819046
12153,550,0.02930339425802231
12154,550,0.11622721701860428
12155,550,0.17323260009288788
12156,551,0.059425704181194305
12157,551,0.1604306697845459
12158,551,0.14821580052375793
12159,551,0.06430595368146896
12160,551,0.0700308233499527
12161,551,0.22836148738861084
12162,551,0.23269008100032806
12163,551,0.13281433284282684
12164,551,0.23921233415603638
12165,552,0.10358353704214096
12166,552,0.14691312611103058
12167,552,0.05696786567568779
12168,552,0.14583691954612732
12169,552,0.16753004491329193
12170,552,0.2992520034313202
12171,552,0.17599909007549286
12172,552,0.21599353849887848
12173,552,0.0722586065530777
12174,552,0.07201528549194336
12175,552,0.2016419768333435
12176,552,0.15264664590358734
12177,552,0.2899470329284668
12178,552,0.1473671793937683
12179,552,0.14096857607364655
12180,552,0.16175499558448792
12181,552,0.061998073011636734
12182,552,0.29372477531433105
12183,552,0.1517171859741211
12184,552,0.07541150599718094
12185,552,0.1798011213541031
12186,553,0.032779328525066376
12187,553,0.06751445680856705
12188,553,0.06860170513391495
12189,553,0.16293926537036896
12190,553,0.13388505578041077
12191,553,0.022276638075709343
12192,553,0.06687048077583313
12193,553,0.27661028504371643
12194,553,0.11719658970832825
12195,554,0.1949118673801422
12196,554,0.17098556458950043
12197,554,0.12880614399909973
12198,554,0.06881151348352432
12199,554,0.07757383584976196
12200,554,0.21627601981163025
12201,554,0.22097808122634888
12202,554,0.023005172610282898
12203,554,0.06962815672159195
12204,554,0.1037149429321289
12205,554,0.21763086318969727
12206,554,0.07452522963285446
12207,554,0.1049632579088211
12208,554,0.10848522186279297
12209,555,0.13222822546958923
12210,555,0.15219968557357788
12211,555,0.21148674190044403
12212,555,0.15007391571998596
12213,555,0.20023800432682037
12214,555,0.020463714376091957
12215,555,0.05906447023153305
12216,555,0.06232151761651039
12217,555,0.19309940934181213
12218,555,0.06788603216409683
12219,555,0.06677909195423126
12220,555,0.11387564241886139
12221,555,0.22365771234035492
12222,555,0.18086346983909607
12223,556,0.11059796810150146
12224,556,0.3244115114212036
12225,556,0.09339428693056107
12226,556,0.06194143742322922
12227,556,0.06806787103414536
12228,556,0.33178630471229553
12229,556,0.3117438852787018
12230,556,0.33188217878341675
12231,556,0.11572511494159698
12232,556,0.11312530934810638
12233,556,0.15202653408050537
12234,557,0.06347572803497314
12235,557,0.11594857275485992
12236,557,0.1114375963807106
12237,557,0.06194719672203064
12238,557,0.30246248841285706
12239,557,0.28588590025901794
12240,557,0.07360012829303741
12241,557,0.11924438178539276
12242,557,0.11140821874141693
12243,558,0.190997913479805
12244,558,0.017435381188988686
12245,558,0.2575264275074005
12246,558,0.024694718420505524
12247,558,0.07188151776790619
12248,558,0.21977975964546204
12249,558,0.06488616019487381
12250,558,0.19800622761249542
12251,558,0.20727092027664185
12252,558,0.152647465467453
12253,559,0.2684144973754883
12254,559,0.3177604675292969
12255,559,0.17342811822891235
12256,559,0.027147281914949417
12257,559,0.12669003009796143
12258,559,0.11540058255195618
12259,559,0.1680610179901123
12260,559,0.1581221967935562
12261,559,0.22077156603336334
12262,559,0.11270394921302795
12263,559,0.16033674776554108
12264,560,0.030994556844234467
12265,560,0.23644110560417175
12266,560,0.09493206441402435
12267,560,0.02760780043900013
12268,560,0.0841936320066452
12269,560,0.1757388859987259
12270,560,0.3156301975250244
12271,560,0.07985205203294754
12272,560,0.08318750560283661
12273,560,0.2819078266620636
12274,560,0.1789221167564392
12275,560,0.25270530581474304
12276,560,0.2572798430919647
12277,560,0.21512869000434875
12278,560,0.21689078211784363
12279,560,0.12225326895713806
12280,560,0.02914321795105934
12281,560,0.21288801729679108
12282,560,0.25492578744888306
12283,560,0.15893232822418213
12284,560,0.1301971971988678
12285,560,0.17576022446155548
12286,560,0.034268442541360855
12287,560,0.07857237011194229
12288,561,0.21972167491912842
12289,561,0.12780138850212097
12290,561,0.1136714369058609
12291,561,0.3740561008453369
12292,561,0.020735610276460648
12293,561,0.25726452469825745
12294,561,0.0839528888463974
12295,561,0.12333650141954422
12296,561,0.23881986737251282
12297,561,0.2300124168395996
12298,561,0.09006427228450775
12299,561,0.01902291364967823
12300,561,0.2095717340707779
12301,561,0.12070784717798233
12302,561,0.056695930659770966
12303,562,0.16040904819965363
12304,562,0.21082830429077148
12305,562,0.06571637839078903
12306,562,0.1188921257853508
12307,562,0.3786312937736511
12308,562,0.13733308017253876
12309,562,0.35002100467681885
12310,562,0.24903836846351624
12311,562,0.10459015518426895
12312,562,0.11081081628799438
12313,563,0.24348947405815125
12314,563,0.06516923755407333
12315,563,0.241170734167099
12316,563,0.20603320002555847
12317,563,0.022422123700380325
12318,563,0.2170199304819107
12319,563,0.2471882551908493
12320,563,0.1720949113368988
12321,563,0.15872585773468018
12322,563,0.11284811794757843
12323,563,0.031266771256923676
12324,563,0.21360960602760315
12325,564,0.1738215833902359
12326,564,0.18719972670078278
12327,564,0.03514884412288666
12328,564,0.11123792827129364
12329,564,0.09862998127937317
12330,564,0.26123046875
12331,564,0.09485020488500595
12332,564,0.16066110134124756
12333,565,0.20902644097805023
12334,565,0.3535124659538269
12335,565,0.175625741481781
12336,565,0.07601603120565414
12337,565,0.1483885943889618
12338,565,0.2590237855911255
12339,565,0.03383447602391243
12340,565,0.17071212828159332
12341,565,0.15627655386924744
12342,565,0.12217780947685242
12343,565,0.15425901114940643
12344,565,0.17322185635566711
12345,565,0.18677586317062378
12346,565,0.3628445863723755
12347,566,0.25624680519104004
12348,566,0.08661194145679474
12349,566,0.1821213960647583
12350,566,0.18013325333595276
12351,566,0.1688595861196518
12352,566,0.26519477367401123
12353,566,0.19968605041503906
12354,566,0.13592413067817688
12355,566,0.06509844213724136
12356,566,0.06597568094730377
12357,566,0.15774239599704742
12358,566,0.0235297791659832
12359,566,0.12324108183383942
12360,566,0.26499640941619873
12361,566,0.12360004335641861
12362,566,0.11760739982128143
12363,566,0.2025698721408844
12364,566,0.025218723341822624
12365,566,0.2687111496925354
12366,566,0.2931985557079315
12367,566,0.07506360113620758
12368,566,0.07011593878269196
12369,567,0.06067323684692383
12370,567,0.06299219280481339
12371,567,0.14543414115905762
12372,567,0.10726872086524963
12373,567,0.1936756670475006
12374,567,0.1882561892271042
12375,567,0.18781661987304688
12376,567,0.017590854316949844
12377,567,0.11212476342916489
12378,567,0.2251792997121811
12379,567,0.1258835792541504
12380,567,0.16619694232940674
12381,567,0.17451344430446625
12382,567,0.21960796415805817
12383,567,0.23068565130233765
12384,567,0.2979089915752411
12385,567,0.1555996537208557
12386,567,0.11544280499219894
12387,567,0.28002995252609253
12388,567,0.15373551845550537
12389,567,0.1342226266860962
12390,567,0.23609746992588043
12391,568,0.243397057056427
12392,568,0.32300010323524475
12393,568,0.16483557224273682
12394,568,0.07047593593597412
12395,568,0.16761893033981323
12396,568,0.15568797290325165
12397,568,0.22105282545089722
12398,568,0.26617592573165894
12399,568,0.20776349306106567
12400,568,0.06211132928729057
12401,568,0.1533481627702713
12402,568,0.3426520824432373
12403,568,0.06273926049470901
12404,568,0.11873423308134079
12405,568,0.061534736305475235
12406,568,0.2564269006252289
12407,568,0.24631205201148987
12408,568,0.2514722943305969
12409,568,0.1563662737607956
12410,569,0.19627165794372559
12411,569,0.11035127937793732
12412,569,0.031546492129564285
12413,569,0.36759376525878906
12414,569,0.21005894243717194
12415,569,0.1662779301404953
12416,569,0.07204926759004593
12417,569,0.28813958168029785
12418,569,0.13345937430858612
12419,569,0.04083219915628433
12420,569,0.24031755328178406
12421,569,0.177198588848114
12422,570,0.2163674682378769
12423,570,0.4758741557598114
12424,570,0.3916441798210144
12425,570,0.2639170289039612
12426,570,0.31737273931503296
12427,570,0.1642342358827591
12428,570,0.06597429513931274
12429,570,0.09018146246671677
12430,570,0.1922873854637146
12431,570,0.18686902523040771
12432,570,0.23164373636245728
12433,570,0.18883547186851501
12434,570,0.2562953531742096
12435,570,0.12908904254436493
12436,570,0.1277943104505539
12437,570,0.0216577909886837
12438,570,0.07466593384742737
12439,570,0.08363989740610123
12440,570,0.14266528189182281
12441,571,0.06216501444578171
12442,571,0.26150915026664734
12443,571,0.20889809727668762
12444,571,0.11376912891864777
12445,571,0.07592034339904785
12446,571,0.20932257175445557
12447,571,0.11694122850894928
12448,571,0.18280091881752014
12449,571,0.12142079323530197
12450,571,0.268126517534256
12451,571,0.20299147069454193
12452,571,0.019714627414941788
12453,571,0.2506035268306732
12454,571,0.12862713634967804
12455,571,0.09708095341920853
12456,571,0.21468976140022278
12457,571,0.2638731300830841
12458,571,0.12493479251861572
12459,572,0.16449858248233795
12460,572,0.16559521853923798
12461,572,0.26435592770576477
12462,572,0.20817455649375916
12463,572,0.180359348654747
12464,572,0.0687061995267868
12465,572,0.08733157813549042
12466,572,0.25531020760536194
12467,572,0.1314522922039032
12468,572,0.22275342047214508
12469,572,0.20828722417354584
12470,572,0.15956029295921326
12471,572,0.13477806746959686
12472,573,0.23585975170135498
12473,573,0.1251210719347
12474,573,0.2014172077178955
12475,573,0.11853557080030441
12476,573,0.16924665868282318
12477,573,0.2414439171552658
12478,573,0.13796374201774597
12479,573,0.17124712467193604
12480,573,0.3582077920436859
12481,573,0.23260259628295898
12482,573,0.16255660355091095
12483,573,0.2613275945186615
12484,573,0.17044717073440552
12485,573,0.12024488300085068
12486,573,0.0896897241473198
12487,573,0.34522032737731934
12488,573,0.3829583525657654
12489,573,0.12931129336357117
12490,573,0.2721565067768097
12491,573,0.03182809799909592
12492,573,0.29885873198509216
12493,573,0.17237509787082672
12494,573,0.12861734628677368
12495,573,0.11358658224344254
12496,574,0.16380882263183594
12497,574,0.2466658055782318
12498,574,0.10267908871173859
12499,574,0.11319716274738312
12500,574,0.07251257449388504
12501,574,0.20951694250106812
12502,574,0.16905319690704346
12503,574,0.11993958055973053
12504,574,0.1710272580385208
12505,574,0.07001326233148575
12506,574,0.05894026160240173
12507,574,0.21269580721855164
12508,574,0.15105731785297394
12509,575,0.17313215136528015
12510,575,0.18576766550540924
12511,575,0.19054695963859558
12512,575,0.1802114099264145
12513,575,0.07619871199131012
12514,575,0.14652414619922638
12515,575,0.15567079186439514
12516,575,0.06529976427555084
12517,575,0.11066460609436035
12518,575,0.1268949806690216
12519,575,0.19327539205551147
12520,576,0.21861468255519867
12521,576,0.17619161307811737
12522,576,0.12518495321273804
12523,576,0.16224877536296844
12524,576,0.16787606477737427
12525,576,0.09306494891643524
12526,576,0.13233432173728943
12527,576,0.10971969366073608
12528,576,0.28274649381637573
12529,576,0.24312728643417358
12530,576,0.0904991403222084
12531,576,0.039515554904937744
12532,576,0.10781262814998627
12533,576,0.14429828524589539
12534,576,0.19236186146736145
12535,576,0.12489451467990875
12536,576,0.2577638030052185
12537,576,0.12806269526481628
12538,576,0.07292567193508148
12539,577,0.12685416638851166
12540,577,0.0521949827671051
12541,577,0.16181355714797974
12542,577,0.1348150372505188
12543,577,0.17147815227508545
12544,577,0.13807429373264313
12545,577,0.17483027279376984
12546,577,0.05833908170461655
12547,577,0.21965765953063965
12548,577,0.1721855252981186
12549,577,0.18257521092891693
12550,577,0.06585481762886047
12551,577,0.11794045567512512
12552,577,0.1645551323890686
12553,577,0.06673464924097061
12554,577,0.1415202021598816
12555,577,0.10650196671485901
12556,577,0.237727552652359
12557,577,0.16917113959789276
12558,577,0.1390998363494873
12559,577,0.12201427668333054
12560,577,0.2047751247882843
12561,577,0.2798379063606262
12562,577,0.11660221219062805
12563,577,0.11925972998142242
12564,577,0.059386737644672394
12565,577,0.2642752230167389
12566,578,0.22884167730808258
12567,578,0.07351022213697433
12568,578,0.16951008141040802
12569,578,0.10948770493268967
12570,578,0.11524417251348495
12571,578,0.1319941282272339
12572,578,0.07515314221382141
12573,578,0.1193523034453392
12574,578,0.11983601748943329
12575,578,0.1341959834098816
12576,578,0.06525728106498718
12577,578,0.15473777055740356
12578,578,0.11969231069087982
12579,578,0.13104625046253204
12580,578,0.1075635552406311
12581,578,0.30132797360420227
12582,578,0.1286817044019699
12583,578,0.06734637171030045
12584,579,0.07941160351037979
12585,579,0.15562495589256287
12586,579,0.07954676449298859
12587,579,0.2534864842891693
12588,579,0.06394095718860626
12589,579,0.23537622392177582
12590,579,0.2213946431875229
12591,579,0.1801636815071106
12592,579,0.12212670594453812
12593,579,0.07755053788423538
12594,579,0.0833899974822998
12595,579,0.1028500571846962
12596,579,0.12788794934749603
12597,579,0.186486154794693
12598,579,0.11046202480792999
12599,579,0.3577215075492859
12600,579,0.062442466616630554
12601,579,0.1648174375295639
12602,579,0.1337883621454239
12603,579,0.13860252499580383
12604,579,0.11559182405471802
12605,580,0.07183226943016052
12606,580,0.0615573525428772
12607,580,0.1295056790113449
12608,580,0.17282865941524506
12609,580,0.12175510823726654
12610,580,0.15495753288269043
12611,580,0.015286694280803204
12612,580,0.17005518078804016
12613,580,0.22738246619701385
12614,580,0.21770891547203064
12615,580,0.056399837136268616
12616,580,0.16345155239105225
12617,580,0.21660247445106506
12618,580,0.21949540078639984
12619,580,0.08156746625900269
12620,581,0.116659015417099
12621,581,0.06179490312933922
12622,581,0.15292522311210632
12623,581,0.17482751607894897
12624,581,0.18865779042243958
12625,581,0.22556108236312866
12626,581,0.283848375082016
12627,581,0.18518003821372986
12628,581,0.238112673163414
12629,581,0.1996128112077713
12630,581,0.018862295895814896
12631,581,0.12133320420980453
12632,581,0.30742332339286804
12633,581,0.16234369575977325
12634,581,0.27835720777511597
12635,582,0.1235632598400116
12636,582,0.27325206995010376
12637,582,0.1771414428949356
12638,582,0.20474189519882202
12639,582,0.11978012323379517
12640,582,0.06127519905567169
12641,582,0.06455150246620178
12642,582,0.023022141307592392
12643,582,0.0791906863451004
12644,582,0.11756635457277298
12645,582,0.1191418319940567
12646,582,0.12364330142736435
12647,582,0.12011713534593582
12648,582,0.10848085582256317
12649,582,0.120628222823143
12650,582,0.07703932374715805
12651,582,0.22823220491409302
12652,582,0.10982758551836014
12653,582,0.060156602412462234
12654,582,0.19414673745632172
12655,582,0.06914166361093521
12656,582,0.18451249599456787
12657,583,0.11843182146549225
12658,583,0.07819999009370804
12659,583,0.023955371230840683
12660,583,0.1235724687576294
12661,583,0.12287582457065582
12662,583,0.2049686312675476
12663,583,0.11255991458892822
12664,583,0.16102652251720428
12665,583,0.2134864330291748
12666,583,0.11798816919326782
12667,583,0.2174641638994217
12668,583,0.07319994270801544
12669,583,0.1290319412946701
12670,583,0.16466006636619568
12671,583,0.27345624566078186
12672,583,0.48225322365760803
12673,583,0.11626347154378891
12674,583,0.1366516500711441
12675,583,0.3518078327178955
12676,583,0.1869780719280243
12677,584,0.181261345744133
12678,584,0.11009669303894043
12679,584,0.1678657978773117
12680,584,0.19915500283241272
12681,584,0.22553269565105438
12682,584,0.15787017345428467
12683,584,0.21263407170772552
12684,584,0.12421408295631409
12685,584,0.10191379487514496
12686,584,0.16001588106155396
12687,584,0.2805459797382355
12688,584,0.1101469174027443
12689,584,0.02938581444323063
12690,584,0.10417646169662476
12691,584,0.026364825665950775
12692,584,0.19688674807548523
12693,584,0.11458340287208557
12694,584,0.3239618241786957
12695,584,0.22011180222034454
12696,585,0.20803146064281464
12697,585,0.0706000030040741
12698,585,0.020549438893795013
12699,585,0.3051603436470032
12700,585,0.18290910124778748
12701,585,0.040715292096138
12702,585,0.19818846881389618
12703,585,0.01568646915256977
12704,585,0.11649855226278305
12705,585,0.11748814582824707
12706,585,0.2144942581653595
12707,585,0.14863692224025726
12708,585,0.18995611369609833
12709,585,0.11540420353412628
12710,585,0.16424432396888733
12711,585,0.11441072821617126
12712,585,0.3385266959667206
12713,585,0.06891205161809921
12714,585,0.12676620483398438
12715,585,0.08494768291711807
12716,585,0.1513044834136963
12717,585,0.12492368370294571
12718,585,0.13069462776184082
12719,585,0.24171805381774902
12720,585,0.10605292022228241
12721,585,0.20743146538734436
12722,586,0.07668333500623703
12723,586,0.18606191873550415
12724,586,0.15195123851299286
12725,586,0.10299917310476303
12726,586,0.21790136396884918
12727,586,0.1696193665266037
12728,586,0.1238795593380928
12729,586,0.20752397179603577
12730,586,0.026175599545240402
12731,586,0.21707803010940552
12732,586,0.07062311470508575
12733,586,0.013717654161155224
12734,587,0.21742215752601624
12735,587,0.13602080941200256
12736,587,0.06472551077604294
12737,587,0.11922818422317505
12738,587,0.05930711701512337
12739,587,0.062567800283432
12740,587,0.15629960596561432
12741,587,0.25458741188049316
12742,587,0.01973254233598709
12743,587,0.14804789423942566
12744,587,0.16813574731349945
12745,587,0.12388081103563309
12746,587,0.02162379026412964
12747,587,0.16285425424575806
12748,587,0.24127192795276642
12749,587,0.24949227273464203
12750,587,0.16814842820167542
12751,588,0.15615113079547882
12752,588,0.06990870088338852
12753,588,0.07105095684528351
12754,588,0.24419382214546204
12755,588,0.11786828190088272
12756,588,0.12264221906661987
12757,588,0.07605361193418503
12758,588,0.08661293238401413
12759,588,0.1878972053527832
12760,588,0.2759767472743988
12761,588,0.1115696057677269
12762,588,0.08071092516183853
12763,588,0.21206556260585785
12764,588,0.15731890499591827
12765,588,0.1372617930173874
12766,588,0.08043740689754486
12767,588,0.11487266421318054
12768,588,0.019464707002043724
12769,588,0.2994581162929535
12770,588,0.16593757271766663
12771,588,0.31604519486427307
12772,588,0.2942792475223541
12773,589,0.15540573000907898
12774,589,0.299735963344574
12775,589,0.19874058663845062
12776,589,0.2781308889389038
12777,589,0.13154219090938568
12778,589,0.19457875192165375
12779,589,0.19092977046966553
12780,589,0.3051597774028778
12781,589,0.11990630626678467
12782,589,0.12987487018108368
12783,589,0.20234030485153198
12784,589,0.2301633208990097
12785,589,0.22080843150615692
12786,589,0.17932146787643433
12787,590,0.3289563059806824
12788,590,0.321063756942749
12789,590,0.26593032479286194
12790,590,0.22187644243240356
12791,590,0.17262421548366547
12792,590,0.06500685960054398
12793,590,0.19450658559799194
12794,590,0.1511995494365692
12795,590,0.22993552684783936
12796,590,0.15255041420459747
12797,590,0.12285013496875763
12798,590,0.15652866661548615
12799,590,0.18312396109104156
12800,590,0.13660554587841034
12801,590,0.02763144113123417
12802,591,0.14270667731761932
12803,591,0.2559826672077179
12804,591,0.14443951845169067
12805,591,0.07812193036079407
12806,591,0.2368132770061493
12807,591,0.1671193540096283
12808,591,0.1137344092130661
12809,591,0.013959750533103943
12810,591,0.12721483409404755
12811,591,0.09099849313497543
12812,591,0.21571345627307892
12813,591,0.22111070156097412
12814,591,0.23157761991024017
12815,591,0.0721900463104248
12816,591,0.21692246198654175
12817,591,0.12016263604164124
12818,591,0.16140076518058777
12819,591,0.06714875251054764
12820,591,0.13532401621341705
12821,591,0.2871745824813843
12822,591,0.02092655934393406
12823,591,0.11349963396787643
12824,592,0.042837612330913544
12825,592,0.24723371863365173
12826,592,0.08485812693834305
12827,592,0.24088342487812042
12828,592,0.2530879080295563
12829,592,0.07261694222688675
12830,592,0.26253002882003784
12831,592,0.09364660829305649
12832,593,0.15570798516273499
12833,593,0.17316126823425293
12834,593,0.2290153056383133
12835,593,0.4068400263786316
12836,593,0.09713529050350189
12837,593,0.20477090775966644
12838,593,0.18714922666549683
12839,593,0.3121335804462433
12840,593,0.21204018592834473
12841,593,0.061491407454013824
12842,593,0.22675544023513794
12843,593,0.07258228212594986
12844,593,0.18363985419273376
12845,594,0.2639350891113281
12846,594,0.09353646636009216
12847,594,0.15879260003566742
12848,594,0.15067875385284424
12849,594,0.21106988191604614
12850,594,0.1951429396867752
12851,594,0.08105237782001495
12852,594,0.12792496383190155
12853,594,0.25970324873924255
12854,594,0.07923847436904907
12855,594,0.25608617067337036
12856,594,0.15413838624954224
12857,594,0.22004355490207672
12858,594,0.35531648993492126
12859,594,0.06811253726482391
12860,594,0.17817841470241547
12861,594,0.022898603230714798
12862,594,0.0659840926527977
12863,595,0.23420080542564392
12864,595,0.16752785444259644
12865,595,0.18852189183235168
12866,595,0.2338288128376007
12867,595,0.12217596918344498
12868,595,0.0804813951253891
12869,595,0.21282407641410828
12870,595,0.14830449223518372
12871,595,0.11152329295873642
12872,595,0.1903868317604065
12873,595,0.20480811595916748
12874,595,0.10433486849069595
12875,595,0.1720084547996521
12876,596,0.15903685986995697
12877,596,0.28499627113342285
12878,596,0.15975140035152435
12879,596,0.09446420520544052
12880,596,0.22663860023021698
12881,596,0.1329285353422165
12882,596,0.11014366894960403
12883,596,0.15315935015678406
12884,596,0.11751139909029007
12885,596,0.18643546104431152
12886,596,0.15950971841812134
12887,596,0.16341672837734222
12888,596,0.1508350521326065
12889,596,0.24860675632953644
12890,596,0.07621375471353531
12891,596,0.1265253871679306
12892,596,0.2528863847255707
12893,596,0.286751389503479
12894,596,0.16631990671157837
12895,596,0.09525379538536072
12896,597,0.07541950792074203
12897,597,0.08529585599899292
12898,597,0.21917226910591125
12899,597,0.07115398347377777
12900,597,0.11924784630537033
12901,597,0.16485176980495453
12902,597,0.07263582199811935
12903,597,0.16416935622692108
12904,598,0.12046980112791061
12905,598,0.073384590446949
12906,598,0.19246385991573334
12907,598,0.17725242674350739
12908,598,0.12111705541610718
12909,598,0.11862137913703918
12910,598,0.12745504081249237
12911,598,0.12475807964801788
12912,598,0.1504843384027481
12913,598,0.1278136670589447
12914,598,0.15391382575035095
12915,598,0.06428545713424683
12916,598,0.11976481229066849
12917,598,0.2018784135580063
12918,598,0.10232170671224594
12919,598,0.0796593502163887
12920,598,0.06073809415102005
12921,598,0.42848777770996094
12922,598,0.10918819159269333
12923,598,0.016306031495332718
12924,598,0.23269838094711304
12925,598,0.23675686120986938
12926,598,0.016667792573571205
12927,598,0.018318891525268555
12928,599,0.24583427608013153
12929,599,0.12057581543922424
12930,599,0.26084819436073303
12931,599,0.12568651139736176
12932,599,0.021947063505649567
12933,599,0.2776980400085449
12934,599,0.11295917630195618
12935,599,0.17002421617507935
12936,599,0.06710723042488098
12937,599,0.06858544051647186
12938,599,0.11837072670459747
12939,599,0.05793895572423935
12940,599,0.02105126529932022
12941,600,0.19391220808029175
12942,600,0.10005930811166763
12943,600,0.21784426271915436
12944,600,0.309770405292511
12945,600,0.06661519408226013
12946,600,0.3194281756877899
12947,600,0.14369037747383118
12948,600,0.17822453379631042
12949,600,0.22215822339057922
12950,600,0.30774980783462524
12951,600,0.1037844717502594
12952,600,0.07430560141801834
12953,600,0.1733207255601883
12954,600,0.12004846334457397
12955,600,0.3096366226673126
