configuration,episode,goal_angle,cumulative_reward,success,episode_length,final_absolute_error,epsilon_used,epsilon_after_decay,mean_loss,replay_size,optimization_steps,episode_wall_clock_seconds,cumulative_wall_clock_seconds,terminated,truncated
config_b,1,0.2825395868172176,-125.7947279959917,False,150,1.1806501121507749,1.0,0.985,,150,0,0.28303839499994865,0.2830777230001331,False,True
config_b,2,-0.5670638717221037,-28.45518543301147,True,146,0.021772402130736057,0.985,0.970225,,296,0,0.27678622199982783,0.5607734649997838,True,False
config_b,3,-0.4439785767418311,-134.30872029066086,False,150,1.2718358221519936,0.970225,0.955671625,,446,0,0.28910805600025924,0.8498829629997999,False,True
config_b,4,0.3143637356043312,-46.38044364005327,False,150,0.1805313450593227,0.955671625,0.941336550625,0.0655096044485486,596,97,0.37229559299976245,1.2221467489998759,False,True
config_b,5,0.1487023394431196,16.58958457810804,True,16,0.034273897268655304,0.941336550625,0.927216502365625,0.01683600315300282,612,113,0.044824650999998994,1.2669791409998652,True,False
config_b,6,-0.43734299868543225,15.56889407709241,True,34,0.022796891789396145,0.927216502365625,0.9133082548301407,0.07180562470217838,646,147,0.09566135800014308,1.3626383750001878,True,False
config_b,7,-0.35933952624810694,6.537759030913002,True,49,0.015205183000657485,0.9133082548301407,0.8996086310076885,0.08112194920338843,695,196,0.13864245099966865,1.5012767500002155,True,False
config_b,8,-0.6752556038969942,-78.99112147837877,False,150,0.6190130691105381,0.8996086310076885,0.8861145015425732,0.08243416740559041,845,346,0.4302897969996593,1.9315582549997998,False,True
config_b,9,-0.0025225670898392227,20.3592261871323,True,12,0.005136953777239029,0.8861145015425732,0.8728227840194346,0.05307133076712489,857,358,0.0342854929999703,1.9658602529998461,True,False
config_b,10,0.2209207620258753,-47.133092453889546,False,150,1.2453403312373232,0.8728227840194346,0.8597304422591431,0.07574168700414399,1007,508,0.44237569599999915,2.4082308609999927,False,True
config_b,11,0.30019662480847953,-56.351155899837615,False,150,0.6154554398561978,0.8597304422591431,0.8468344856252559,0.07014881913239757,1157,658,0.4403227420002622,2.8485528330002126,False,True
config_b,12,-0.5721356003397541,-25.39231191026047,False,150,0.2248968436317036,0.8468344856252559,0.834131968340877,0.0650930498385181,1307,808,0.4392992729999605,3.287856753000142,False,True
config_b,13,-0.24911341327952408,15.055075082927942,True,21,0.03654687722818206,0.834131968340877,0.8216199888157638,0.043294078714790796,1328,829,0.06102679600007832,3.3488912799998616,True,False
config_b,14,-0.5923313369919598,-26.34920940566808,True,112,0.032713934548696644,0.8216199888157638,0.8092956889835273,0.06714118645010915,1440,941,0.32376711400002023,3.672653025999807,True,False
config_b,15,-0.0910043705343,-34.291533527290426,False,150,0.01846929728407086,0.8092956889835273,0.7971562536487744,0.08236468837286036,1590,1091,0.43556606100037243,4.108220428000095,False,True
config_b,16,-0.5211148741827851,-0.30898328364710537,True,102,0.004212427171086719,0.7971562536487744,0.7851989098440427,0.05618526217728561,1692,1193,0.29460547799999404,4.402829511000164,True,False
config_b,17,-0.3109303372948684,-22.26859524913598,False,150,0.02689638958338275,0.7851989098440427,0.773420926196382,0.05919013829901815,1842,1343,0.43525736199990206,4.838085470999886,False,True
config_b,18,0.3929539928533785,10.415353175904603,True,67,0.03715407111309571,0.773420926196382,0.7618196123034363,0.047343267155672185,1909,1410,0.19176190700000006,5.029851724999844,True,False
config_b,19,-0.4403305186691821,-7.919975306664131,True,104,0.03957634854292813,0.7618196123034363,0.7503923181188847,0.08276526825144313,2013,1514,0.2999316860000363,5.329784602000018,True,False
config_b,20,0.5695238975449919,-12.65418361411431,False,150,0.10211092208647388,0.7503923181188847,0.7391364333471014,0.06281731626018881,2163,1664,0.43569406000005984,5.765477321000162,False,True
config_b,21,-0.7963080067314675,-62.93320366241967,False,150,0.19454171726340064,0.7391364333471014,0.7280493868468949,0.06856769489124417,2313,1814,0.4344042560001071,6.199885131999963,False,True
config_b,22,0.5097845826490548,13.851297030597927,True,40,0.02193819979159578,0.7280493868468949,0.7171286460441915,0.07445599127095193,2353,1854,0.11488034100011646,6.3147702299997945,True,False
config_b,23,0.4831343256743761,10.891156232496723,True,29,0.004737682224013051,0.7171286460441915,0.7063717163535286,0.07422675963105826,2382,1883,0.08360922400015625,6.398345182999947,True,False
config_b,24,0.6902857964855127,-2.957629209919837,False,150,0.5358985772278657,0.7063717163535286,0.6957761406082257,0.06766753206650417,2532,2033,0.4406770690002304,6.839054210000086,False,True
config_b,25,0.025334351051786497,28.92870326056145,True,97,0.023386840200772217,0.6957761406082257,0.6853394984991023,0.06771482870021124,2629,2130,0.2807197920001272,7.119777797000097,True,False
config_b,26,-0.2450664976924909,14.052571772038936,True,30,0.013859741291806393,0.6853394984991023,0.6750594060216157,0.06739512706796329,2659,2160,0.08694192100028886,7.207963545999974,True,False
config_b,27,0.14513155663250255,15.954756124643609,True,54,0.023554195098247577,0.6750594060216157,0.6649335149312915,0.04948728998985003,2713,2214,0.15671707599994988,7.364681543000188,True,False
config_b,28,-0.13954441773992898,16.62525448235683,True,68,0.03802272226361525,0.6649335149312915,0.6549595122073221,0.06468053855111494,2781,2282,0.19905232099972636,7.56373458500002,True,False
config_b,29,-0.10585193886517108,17.017557215690612,True,16,0.027096801124783396,0.6549595122073221,0.6451351195242122,0.06003372196573764,2797,2298,0.04720215099996494,7.610941242000081,True,False
config_b,30,0.6844229261550632,-5.922343907691541,True,47,0.011057791449131216,0.6451351195242122,0.635458092731349,0.05781776949446252,2844,2345,0.13730228099984743,7.7482412600002135,True,False
config_b,31,-0.3986282609417726,15.904599737853278,True,37,0.015725956154968246,0.635458092731349,0.6259262213403788,0.08043766409360073,2881,2382,0.10936179899999843,7.857604581000032,True,False
config_b,32,0.6098199051253312,13.522575334087012,True,62,0.031088672694206454,0.6259262213403788,0.6165373280202731,0.05442463680200519,2943,2444,0.20458501500024795,8.062188174999847,True,False
config_b,33,-0.248915815263149,18.890919588692487,True,43,0.005391988174122647,0.6165373280202731,0.607289268099969,0.05656263723882825,2986,2487,0.13252530899990234,8.194716016999791,True,False
config_b,34,0.7859162125789654,-2.2413731698878117,True,46,0.018831248240067988,0.607289268099969,0.5981799290784694,0.07197434248645669,3032,2533,0.13579275999973106,8.330510970999967,True,False
config_b,35,-0.5425996537128712,6.936729574203491,True,40,0.019280738986310775,0.5981799290784694,0.5892072301422924,0.0859332268126309,3072,2573,0.26066964400024517,8.591181536000022,True,False
config_b,36,-0.29579634012126665,18.226442418573424,True,29,0.0013659889247418788,0.5892072301422924,0.580369121690158,0.06858530415800111,3101,2602,0.0867143339996801,8.677900346000115,True,False
config_b,37,-0.48638307039065903,12.097077859938146,True,60,0.008497522312268191,0.580369121690158,0.5716635848648056,0.08081050200077394,3161,2662,0.17832113199983723,8.85622156799991,True,False
config_b,38,0.27196325560462586,15.30546804415062,True,21,0.004239422236960888,0.5716635848648056,0.5630886310918335,0.06341083738065902,3182,2683,0.06432322999989992,8.92054582899982,True,False
config_b,39,0.6063247200401634,12.183389211539179,True,40,0.02027705211478703,0.5630886310918335,0.554642301625456,0.07043913886882365,3222,2723,0.12210568899990903,9.042654573000164,True,False
config_b,40,0.1054995612758054,19.866369558777663,True,18,0.017490974465513093,0.554642301625456,0.5463226671010741,0.06524521433230904,3240,2741,0.05528561200026161,9.097943549999854,True,False
config_b,41,-0.19335837596688488,38.62012962049339,True,59,0.02117503572733065,0.5463226671010741,0.538127827094558,0.09793786171002913,3299,2800,0.17545063000034133,9.273390864999783,True,False
config_b,42,0.7528665793445402,10.366203779960049,True,80,0.004566586775754611,0.538127827094558,0.5300559096881396,0.08515818261075765,3379,2880,0.2419989429999987,9.515389407999919,True,False
config_b,43,0.2941790984755761,15.588514197827315,True,20,0.0008760027073924093,0.5300559096881396,0.5221050710428176,0.07097404031082988,3399,2900,0.059820275000220136,9.575216352000098,True,False
config_b,44,0.3431661379906532,15.769498475920408,True,16,0.006036282312475105,0.5221050710428176,0.5142734949771753,0.06659684493206441,3415,2916,0.04884337800012872,9.624060911000015,True,False
config_b,45,-0.6060536436369619,10.143541547982023,True,43,0.030914687217252768,0.5142734949771753,0.5065593925525177,0.08032169912097066,3458,2959,0.13286721699978443,9.756928959000106,True,False
config_b,46,0.5020908904982662,11.179645427502692,True,27,0.017320703462316345,0.5065593925525177,0.4989610016642299,0.07817045688905098,3485,2986,0.08020870500013189,9.837136462000217,True,False
config_b,47,-0.06891341952258812,21.25125452922657,True,34,0.004830788978594819,0.4989610016642299,0.49147658663926647,0.09991368711652125,3519,3020,0.10017180400018333,9.93731063999985,True,False
config_b,48,0.05212907066645778,17.65807131268084,True,9,0.03506867562551462,0.49147658663926647,0.48410443783967744,0.07647987951834996,3528,3029,0.028066770999885193,9.965382628000043,True,False
config_b,49,0.6495290165728298,10.322120604291557,True,26,0.022022367656035158,0.48410443783967744,0.47684287127208225,0.08776766763856778,3554,3055,0.07651129599980777,10.041897088000042,True,False
config_b,50,0.16577335165253881,17.09674058239907,True,14,0.005019322895514766,0.47684287127208225,0.469690228203001,0.0867868582052844,3568,3069,0.04098122400000648,10.082882168000197,True,False
config_b,51,0.7642351097278159,9.32698004730046,True,28,0.0036235816462585335,0.469690228203001,0.462644874779956,0.11274458268391234,3596,3097,0.0845095599997876,10.168362801000058,True,False
config_b,52,0.3379575564843966,12.60207233154215,True,40,0.005572543799981122,0.462644874779956,0.4557052016582566,0.10817124084569514,3636,3137,0.12511829200002467,10.293485488999977,True,False
config_b,53,-0.22107304984804121,19.45699892891571,True,21,0.019876415337515024,0.4557052016582566,0.4488696236333828,0.07252226246609575,3657,3158,0.06434205799996562,10.357827797000027,True,False
config_b,54,0.24453407103151825,16.600003589875996,True,14,0.027482661527215624,0.4488696236333828,0.44213657927888206,0.08632652807448592,3671,3172,0.042068649000157166,10.399898600000142,True,False
config_b,55,-0.7466428048441289,22.30571734085679,True,56,0.004662656482964711,0.44213657927888206,0.43550453058969885,0.09099709591828287,3727,3228,0.17910591700001532,10.579006488999767,True,False
config_b,56,0.0058969335801940526,17.687863271124662,True,8,0.03655006918085392,0.43550453058969885,0.42897196263085335,0.08211160125210881,3735,3236,0.023952751999786415,10.602965280999797,True,False
config_b,57,-0.7274915788685086,6.688006081944331,True,39,0.0020544832425680726,0.42897196263085335,0.42253738319139056,0.10337699710940704,3774,3275,0.1186185920000753,10.721578764999776,True,False
config_b,58,0.3784105914597091,14.090307988598942,True,24,0.030507041945369795,0.42253738319139056,0.4161993224435197,0.08929722111982603,3798,3299,0.0745396580000488,10.79611964500009,True,False
config_b,59,0.7158617861604102,9.520423268806189,True,30,0.009404644801583206,0.4161993224435197,0.4099563326068669,0.08101803890118996,3828,3329,0.09154462500009686,10.887670129000071,True,False
config_b,60,-0.7651082338892462,6.072773932083506,True,51,0.01406192993144495,0.4099563326068669,0.4038069876177639,0.08071481706757172,3879,3380,0.15410678099988218,11.041777851000006,True,False
config_b,61,-0.45953602923557835,14.13194596117828,True,20,0.01760009953905428,0.4038069876177639,0.39774988280349743,0.10997556140646339,3899,3400,0.061649190000025555,11.10343121699998,True,False
config_b,62,-0.5572528245753583,13.394926144927739,True,21,0.02666075905185783,0.39774988280349743,0.391783634561445,0.0765305200502986,3920,3421,0.06867890700004864,11.172110263999912,True,False
config_b,63,0.38104754654262907,15.62329857191071,True,17,0.0051731000820253725,0.391783634561445,0.3859068800430233,0.11661920543102657,3937,3438,0.05047011200031193,11.222581988999991,True,False
config_b,64,-0.002161206712876451,17.867147991992532,True,8,0.011497785099475173,0.3859068800430233,0.380118276842378,0.1347632333636284,3945,3446,0.02435467899977084,11.246944779999922,True,False
config_b,65,-0.4746594600449594,15.062921153753996,True,29,0.015903697518497018,0.380118276842378,0.3744165026897423,0.09146779268209276,3974,3475,0.08559917799993855,11.332540292999965,True,False
config_b,66,0.22915166968498912,15.844930338021367,True,18,0.024422320818428045,0.3744165026897423,0.3688002551493962,0.09442178956750366,3992,3493,0.053362336000191135,11.385905123000157,True,False
config_b,67,0.006805930598571264,17.75821531088768,True,8,0.00101445165278829,0.3688002551493962,0.36326825132215523,0.113198779290542,4000,3501,0.023786786000073334,11.409695094000199,True,False
config_b,68,0.05122980765059315,23.26784624046413,True,17,0.024386534496827945,0.36326825132215523,0.3578192275523229,0.1336042488760808,4017,3518,0.04995261399972151,11.459647076999772,True,False
config_b,69,0.2976709036620129,15.634035042952746,True,20,0.033033186287428074,0.3578192275523229,0.35245193913903805,0.09264469128102064,4037,3538,0.06053021799971248,11.520175393000045,True,False
config_b,70,-0.7688231134264853,7.216002098610624,True,35,0.010664450852845064,0.35245193913903805,0.34716516005195247,0.10329454083527838,4072,3573,0.10467099400011648,11.62485060300014,True,False
config_b,71,-0.2537775386595955,15.192971814796328,True,22,0.031928842909238725,0.34716516005195247,0.34195768265117316,0.09839532278816808,4094,3595,0.06515301199988244,11.690005679000024,True,False
config_b,72,-0.6591965317884253,12.415182210691274,True,23,0.002200722010761602,0.34195768265117316,0.33682831741140556,0.10499418089571207,4117,3618,0.07043624600009935,11.760443716999816,True,False
config_b,73,-0.22992177117269452,16.67372799529694,True,14,0.038726523958214215,0.33682831741140556,0.3317758926502345,0.06190366470920188,4131,3632,0.04202229000020452,11.8024696829998,True,False
config_b,74,-0.028698057805840227,17.72663819119334,True,8,0.022475410653124372,0.3317758926502345,0.32679925426048095,0.10102602932602167,4139,3640,0.024224406000030285,11.82668585600004,True,False
config_b,75,-0.540222680156015,14.135751472832634,True,21,0.0019135374755211432,0.32679925426048095,0.3218972654465737,0.08229588131819453,4160,3661,0.06407611300028293,11.890772395000113,True,False
config_b,76,-0.7367664137892613,10.471682385355233,True,26,0.01611563328671417,0.3218972654465737,0.3170688064648751,0.0763079712453943,4186,3687,0.08172781000030227,11.973468752999906,True,False
config_b,77,0.6598279752978315,9.207080471189691,True,28,0.0031215528248280666,0.3170688064648751,0.312312774367902,0.06836942849414689,4214,3715,0.08608116400000654,12.05955506500004,True,False
config_b,78,0.7093044229902652,9.334617109969258,True,26,0.000859697136758597,0.312312774367902,0.30762808275238346,0.08984327359268299,4240,3741,0.08038094100038506,12.139937557999929,True,False
config_b,79,-0.23707121093507644,16.87422612896189,True,14,0.0072559617828038825,0.30762808275238346,0.3030136615110977,0.09923989751509257,4254,3755,0.04472335099990232,12.184665365,True,False
config_b,80,0.7068551633266504,9.168428463558666,True,27,0.015362930499890126,0.3030136615110977,0.29846845658843124,0.07926573438776864,4281,3782,0.08204411999986405,12.266710016000161,True,False
config_b,81,-0.031392058814335044,21.563196490425618,True,13,0.009373707191978276,0.29846845658843124,0.2939914297396048,0.09029433045249718,4294,3795,0.04091111000025194,12.307624490999842,True,False
config_b,82,-0.45687629337610947,14.37300535198301,True,20,0.004826870841755149,0.2939914297396048,0.28958155829351073,0.07597296647727489,4314,3815,0.06059344300001612,12.368218443999922,True,False
config_b,83,0.785344582176785,10.783061119075864,True,33,0.004219625201613009,0.28958155829351073,0.2852378349191081,0.06941278939220039,4347,3848,0.09841592800012222,12.46663436100016,True,False
config_b,84,-0.3718738239935053,17.514527112455106,True,28,0.014609112854482909,0.2852378349191081,0.28095926739532145,0.07054737004052315,4375,3876,0.08441891600023155,12.551056551999864,True,False
config_b,85,-0.7353620973805841,6.351056781690565,True,28,0.006735421219586368,0.28095926739532145,0.2767448783843916,0.07934857758560351,4403,3904,0.08596416000000318,12.637021833999825,True,False
config_b,86,0.5622153303565547,12.977427714969963,True,22,0.01641099032105031,0.2767448783843916,0.27259370520862575,0.10483767075294798,4425,3926,0.06655191900017599,12.703575695999916,True,False
config_b,87,-0.13831088840018269,17.339531696029006,True,12,0.028936612171646933,0.27259370520862575,0.26850479963049634,0.08169311191886663,4437,3938,0.03698384899962548,12.740561178000007,True,False
config_b,88,0.5824601377902077,12.68186250673607,True,21,0.013301156123323166,0.26850479963049634,0.26447722763603887,0.07199468552356675,4458,3959,0.06303586800004268,12.803600652000114,True,False
config_b,89,-0.7177552668595419,7.99308121423237,True,29,0.003217613981506884,0.26447722763603887,0.2605100692214983,0.08663011612049465,4487,3988,0.08601621699972384,12.889615938000134,True,False
config_b,90,-0.3412289106199133,15.930675770173547,True,16,0.017462791653360454,0.2605100692214983,0.2566024181831758,0.09370051510632038,4503,4004,0.04921539999986635,12.93883255899982,True,False
config_b,91,0.708114962346738,10.222346868156457,True,34,0.0005250468621875726,0.2566024181831758,0.2527533819104282,0.07365711285349201,4537,4038,0.10350944899983006,13.042342660000031,True,False
config_b,92,-0.789552619116218,10.820000550337136,True,24,0.007930472076653428,0.2527533819104282,0.24896208118177174,0.07672131480649114,4561,4062,0.07323114599967084,13.11557687000004,True,False
config_b,93,-0.2653694972695746,16.371800646558405,True,16,0.019329199041965006,0.24896208118177174,0.24522764996404517,0.06376786041073501,4577,4078,0.05011402399986764,13.165690302999792,True,False
config_b,94,0.2164555787604081,19.648986181081273,True,20,0.015731290719859792,0.24522764996404517,0.2415492352145845,0.06578754903748632,4597,4098,0.05921464599987303,13.224912900000163,True,False
config_b,95,-0.784836122542418,1.5246796302497359,True,41,0.013188189327574151,0.2415492352145845,0.23792599668636571,0.06573253801864821,4638,4139,0.12377654000010807,13.348688258000038,True,False
config_b,96,-0.4819575001370005,13.405702443048357,True,21,0.02337817541224413,0.23792599668636571,0.23435710673607021,0.06629154325595923,4659,4160,0.06223767300025429,13.410930708999786,True,False
config_b,97,0.1264037204196633,16.950163038331084,True,17,0.01684565210568198,0.23435710673607021,0.23084175013502917,0.06335785426199436,4676,4177,0.049974517000009655,13.46090627700005,True,False
config_b,98,-0.3956648722288355,15.447500528139061,True,18,0.014981025023035832,0.23084175013502917,0.22737912388300371,0.07433110527280304,4694,4195,0.05326559300010558,13.514171489000091,True,False
config_b,99,-0.3988752751894101,15.195663116127253,True,18,0.016462253590499076,0.22737912388300371,0.22396843702475866,0.07093011163589028,4712,4213,0.053128268999898864,13.567303763999917,True,False
config_b,100,0.5862795348561336,13.01204695221968,True,21,0.005010006976962966,0.22396843702475866,0.22060891046938727,0.06935383131106694,4733,4234,0.06227961600006893,13.629583881000144,True,False
config_b,101,0.36666758154688006,15.282974668545648,True,18,0.0065439634821144455,0.22060891046938727,0.21729977681234647,0.08204865062402354,4751,4252,0.05317840299994714,13.68376224900021,True,False
config_b,102,-0.5577616683718589,12.72154184866813,True,24,0.013652261319744508,0.21729977681234647,0.21404028016016127,0.0744444450053076,4775,4276,0.07037559599984888,13.754128149999815,True,False
config_b,103,0.7312857839739095,19.15239541269839,True,34,0.010119195695653227,0.21404028016016127,0.21082967595775884,0.06707494892179966,4809,4310,0.10035603799997261,13.854493941999863,True,False
config_b,104,0.32201634671155754,16.157593545876445,True,16,0.014273111274306971,0.21082967595775884,0.20766723081839245,0.05935331154614687,4825,4326,0.04739681000000928,13.901895209000031,True,False
config_b,105,0.5440274058901522,13.708344143838621,True,21,0.0019989356512120082,0.20766723081839245,0.20455222235611656,0.053180950383345284,4846,4347,0.062558419999732,13.964452687000176,True,False
config_b,106,-0.4612953331009937,14.175989490933716,True,20,0.03796597996436085,0.20455222235611656,0.2014839390207748,0.05784891294315457,4866,4367,0.06063760799997908,14.025092547999975,True,False
config_b,107,-0.4931498094047253,13.224197543598713,True,23,0.01056976466382703,0.2014839390207748,0.19846167993546318,0.05415727157631646,4889,4390,0.06847791900008815,14.093571077999968,True,False
config_b,108,0.01638575236332751,17.863620179798453,True,8,0.00018766307757574555,0.19846167993546318,0.19548475473643123,0.049666194478049874,4897,4398,0.023808898999959638,14.117386416000045,True,False
config_b,109,0.4704629512411216,12.208439827291295,True,25,0.003582495428964494,0.19548475473643123,0.19255248341538475,0.048390668481588364,4922,4423,0.0738952420001624,14.19127846299989,True,False
config_b,110,0.25605791326469873,16.498713259957732,True,16,0.007542131242916528,0.19255248341538475,0.18966419616415398,0.0531434181611985,4938,4439,0.04685118899988083,14.238136252000004,True,False
config_b,111,-0.4879235123150332,14.570782616361974,True,20,0.025054309112412576,0.18966419616415398,0.18681923322169167,0.05584737397730351,4958,4459,0.05949953800018193,14.297632866000185,True,False
config_b,112,-0.6415583041032855,11.530774257332087,True,24,0.007629617471402006,0.18681923322169167,0.1840169447233663,0.059666868299245834,4982,4483,0.07085919400014973,14.368494354000177,True,False
config_b,113,-0.4885233763250799,14.166368249803782,True,20,0.008484992355571874,0.1840169447233663,0.1812566905525158,0.06178207769989967,5002,4503,0.05902086700007203,14.427517735000038,True,False
config_b,114,-0.4657282227786643,14.847437337692828,True,19,0.006530531286419228,0.1812566905525158,0.17853784019422808,0.0802102471260648,5021,4522,0.056127071999981126,14.483644576000188,True,False
config_b,115,0.5892540485072144,13.596094125322997,True,20,0.008684955822137352,0.17853784019422808,0.17585977259131466,0.05495949164032936,5041,4542,0.05944349500032331,14.543088842000088,True,False
config_b,116,-0.7784314223866593,9.4876612004824,True,26,0.001981977873820484,0.17585977259131466,0.17322187600244493,0.04827805228817921,5067,4568,0.07649724499970034,14.619588470000053,True,False
config_b,117,0.17202774907953555,16.884531763847917,True,14,0.026006222638559506,0.17322187600244493,0.17062354786240824,0.04503618899200644,5081,4582,0.04085599899963199,14.660449106000215,True,False
config_b,118,-0.20016862387962786,16.767536703753287,True,15,0.00131570657798169,0.17062354786240824,0.16806419464447211,0.054831586529811224,5096,4597,0.04422041399993759,14.704670480999994,True,False
config_b,119,-0.17150285740777826,18.996103789855262,True,18,0.004595950793118642,0.16806419464447211,0.16554323172480503,0.04801205835408635,5114,4615,0.052841954000086844,14.757513246000144,True,False
config_b,120,0.3802617079902577,15.470107586326776,True,17,0.0028081909554556472,0.16554323172480503,0.16306008324893295,0.03987527627717046,5131,4632,0.04996071599998686,14.807471457999782,True,False
config_b,121,0.31568772260978806,16.21929589305073,True,15,0.00394964536074166,0.16306008324893295,0.16061418200019895,0.036740551516413686,5146,4647,0.04463570999996591,14.85210958200014,True,False
config_b,122,-0.5665863683567345,13.811946423863992,True,20,0.008312481467509403,0.16061418200019895,0.15820496927019595,0.05498029366135597,5166,4667,0.059321043999716494,14.911431486999845,True,False
config_b,123,0.16089934250682203,16.915617057471536,True,14,0.00510578742934259,0.15820496927019595,0.155831894731143,0.045703531109860966,5180,4681,0.04153054000016709,14.952963429000192,True,False
config_b,124,-0.5020310378742258,14.373280605289619,True,18,0.005135371816895495,0.155831894731143,0.15349441631017585,0.04584045853051874,5198,4699,0.05400943700033167,15.006975480000165,True,False
config_b,125,0.06798242861764048,17.476257725805045,True,11,0.007053768995208175,0.15349441631017585,0.15119200006552322,0.050869586284865036,5209,4710,0.03245223200019609,15.039428752999811,True,False
config_b,126,-0.05336856480580843,17.840930549806217,True,9,0.006631465341271188,0.15119200006552322,0.14892412006454037,0.044070830982592374,5218,4719,0.027251159000115877,15.06797414399989,True,False
config_b,127,-0.6684356665262268,12.475347778433933,True,21,0.00015915255429899133,0.14892412006454037,0.14669025826357227,0.04270123264619282,5239,4740,0.06261325099967507,15.130583900000147,True,False
config_b,128,0.42134288484418825,15.483347741048783,True,17,0.0008114040553315882,0.14669025826357227,0.14448990438961867,0.06857005287619199,5256,4757,0.05028756199999407,15.180876338999951,True,False
config_b,129,-0.763359156477009,9.872607768792658,True,25,0.00855946374036598,0.14448990438961867,0.1423225558237744,0.058405735343694684,5281,4782,0.07376837299989347,15.254643741000109,True,False
config_b,130,0.5928494955827062,13.459517035866156,True,20,0.004464343719893016,0.1423225558237744,0.14018771748641778,0.04478921201080084,5301,4802,0.05966847899981076,15.314315985000121,True,False
config_b,131,0.4216884689109821,15.09774884339422,True,17,0.020477710664570825,0.14018771748641778,0.13808490172412152,0.04195596628329333,5318,4819,0.05045849500038457,15.364775151999766,True,False
config_b,132,-0.21767905031657997,16.786483994382433,True,14,0.007243649423078813,0.13808490172412152,0.1360136281982597,0.04688921490950244,5332,4833,0.04143411700033539,15.406212172999858,True,False
config_b,133,-0.7153463870172296,11.245987237407824,True,25,0.0014555971757161945,0.1360136281982597,0.13397342377528582,0.04704926408827305,5357,4858,0.07422111500000028,15.480430483999953,True,False
config_b,134,-0.04331106976125765,17.797863413294543,True,8,0.00027085830652667786,0.13397342377528582,0.13196382241865653,0.05281450506299734,5365,4866,0.023794156999883853,15.504229407999901,True,False
config_b,135,-0.6601569562891569,12.667113106325269,True,22,0.002523203368608118,0.13196382241865653,0.12998436508237668,0.046116026203063404,5387,4888,0.06541410899990296,15.56964105399993,True,False
config_b,136,-0.24216948588261555,16.70428350716829,True,15,0.0182303824121412,0.12998436508237668,0.12803459960614103,0.05344720507661502,5402,4903,0.04429289099971356,15.613940084000205,True,False
config_b,137,-0.43018838063026466,15.285811969451606,True,17,0.009425729323985166,0.12803459960614103,0.1261140806120489,0.04455071523347322,5419,4920,0.05046655700016345,15.664406401000178,True,False
config_b,138,-0.32957403318887873,15.666792874969541,True,19,0.015349166952225712,0.1261140806120489,0.12422236940286817,0.04306375323549697,5438,4939,0.05605492399990908,15.720460514000024,True,False
config_b,139,-0.2162720181133757,20.522040623868815,True,21,0.008100205732778615,0.12422236940286817,0.12235903386182514,0.047053632902957145,5459,4960,0.06184439000026032,15.78230641600021,True,False
config_b,140,-0.6237723751975536,12.622596140019596,True,22,0.0034486485252009924,0.12235903386182514,0.12052364835389777,0.04400257376784628,5481,4982,0.06520689199987828,15.847516012000142,True,False
config_b,141,-0.3374144114657089,15.30559595450759,True,19,0.00837694732429295,0.12052364835389777,0.1187157936285893,0.05110992020682285,5500,5001,0.05616161199986891,15.903678705999937,True,False
config_b,142,-0.7036215371618445,11.781469234474935,True,23,0.0010642589235336786,0.1187157936285893,0.11693505672416046,0.07149379910982173,5523,5024,0.06813598100006857,15.9718148070001,True,False
config_b,143,-0.5527281322102013,13.879326803609729,True,19,0.010460898930866103,0.11693505672416046,0.11518103087329805,0.05511026594199633,5542,5043,0.055756751999979315,16.0275761150001,True,False
config_b,144,0.6424081638858459,13.41595853092149,True,30,0.006909638394234419,0.11518103087329805,0.11345331541019858,0.05192201944688956,5572,5073,0.08946915300020919,16.11704418799991,True,False
config_b,145,-0.33845695399621384,15.986306054890157,True,16,0.010955353859609496,0.11345331541019858,0.11175151567904561,0.057914167642593384,5588,5089,0.04739138200011439,16.164437973000076,True,False
config_b,146,0.7519173897796521,11.381016772752629,True,22,0.0038340855675979,0.11175151567904561,0.11007524294385992,0.04967637055299499,5610,5111,0.06504370000038762,16.22948203299984,True,False
config_b,147,-0.5916237016263474,13.461007028422317,True,21,0.0015752912380390116,0.11007524294385992,0.10842411429970203,0.050743337365843,5631,5132,0.062009904999740684,16.291494733000036,True,False
config_b,148,-0.46617494680061555,14.92282713074237,True,19,0.01271239802200752,0.10842411429970203,0.1067977525852065,0.05082542645303827,5650,5151,0.05620887299983224,16.347702975000175,True,False
config_b,149,-0.33041919950815085,16.127012795675547,True,16,0.002625640252967132,0.1067977525852065,0.10519578629642841,0.04719657136593014,5666,5167,0.04766938400007348,16.395372168999984,True,False
config_b,150,0.33796284357609263,15.914312331005931,True,16,0.010453580057891598,0.10519578629642841,0.10361784950198198,0.05293438537046313,5682,5183,0.04928600399989591,16.444664643000124,True,False
config_b,151,-0.24271661080426343,16.668676312454046,True,15,0.013392104479664796,0.10361784950198198,0.10206358175945225,0.04469428298374017,5697,5198,0.04458867099992858,16.490269821999846,True,False
config_b,152,-0.7944866168034249,10.863354336691556,True,22,0.0007496769187110841,0.10206358175945225,0.10053262803306047,0.04926163059743968,5719,5220,0.06563582899980247,16.555903647999912,True,False
config_b,153,-0.631864346749299,13.229336507618427,True,21,0.0022438295349158643,0.10053262803306047,0.09902463861256457,0.050679718099889304,5740,5241,0.06260823399998117,16.61851410500003,True,False
config_b,154,-0.5743749897448233,13.100517370179295,True,22,0.018012763724258862,0.09902463861256457,0.09753926903337609,0.07190783525055106,5762,5263,0.06508705399983228,16.68360237099978,True,False
config_b,155,-0.7918155167765415,11.210112670145463,True,23,0.0009383075559985521,0.09753926903337609,0.09607617999787545,0.07115435162964075,5785,5286,0.06826339999997799,16.75186749400018,True,False
config_b,156,0.4664840907779406,15.019233741957578,True,19,0.0031281799503141694,0.09607617999787545,0.09463503729790732,0.05529247145903738,5804,5305,0.05664987700038182,16.808520655999928,True,False
config_b,157,-0.6230758851585873,11.27681140396744,True,25,0.004789947020009455,0.09463503729790732,0.0932155117384387,0.06214496612548828,5829,5330,0.0739755409999816,16.882496977999836,True,False
config_b,158,-0.2664452843407935,15.856689481849026,True,17,0.003472258849810006,0.0932155117384387,0.09181727906236212,0.05945303795092246,5846,5347,0.050310715999785316,16.93280995699979,True,False
config_b,159,-0.35681692122307607,15.500351789989509,True,18,0.0017495624918612562,0.09181727906236212,0.09044001987642668,0.04842856516026788,5864,5365,0.053356517999873176,16.98616509300018,True,False
config_b,160,-0.17474237212932553,16.860541176609694,True,15,0.006091619333127601,0.09044001987642668,0.08908341957828028,0.0593915323416392,5879,5380,0.045469658999991225,17.031637515000057,True,False
config_b,161,0.08208588459471033,17.551589206233622,True,10,0.019800259809626117,0.08908341957828028,0.08774716828460608,0.06299821808934211,5889,5390,0.030333737000091787,17.061970840999948,True,False
config_b,162,0.2514380745539486,16.57456751661375,True,14,0.010183370766243371,0.08774716828460608,0.08643096076033699,0.05357146968266794,5903,5404,0.04141505799998413,17.103393060000144,True,False
config_b,163,-0.44633888147134526,14.7302554580383,True,19,0.003982071896859785,0.08643096076033699,0.08513449634893193,0.05580821045135197,5922,5423,0.056209534000117856,17.15960055100004,True,False
config_b,164,-0.2326613721517895,16.77113904529251,True,15,0.002150289647009279,0.08513449634893193,0.08385747890369795,0.05245836873849233,5937,5438,0.0443176379999386,17.203924297999947,True,False
config_b,165,0.5980768375069383,13.198577012168244,True,22,0.002531118186466119,0.08385747890369795,0.08259961672014247,0.05613533813845028,5959,5460,0.06498822699995799,17.26890769800002,True,False
config_b,166,0.3743429563823599,15.645986158910091,True,17,0.0032999303825826942,0.08259961672014247,0.08136062246934034,0.06280872488723081,5976,5477,0.050185951000003115,17.319097644000067,True,False
config_b,167,0.08705767072169812,17.552639711089434,True,11,0.018270191314576245,0.08136062246934034,0.08014021313230023,0.05713833394375714,5987,5488,0.03292437300024176,17.352018310999938,True,False
config_b,168,0.3845430517310864,15.63840803479252,True,18,0.005570983559128884,0.08014021313230023,0.07893810993531572,0.07519490809904204,6005,5506,0.05350635000013426,17.40552816699983,True,False
config_b,169,0.39444178948404884,15.56770681385242,True,18,0.004627253956612398,0.07893810993531572,0.07775403828628598,0.08797833240694469,6023,5524,0.05340113400006885,17.458933147000153,True,False
config_b,170,-0.6973830517758741,12.165507815452292,True,23,0.0029879262119762995,0.07775403828628598,0.07658772771199168,0.07863795109417128,6046,5547,0.06887010100035695,17.527803508000034,True,False
config_b,171,0.6443087902605946,12.964013169688407,True,21,0.005041911655275011,0.07658772771199168,0.0754389117963118,0.0725810561506521,6067,5568,0.062150053000095795,17.589953881999918,True,False
config_b,172,0.21466886214346714,16.970668509276585,True,14,0.011252695278483299,0.0754389117963118,0.07430732811936713,0.06253795152796167,6081,5582,0.04167098900006749,17.631629817999965,True,False
config_b,173,0.44256437031209783,15.060284699033945,True,18,0.005967138500264146,0.07430732811936713,0.07319271819757663,0.06557194288406107,6099,5600,0.05334532200004105,17.684966396000164,True,False
config_b,174,-0.7009209234383565,12.133480573259293,True,22,0.007459728640211938,0.07319271819757663,0.07209482742461297,0.06785240600054915,6121,5622,0.06544287199994869,17.750387135999972,True,False
config_b,175,-0.6070388874441277,12.422338775172829,True,23,0.030041376136616615,0.07209482742461297,0.07101340501324377,0.06374592390721259,6144,5645,0.06806201100016551,17.818481795000025,True,False
config_b,176,-0.39006198926416236,15.060887106787414,True,19,0.01002806419614577,0.07101340501324377,0.06994820393804511,0.06781897556624915,6163,5664,0.05607317099975262,17.875505027000145,True,False
config_b,177,0.5620845236223939,13.84491284484975,True,20,0.009155081656354924,0.06994820393804511,0.06889898087897443,0.0717316061258316,6183,5684,0.05962586599980568,17.935129981000046,True,False
config_b,178,0.6246959121117801,13.09950309775304,True,21,0.009075597610430974,0.06889898087897443,0.06786549616578981,0.06706983879918144,6204,5705,0.06246854600021834,17.997599449000063,True,False
config_b,179,0.6519093235882978,11.462605235911905,True,25,0.015697342769315448,0.06786549616578981,0.06684751372330296,0.06388392344117165,6229,5730,0.07398926099995151,18.07159033300013,True,False
config_b,180,0.4639709022724039,14.938968929892871,True,18,0.0029357849842552297,0.06684751372330296,0.06584480101745341,0.06191392636133565,6247,5748,0.05326099600006273,18.124857568000152,True,False
config_b,181,-0.15886001825873863,17.191168947331608,True,12,0.010726286144308095,0.06584480101745341,0.06485712900219161,0.09507533504317205,6259,5760,0.035770487999798206,18.160631301000194,True,False
config_b,182,0.6362193727077838,13.007169328304007,True,21,0.010919103538496677,0.06485712900219161,0.06388427206715873,0.07519931452614921,6280,5781,0.06245913200018549,18.22308909100002,True,False
config_b,183,-0.3053656518516881,15.902177087625024,True,18,0.0011840981825251284,0.06388427206715873,0.06292600798615135,0.0724503735287322,6298,5799,0.05362689899993711,18.27671552999982,True,False
config_b,184,-0.6391613620184642,12.974529733136297,True,21,0.0022542848634439228,0.06292600798615135,0.06198211786635908,0.06590951553412847,6319,5820,0.06215314800010674,18.338870170000064,True,False
config_b,185,-0.28114292694484944,16.456018503694665,True,15,4.452434279378359e-06,0.06198211786635908,0.06105238609836369,0.06776572068532308,6334,5835,0.04443101700007901,18.383303811000133,True,False
config_b,186,-0.5556243105627264,13.905549834202976,True,19,0.0066749995103707604,0.06105238609836369,0.060136600306888235,0.06089250547321219,6353,5854,0.05655698999999004,18.43986175200007,True,False
config_b,187,0.12976395069863444,17.305324887740426,True,12,0.006216022299898968,0.060136600306888235,0.05923455130228491,0.07440515949080388,6365,5866,0.03593557299973327,18.475800549999803,True,False
config_b,188,0.6264020076564243,13.195382270262051,True,21,0.015653674082220737,0.05923455130228491,0.058346033032750634,0.07089179612341381,6386,5887,0.061965578999661375,18.537765518000015,True,False
config_b,189,-0.4860095228521546,14.517475697398186,True,19,0.014766591159314557,0.058346033032750634,0.05747084253725938,0.06462701988455496,6405,5906,0.05625959799999691,18.594025657000202,True,False
config_b,190,0.5396527543116298,14.250175560213393,True,20,0.011088028317489562,0.05747084253725938,0.05660877989920048,0.07232856955379248,6425,5926,0.059660201000042434,18.653686820000075,True,False
config_b,191,0.6900172593940963,10.07281916476204,True,25,0.017675402035972176,0.05660877989920048,0.055759648200712476,0.07427034318447114,6450,5951,0.07730820799997673,18.730993015999957,True,False
config_b,192,0.6843096294713136,12.356772825540974,True,22,0.0031433683007252577,0.055759648200712476,0.054923253477701786,0.07186415656046434,6472,5973,0.07006100900025558,18.801056749000054,True,False
config_b,193,0.2935103091809306,16.44234429942444,True,15,0.0016662661874426998,0.054923253477701786,0.054099404675536256,0.05939135191341241,6487,5988,0.04679983300002277,18.84785653200015,True,False
config_b,194,-0.5702425460101628,13.24632981568575,True,21,0.007385918324948837,0.054099404675536256,0.05328791360540321,0.08072456486877941,6508,6009,0.06680421400005798,18.914661215999786,True,False
config_b,195,-0.5656205282440901,13.866561508737504,True,21,0.01505582097023861,0.05328791360540321,0.05248859490132216,0.09977885938826062,6529,6030,0.07053014499979327,18.98519141199995,True,False
config_b,196,-0.6189597699122971,12.819969739671796,True,22,0.007178801643979438,0.05248859490132216,0.05170126597780233,0.08250970698215744,6551,6052,0.06965019899962499,19.054841920999934,True,False
config_b,197,-0.49229568219141306,14.64432523176074,True,19,0.008303989149434199,0.05170126597780233,0.05092574698813529,0.07804741181041065,6570,6071,0.056962091000059445,19.111809359999825,True,False
config_b,198,0.28616671114461356,16.407314145286364,True,15,0.0005898182946605379,0.05092574698813529,0.05016186078331326,0.09046377874910831,6585,6086,0.044919972000116104,19.15673354799992,True,False
config_b,199,-0.6843416430103334,12.209492335561663,True,22,0.006746406592395449,0.05016186078331326,0.05,0.08834233067252419,6607,6108,0.07784866099973442,19.234579546000077,True,False
config_b,200,0.3895027697394411,15.778244492528028,True,17,0.006388165454693784,0.05,0.05,0.07847195469281253,6624,6125,0.05118712700004835,19.285772952000116,True,False
config_b,201,0.5292594506856572,14.390897834324278,True,19,0.01896656222005022,0.05,0.05,0.07750443820106356,6643,6144,0.057282186999600526,19.344040151000172,True,False
config_b,202,-0.21380186296617298,16.875677656335753,True,14,0.002081488947080934,0.05,0.05,0.08368254665817533,6657,6158,0.04254209200007608,19.3865883819999,True,False
config_b,203,0.7615582399527638,11.389528403943405,True,23,0.01120142196296936,0.05,0.05,0.06783746944173523,6680,6181,0.06906535000007352,19.455653060999794,True,False
config_b,204,0.5285450566664449,14.397327409591526,True,19,0.01968095623926247,0.05,0.05,0.07917686581219498,6699,6200,0.057092295000074955,19.512745416000143,True,False
config_b,205,-0.5072519964982207,14.494737110822461,True,19,0.0039015483009534613,0.05,0.05,0.08179795173437972,6718,6219,0.058992044999740756,19.571731911999905,True,False
config_b,206,0.4787787532185708,14.883252676669509,True,18,0.0031494409407598067,0.05,0.05,0.07934790166715781,6736,6237,0.058533764999992854,19.630269793000025,True,False
config_b,207,0.053392638378020885,17.767623626254498,True,9,0.010969255516333279,0.05,0.05,0.08065567289789517,6745,6246,0.02817090000007738,19.65836536100005,True,False
config_b,208,-0.026806822319846324,17.81339667700231,True,8,0.01186968596632856,0.05,0.05,0.11165291257202625,6753,6254,0.025109724999765604,19.683556266999858,True,False
config_b,209,0.20725276210911692,16.90974021726288,True,14,0.0013199377315365746,0.05,0.05,0.13175054107393538,6767,6268,0.042740437000247766,19.726293478000116,True,False
config_b,210,-0.6291470505028203,13.079139337688684,True,21,0.0004941257784326636,0.05,0.05,0.08430406806014833,6788,6289,0.06489379699996789,19.791188307000084,True,False
config_b,211,0.48472278377867717,14.595698507782071,True,19,0.002003356100673759,0.05,0.05,0.08459114930347393,6807,6308,0.0575258680000843,19.84871956300003,True,False
config_b,212,-0.6390884493933685,12.819718018174171,True,21,0.004129729171120866,0.05,0.05,0.0740885307036695,6828,6329,0.06727126199984923,19.915990434999912,True,False
config_b,213,-0.15827812378218264,17.25198478968814,True,12,0.005274315365840304,0.05,0.05,0.08474203664809465,6840,6341,0.03945001100009904,19.955440064999948,True,False
config_b,214,-0.5631367732835705,13.951923211850225,True,20,0.009908691451034013,0.05,0.05,0.09025843143463134,6860,6361,0.06171440600019196,20.017159599000024,True,False
config_b,215,-0.7510137781656353,11.459696868853644,True,23,0.0034809558526660567,0.05,0.05,0.07969049121374669,6883,6384,0.07488179100027992,20.092042863000188,True,False
config_b,216,0.4111931701882361,15.429148494079708,True,18,0.009362431049092679,0.05,0.05,0.09735254995110962,6901,6402,0.05634195099992212,20.148385535000216,True,False
config_b,217,0.13525015649168637,17.479916489846072,True,12,0.010308888791846688,0.05,0.05,0.08723281851659219,6913,6414,0.037280218999967474,20.185669178999888,True,False
config_b,218,-0.5753206811531977,13.70348831641022,True,20,0.001399704575123284,0.05,0.05,0.08451671674847602,6933,6434,0.0634283009999308,20.249098331999903,True,False
config_b,219,0.28026410803456403,16.45783407415729,True,15,0.00755734686460785,0.05,0.05,0.08824766154090563,6948,6449,0.04514039999958186,20.294240763999824,True,False
config_b,220,-0.2720038978956121,16.599410268897188,True,14,0.0037290434235141556,0.05,0.05,0.09064034798315593,6962,6463,0.04341850299988437,20.337658146000194,True,False
config_b,221,0.5112702338051418,14.131334163807331,True,21,0.0015767944548840118,0.05,0.05,0.0847977642856893,6983,6484,0.06527696600005584,20.402940639999997,True,False
config_b,222,0.702852576069803,12.263727732980623,True,22,0.012106752222279193,0.05,0.05,0.09585017219863155,7005,6506,0.06679311700008839,20.46973279599979,True,False
config_b,223,-0.5390137246350117,14.107051182258875,True,19,0.0011550601256186122,0.05,0.05,0.11669071587292772,7024,6525,0.058153119000053266,20.527887887999896,True,False
config_b,224,-0.4582473555240631,13.776768837543203,True,22,0.0051764863477390954,0.05,0.05,0.10241263292052528,7046,6547,0.06681835499966837,20.594707583999934,True,False
config_b,225,0.018234270979915146,17.877116800495422,True,8,0.0032591574092289653,0.05,0.05,0.08877246920019388,7054,6555,0.024826450000091427,20.619537668999783,True,False
config_b,226,-0.3321396583848813,15.836636498197912,True,16,0.008850918136843966,0.05,0.05,0.09251785185188055,7070,6571,0.05357644400010031,20.674089621999883,True,False
config_b,227,0.46291597913972815,15.063628032221459,True,19,0.006696291588526637,0.05,0.05,0.09147785035403151,7089,6590,0.059492678999959026,20.73358189999999,True,False
config_b,228,-0.29435366253267714,16.445965582015923,True,16,0.00488916264415018,0.05,0.05,0.09328409319277853,7105,6606,0.048387791000095604,20.78197395699999,True,False
config_b,229,0.7968740354921917,9.405878947861492,True,25,0.00422430931906892,0.05,0.05,0.09247381262481212,7130,6631,0.08034229299983053,20.862313817000086,True,False
config_b,230,0.6060715436459814,13.515657236988044,True,20,4.9415600813063065e-05,0.05,0.05,0.0850013674236834,7150,6651,0.06317136999996364,20.925488721999955,True,False
config_b,231,-0.5662245431626824,13.365388174401597,True,22,0.0026084868558988727,0.05,0.05,0.08076638508249413,7172,6673,0.06842926600029386,20.993918078000206,True,False
config_b,232,0.08461482691376043,17.626064874976873,True,11,0.013948090792732806,0.05,0.05,0.07656697217713702,7183,6684,0.03446507000035126,21.028385070999775,True,False
config_b,233,-0.13247559266341702,17.32876688086253,True,12,0.0044666701326944724,0.05,0.05,0.09286068566143513,7195,6696,0.03714508900020519,21.065377804000036,True,False
config_b,234,-0.765781568292945,11.164012695953716,True,23,0.0038026117329519327,0.05,0.05,0.07983696266360905,7218,6719,0.07422185699988404,21.139760068000214,True,False
config_b,235,-0.7290357577413131,11.806076588947326,True,22,0.004967803180533914,0.05,0.05,0.0999501035972075,7240,6741,0.07597814400014613,21.215740095,True,False
config_b,236,0.6229490115017686,13.139024894475005,True,21,0.021318342751359354,0.05,0.05,0.1014945242731344,7261,6762,0.06382053300012558,21.27956349299984,True,False
config_b,237,0.03030542679010506,17.791394004854375,True,8,0.004028806178116684,0.05,0.05,0.10010415827855468,7269,6770,0.024630597999930615,21.30419689600012,True,False
config_b,238,0.31871612496917945,15.996117076836526,True,16,0.039578087307325927,0.05,0.05,0.09764814074151218,7285,6786,0.04943586699982916,21.353632431999813,True,False
config_b,239,-0.5146095981238543,14.118666116148233,True,20,0.005936363995828975,0.05,0.05,0.10596843119710683,7305,6806,0.06068787300000622,21.414321867000126,True,False
config_b,240,-0.3991525002666336,15.585597590357064,True,18,0.006108625071408469,0.05,0.05,0.09468336010144816,7323,6824,0.055435674999898765,21.469758444000036,True,False
config_b,241,-0.4219816036329645,14.88725386369042,True,18,0.005367944080767184,0.05,0.05,0.09785979437745279,7341,6842,0.05552965500010032,21.525287816999935,True,False
config_b,242,-0.7943053166710018,9.606319604534654,True,25,0.0030242310705069775,0.05,0.05,0.09914516128599643,7366,6867,0.07562473900043187,21.60091264699986,True,False
config_b,243,0.7809722502314351,13.73726355470717,True,26,0.00589444465695399,0.05,0.05,0.10101235170777027,7392,6893,0.07878101599999354,21.679699281000012,True,False
config_b,244,0.4834523843549978,14.79593152347952,True,19,0.006307446882221124,0.05,0.05,0.08541529194304817,7411,6912,0.05915338399972825,21.7388507820001,True,False
config_b,245,-0.08515210729656908,17.656892150838395,True,10,0.0016092464599474082,0.05,0.05,0.0905328195542097,7421,6922,0.03110833599976104,21.76996261400018,True,False
config_b,246,-0.7268586034369895,11.672339313779958,True,23,0.007032296684760131,0.05,0.05,0.09461136453825494,7444,6945,0.07287133099998755,21.842835997999828,True,False
config_b,247,0.13555134590283624,17.478711737366392,True,12,0.010007699380696816,0.05,0.05,0.07844747028624018,7456,6957,0.03755951399989499,21.88039767500004,True,False
config_b,248,-0.13867567758017818,17.26660329812439,True,12,0.014495916795611047,0.05,0.05,0.08275857800617814,7468,6969,0.037121163999927376,21.917519759999777,True,False
config_b,249,-0.5024140409141895,14.058503069449216,True,20,0.0017331143827165052,0.05,0.05,0.09532650159671903,7488,6989,0.06530669999983729,21.98282706100008,True,False
config_b,250,0.02705779210514403,17.853157214127712,True,8,0.0061194363144365,0.05,0.05,0.10028748773038387,7496,6997,0.02505083200003355,22.007882590999998,True,False
config_b,251,0.375174263866038,15.346751828445122,True,19,0.014494252163338661,0.05,0.05,0.12255696854309032,7515,7016,0.059544615000049816,22.068411177000144,True,False
config_b,252,-0.40347556017503267,15.396861087344586,True,17,0.0026914951882717197,0.05,0.05,0.10542383395573672,7532,7033,0.055689988000267476,22.124103227999967,True,False
config_b,253,0.5384823368469769,14.199224287224933,True,20,0.012968810910481188,0.05,0.05,0.08150093872100114,7552,7053,0.06080750999990414,22.18490818400005,True,False
config_b,254,-0.5803840273522758,13.692660549540596,True,20,0.0014369175274525636,0.05,0.05,0.09710359983146191,7572,7073,0.06246184600013294,22.247373816000163,True,False
config_b,255,0.3673834654197108,15.837699974677525,True,17,0.006650643995702754,0.05,0.05,0.09597235655083376,7589,7090,0.05357144699974015,22.300944311999956,True,False
config_b,256,-0.5811721740425035,13.657153269066475,True,20,0.0016487928172138622,0.05,0.05,0.10679063629359006,7609,7110,0.06320103400003063,22.36414947200001,True,False
config_b,257,-0.32150039498500843,16.16977296944242,True,15,0.0005373875885864021,0.05,0.05,0.1136049340168635,7624,7125,0.047456758999942394,22.41160991600009,True,False
config_b,258,0.46515750471915274,15.031189229153096,True,18,0.006946290978570413,0.05,0.05,0.09790681012802654,7642,7143,0.05490146200008894,22.466512298999987,True,False
config_b,259,0.7736228401942042,10.768250489403727,True,24,0.001963160589887991,0.05,0.05,0.10595851577818394,7666,7167,0.0746456759998182,22.541158125000038,True,False
config_b,260,-0.6999256188091927,11.031705893424622,True,25,1.3870199147447693e-05,0.05,0.05,0.10060071021318436,7691,7192,0.07777607300022282,22.618934549000187,True,False
config_b,261,0.00038582192440583807,17.856728473422116,True,8,0.008990920412313686,0.05,0.05,0.10267890570685267,7699,7200,0.024520375000065542,22.643460182000126,True,False
config_b,262,0.33883482917182706,16.180815841816365,True,16,0.004569847876345345,0.05,0.05,0.08782026811968535,7715,7216,0.05264321899994684,22.69610202800004,True,False
config_b,263,-0.13588919072246775,17.386379420827144,True,12,0.0016583630772546154,0.05,0.05,0.09503870860983928,7727,7228,0.038212132999888127,22.73431772699996,True,False
config_b,264,0.42232436188385414,15.287035318674315,True,18,0.004672037996192591,0.05,0.05,0.10940680942601627,7745,7246,0.05643856400001823,22.7907575119998,True,False
config_b,265,-0.3363866681889885,15.903301481899689,True,16,0.00378504096818838,0.05,0.05,0.10993489436805248,7761,7262,0.04913546099987798,22.839895456999784,True,False
config_b,266,0.26560820151635567,16.59396991892718,True,15,0.00410738982658887,0.05,0.05,0.09599927440285683,7776,7277,0.04589746300007391,22.885795243999837,True,False
config_b,267,0.48460111241989234,14.79965995028615,True,18,0.002672918260561763,0.05,0.05,0.11813377920124266,7794,7295,0.055319781999969564,22.941114926999944,True,False
config_b,268,-0.33986811843782727,16.075252205086873,True,16,0.007812395297570773,0.05,0.05,0.08311901381239295,7810,7311,0.04859578900004635,22.98971394099999,True,False
config_b,269,0.04227060308039454,17.800756494898813,True,8,0.0006097931737530857,0.05,0.05,0.13600378762930632,7818,7319,0.02469879000000219,23.01438421900002,True,False
config_b,270,0.7288320323291051,11.883541639801114,True,22,0.012142676747654346,0.05,0.05,0.09056955660608682,7840,7341,0.07068180999976903,23.085098236999784,True,False
config_b,271,-0.22327782991756995,16.911219986574725,True,14,0.0034618944426133003,0.05,0.05,0.09819698253912586,7854,7355,0.042839692999677936,23.12793945300018,True,False
config_b,272,-0.3303983195898848,16.120751648733858,True,15,0.0018348349002725306,0.05,0.05,0.0876557182520628,7869,7370,0.04700692000005802,23.174950108999838,True,False
config_b,273,-0.5178073862379133,14.266230640234426,True,19,0.002092209439703341,0.05,0.05,0.09497637301683426,7888,7389,0.05885130600017874,23.23380106500008,True,False
config_b,274,0.4242635431687096,15.225153064727783,True,18,0.01989794807990447,0.05,0.05,0.10389810945424768,7906,7407,0.054786790999969526,23.288593123999817,True,False
config_b,275,0.6423082746314916,13.089906760305166,True,21,0.0012734437091032058,0.05,0.05,0.0921551189607098,7927,7428,0.06535201699989557,23.35394400999985,True,False
config_b,276,-0.311797991543736,15.70982217140263,True,17,0.004120753025415813,0.05,0.05,0.10915947705507278,7944,7445,0.05108304200030034,23.406070291000105,True,False
config_b,277,-0.5062820693955656,14.419402906973847,True,19,0.002824015499811705,0.05,0.05,0.0884142253351839,7963,7464,0.05853043999968577,23.464599549000013,True,False
config_b,278,-0.23409342809198908,16.82216602419503,True,14,0.007353703731805827,0.05,0.05,0.11214558913239411,7977,7478,0.04258209099998567,23.507188340000084,True,False
config_b,279,0.3879806192082613,15.520074444590136,True,17,0.00977619967852511,0.05,0.05,0.08898752314202926,7994,7495,0.052805390000230545,23.559990525000103,True,False
config_b,280,-0.6444936717841758,12.812522998137865,True,21,0.008618744110642007,0.05,0.05,0.11018564303716023,8015,7516,0.06430885899999339,23.624302308000097,True,False
config_b,281,0.46839277587613326,14.06974260333227,True,21,0.007588970576710152,0.05,0.05,0.11167711409784499,8036,7537,0.06285982800000056,23.68716510000013,True,False
config_b,282,-0.28056608526388194,16.003201318159697,True,17,0.005204269914484361,0.05,0.05,0.10722110508119359,8053,7554,0.05112166900016746,23.738286619000064,True,False
config_b,283,0.3294641733983239,16.007849504984915,True,17,0.007829090027232921,0.05,0.05,0.09347884937682573,8070,7571,0.05185750300006475,23.790143970999907,True,False
config_b,284,-0.6266331731525489,12.958346502308268,True,21,0.0008327726769027377,0.05,0.05,0.13094606215045565,8091,7592,0.0646283430000949,23.85477210399995,True,False
config_b,285,0.6912858026519624,11.541550814500079,True,23,0.0031231624882257503,0.05,0.05,0.09833845002171786,8114,7615,0.07113152900001296,23.92590944099993,True,False
config_b,286,-0.05242351016047275,17.681027478910984,True,9,0.024699746943180376,0.05,0.05,0.0941933070619901,8123,7624,0.03268289400011781,23.958591152999816,True,False
config_b,287,0.3257345102799625,16.157925665192305,True,17,0.007200995698897261,0.05,0.05,0.10420786918086164,8140,7641,0.051327695999589196,24.009924296999998,True,False
config_b,288,-0.6056981971227618,13.31994787309668,True,20,0.019628893641146505,0.05,0.05,0.10007405374199152,8160,7661,0.06164476300000388,24.071568078999917,True,False
config_b,289,0.3201177429433377,16.270163207594305,True,16,0.006638604175933038,0.05,0.05,0.10491478070616722,8176,7677,0.04844134000040867,24.12001334500019,True,False
config_b,290,0.23541892088274374,16.687525733723305,True,15,0.0016210304248239493,0.05,0.05,0.10501624830067158,8191,7692,0.04599359700023342,24.166007982999872,True,False
config_b,291,-0.09011702492403784,17.605047101527454,True,10,0.006774270968692056,0.05,0.05,0.1281876090914011,8201,7702,0.03013944799977253,24.196154881999973,True,False
config_b,292,0.004271648898549252,17.821770690008996,True,8,0.013652186478410232,0.05,0.05,0.07743828184902668,8209,7710,0.02460470100004386,24.220754554999985,True,False
config_b,293,0.26326975798977736,16.681158796697854,True,15,0.009842593869316851,0.05,0.05,0.12031909649570784,8224,7725,0.04648053900018567,24.267236585999854,True,False
config_b,294,-0.018416491057941742,17.852668076753616,True,8,0.018416491057941742,0.05,0.05,0.08971864311024547,8232,7733,0.02424010899994755,24.291478307000034,True,False
config_b,295,0.47389195880839363,14.574131016246973,True,19,0.012569455343461877,0.05,0.05,0.11755764758900593,8251,7752,0.05684572800009846,24.348326629999974,True,False
config_b,296,-0.7199102030022202,11.873216681182384,True,23,0.009350957782079283,0.05,0.05,0.11257875192424525,8274,7775,0.06880460399997901,24.417133125999953,True,False
config_b,297,0.22657024756433453,16.926178634155075,True,15,0.003632972398599804,0.05,0.05,0.13529914518197378,8289,7790,0.04473766199998863,24.46187113799988,True,False
config_b,298,0.6650986866646396,12.873207846331933,True,21,0.00011785191064161982,0.05,0.05,0.10790735279165563,8310,7811,0.06309240300015517,24.524967255999854,True,False
config_b,299,0.5208581623542374,14.453078823348187,True,19,0.00683724814898945,0.05,0.05,0.0959576889872551,8329,7830,0.0569727869997223,24.581941554999958,True,False
config_b,300,-0.7530622144536343,11.25655923304148,True,23,0.000617566298092509,0.05,0.05,0.10969505086541176,8352,7853,0.06894230799980505,24.650885586000186,True,False
config_b,301,0.3837368995933732,15.310654457716737,True,20,0.0011674944048088443,0.05,0.05,0.10921010449528694,8372,7873,0.05971090200000617,24.711559767999915,True,False
config_b,302,0.5069521081663886,19.29788050299976,True,25,0.015413781097196377,0.05,0.05,0.10905941359698773,8397,7898,0.07447244800005137,24.7860312050002,True,False
config_b,303,-0.5027993970685938,14.402846957789734,True,19,0.0030605451461259148,0.05,0.05,0.12676359085660233,8416,7917,0.057453349999832426,24.843490184000075,True,False
config_b,304,0.5140429023401196,14.588970835425425,True,19,0.007626395772129424,0.05,0.05,0.10938796489254425,8435,7936,0.05711351599984482,24.900604810999994,True,False
config_b,305,0.16310118284593111,17.31249924590811,True,13,0.007035964644980575,0.05,0.05,0.10501641436265065,8448,7949,0.03911558399977366,24.93972161800002,True,False
config_b,306,0.13323116346199337,17.381153449413247,True,12,2.861263029158012e-05,0.05,0.05,0.11325683631002903,8460,7961,0.0360674490002566,24.975787354000204,True,False
config_b,307,-0.6658763504923102,12.625643361893799,True,22,6.37235497480404e-06,0.05,0.05,0.10614318942481821,8482,7983,0.06623048100027518,25.04201887699992,True,False
config_b,308,-0.7524853857881393,11.491183811728844,True,22,0.0022162068388744682,0.05,0.05,0.11807989752428098,8504,8005,0.06671242699985669,25.10873581099986,True,False
config_b,309,-0.7719312798389215,11.227762761898338,True,23,0.006617103825001469,0.05,0.05,0.11725341577244841,8527,8028,0.0690845989997797,25.17782179300002,True,False
config_b,310,-0.4654311317410956,13.368336709588766,True,21,0.009737392307364146,0.05,0.05,0.10480680157031332,8548,8049,0.06256599100015592,25.24038818400004,True,False
config_b,311,-0.7037553976823148,9.92870787428692,True,26,0.008660154963494926,0.05,0.05,0.12069680025944343,8574,8075,0.08097989999987476,25.321367333000126,True,False
config_b,312,-0.7221696555779085,11.9029404906556,True,22,0.017376491022745855,0.05,0.05,0.12169535500420765,8596,8097,0.06618384199964567,25.387555793000047,True,False
config_b,313,-0.5115385501572036,14.385183278424666,True,19,0.0017311363112125777,0.05,0.05,0.11725842384131331,8615,8116,0.05656465099991692,25.444121644999996,True,False
config_b,314,-0.7201171098653865,10.922280186600982,True,24,0.008010082900662518,0.05,0.05,0.10491675728311141,8639,8140,0.0718656290000581,25.515989677000107,True,False
config_b,315,-0.6004995139828163,13.157690649945287,True,20,0.0005495394473650217,0.05,0.05,0.11619970630854368,8659,8160,0.06009453200022108,25.576085710999905,True,False
config_b,316,0.24435618708953588,16.85048610679805,True,14,0.0035199513690433726,0.05,0.05,0.12332668341696262,8673,8174,0.041591571000026306,25.617682459000207,True,False
config_b,317,-0.38593428595961365,15.67122437437647,True,17,0.00020206588030685646,0.05,0.05,0.13940030051504865,8690,8191,0.0511672269999508,25.668850607999957,True,False
config_b,318,0.41783046446106487,15.391410625260324,True,17,0.00581741718421519,0.05,0.05,0.11743788596461802,8707,8208,0.051641751999795815,25.720492509999985,True,False
config_b,319,-0.5870102558742227,13.559990422578993,True,20,0.0022601955420046282,0.05,0.05,0.1057788411155343,8727,8228,0.05998398800011273,25.78047676799997,True,False
config_b,320,-0.6578255249785698,12.661344993067905,True,22,0.0004779407885803222,0.05,0.05,0.10911634445867756,8749,8250,0.0655558899998141,25.846035072000177,True,False
config_b,321,0.42064766877804716,13.526051129307596,True,21,0.02089543121652654,0.05,0.05,0.10907281110329288,8770,8271,0.06206550800015975,25.908100170000125,True,False
config_b,322,-0.15833613898360177,17.269865417806432,True,12,0.005880530238703052,0.05,0.05,0.12259491253644228,8782,8283,0.036022582999976294,25.944125286000144,True,False
config_b,323,-0.37038653494044066,15.74847004537587,True,17,0.0028441676986944997,0.05,0.05,0.11829483289928998,8799,8300,0.05596590200002538,26.0000909270002,True,False
config_b,324,-0.5653170345982499,13.332089909166097,True,21,0.011818145933256474,0.05,0.05,0.09235790141281627,8820,8321,0.06332035100012945,26.063413431999834,True,False
config_b,325,-0.6965923905221244,12.261138789495453,True,22,0.002877032731981699,0.05,0.05,0.11528106084601446,8842,8343,0.066151815000012,26.12956457600012,True,False
config_b,326,0.4053587879353009,15.393749625864439,True,18,0.0010853984999100175,0.05,0.05,0.0971630129756199,8860,8361,0.05418749199998274,26.184739422999883,True,False
config_b,327,-0.3933264303912097,15.547194626647979,True,17,0.006800664904938747,0.05,0.05,0.10708601783741922,8877,8378,0.05083021699965684,26.235572323999804,True,False
config_b,328,-0.16077282384104907,17.293681875662877,True,13,0.0021995218789053195,0.05,0.05,0.09555236278818204,8890,8391,0.0390092959996764,26.27458339399982,True,False
config_b,329,0.2977781706997493,16.46256384309381,True,15,0.0015507797413243929,0.05,0.05,0.11595199815928936,8905,8406,0.04516292299967972,26.319749640999817,True,False
config_b,330,-0.28277830576259577,16.5121631914677,True,15,6.295182208848615e-05,0.05,0.05,0.10776302268107732,8920,8421,0.044698524000068574,26.364453122000214,True,False
config_b,331,-0.5554420930633592,14.105816969461738,True,20,0.0022140112308227655,0.05,0.05,0.11830988684669137,8940,8441,0.05962761799992222,26.42408011999987,True,False
config_b,332,-0.13779693173414942,17.371430687006796,True,12,0.0035661040889362894,0.05,0.05,0.1253276316759487,8952,8453,0.03603336800006218,26.460116582999945,True,False
config_b,333,0.7639353604664687,11.34813054537517,True,22,0.0006566189871199946,0.05,0.05,0.12143024082549593,8974,8475,0.06630060599991339,26.52638331800017,True,False
config_b,334,0.5894199229819503,13.604154245066455,True,20,0.0006383135002357987,0.05,0.05,0.10304828528314829,8994,8495,0.05966519399999015,26.586081882000144,True,False
config_b,335,-0.09973483118157112,17.63648893495556,True,11,0.003872482809839012,0.05,0.05,0.10611886429515752,9005,8506,0.0331326010000339,26.619219531,True,False
config_b,336,0.7181915423320095,11.885017988597973,True,21,0.006599823577013497,0.05,0.05,0.10879580862820148,9026,8527,0.06263005599976168,26.68184726399977,True,False
config_b,337,0.6069289553488983,13.359623941825703,True,20,0.003993960164093591,0.05,0.05,0.12149624954909086,9046,8547,0.060311384000215185,26.74216002000003,True,False
config_b,338,-0.6621534116241494,12.64902915249113,True,22,0.0020157847157851183,0.05,0.05,0.1267927141690796,9068,8569,0.06597930900034044,26.80813791699984,True,False
config_b,339,0.1080959154372666,17.611064748197713,True,11,0.0066384882516623694,0.05,0.05,0.07932561077177525,9079,8580,0.03316466899968873,26.841309826999804,True,False
config_b,340,0.3029691395926324,16.381139455211816,True,15,0.0018293564588321432,0.05,0.05,0.10508216588447492,9094,8595,0.044791120999889245,26.886101819000032,True,False
config_b,341,-0.20338255194858323,17.040628227686103,True,13,0.005903388915232011,0.05,0.05,0.1357123744315826,9107,8608,0.03878621500007284,26.924889896999957,True,False
config_b,342,0.6314517990318711,13.107829597452655,True,21,0.013099709170496077,0.05,0.05,0.12797581617321288,9128,8629,0.0629843320002692,26.987870293000014,True,False
config_b,343,0.4798986635645255,14.771492990665138,True,18,0.013520366616479818,0.05,0.05,0.1267521335846848,9146,8647,0.05395092100025067,27.041823768000086,True,False
config_b,344,0.19158431862309,17.102299029023563,True,13,0.02199845549427845,0.05,0.05,0.13747439304223427,9159,8660,0.03914876400040157,27.080974613999842,True,False
config_b,345,0.08978112670148308,17.6073372584302,True,10,0.006966527399687575,0.05,0.05,0.13289093151688575,9169,8670,0.029914674000337982,27.110896079000213,True,False
config_b,346,0.5506689846594393,14.133358401805161,True,19,0.003587919196892053,0.05,0.05,0.12281152370728944,9188,8689,0.0569289810000555,27.167818971000088,True,False
config_b,347,0.5078410783526583,14.03963272543624,True,19,0.005218111637890432,0.05,0.05,0.13142348620060243,9207,8708,0.05677608500036513,27.22459592799987,True,False
config_b,348,0.735750222301627,11.641612115409226,True,22,0.01000882008596915,0.05,0.05,0.12509859099306844,9229,8730,0.06804083999986688,27.292634974000066,True,False
config_b,349,0.24592455756578824,16.593121516465906,True,14,0.002731705408726831,0.05,0.05,0.13086102344095707,9243,8744,0.0420370520000688,27.334676713000135,True,False
config_b,350,-0.39962377066080923,15.027738449187018,True,18,0.00411188930512596,0.05,0.05,0.121358972042799,9261,8762,0.053534052000031807,27.388216183000168,True,False
config_b,351,0.3696203757994321,15.798886820580812,True,17,0.020854630906050164,0.05,0.05,0.09606437757611275,9278,8779,0.05104447500025344,27.44021178999992,True,False
config_b,352,0.37069751557699115,15.727335658157244,True,16,0.013074220634225253,0.05,0.05,0.1398051236756146,9294,8795,0.04783106400009274,27.48804972500011,True,False
config_b,353,-0.46012511971596787,14.885607660136884,True,18,0.0011969587422247518,0.05,0.05,0.12423981146679984,9312,8813,0.054037939999943774,27.542090539000128,True,False
config_b,354,-0.10237765770751339,17.62855833923677,True,11,0.0012366901416421133,0.05,0.05,0.10631622357124632,9323,8824,0.032881828999961726,27.574975472999995,True,False
config_b,355,-0.19698917102738722,16.968193125375546,True,13,0.004008036463796716,0.05,0.05,0.12579861440910742,9336,8837,0.039280209000025934,27.614260408000064,True,False
config_b,356,0.16594987719881682,17.34302527612308,True,12,0.003294075082148462,0.05,0.05,0.14073240927730998,9348,8849,0.0359397799998078,27.650200668999787,True,False
config_b,357,0.6722524415379161,12.43648294713348,True,21,0.017537666085058357,0.05,0.05,0.12830177871953874,9369,8870,0.06289935599988894,27.713090000000193,True,False
config_b,358,-0.1870857592231927,16.98795572882518,True,13,0.004063939802739808,0.05,0.05,0.1503121331334114,9382,8883,0.03907178899999053,27.752173806999963,True,False
config_b,359,0.11214440917382318,17.557559682498685,True,11,0.0018404663083139844,0.05,0.05,0.17606330866163428,9393,8894,0.03291942499981815,27.785096908000014,True,False
config_b,360,0.5810114076290647,13.37882708877296,True,21,0.0005919902185305137,0.05,0.05,0.11869877594567481,9414,8915,0.06300468199970055,27.848096302000158,True,False
config_b,361,0.20261864934793228,16.985590796289035,True,13,0.01062506481440123,0.05,0.05,0.13712915835472253,9427,8928,0.03892100599978221,27.887022605999846,True,False
config_b,362,-0.5553061598340044,14.116230099275707,True,19,0.003958643848207322,0.05,0.05,0.13850128062461553,9446,8947,0.05699011199976667,27.944013449000067,True,False
config_b,363,0.45438988763272437,13.987098451098426,True,20,0.009302168029335534,0.05,0.05,0.10305824372917413,9466,8967,0.059882406999804516,28.003896276999967,True,False
config_b,364,0.3713717229006759,15.225079799606466,True,18,0.012015478565857718,0.05,0.05,0.10323618580069807,9484,8985,0.05408111400038251,28.057976940000117,True,False
config_b,365,0.6650651058110784,12.6073483524553,True,21,0.007262562931667715,0.05,0.05,0.13923142930226667,9505,9006,0.06319004799979666,28.121169220999946,True,False
config_b,366,0.07735074367424022,17.771795075115005,True,10,0.0004389657993722623,0.05,0.05,0.14869977328926326,9515,9016,0.02995430300006774,28.151127138999982,True,False
config_b,367,0.12741662552419286,17.367338933050632,True,11,0.00395336370138033,0.05,0.05,0.15592569383707913,9526,9027,0.032914918000187754,28.184045992999927,True,False
config_b,368,0.21439871659909548,16.93556816999335,True,13,0.00666495100962089,0.05,0.05,0.1399077125466787,9539,9040,0.03905683700031659,28.223102559999916,True,False
config_b,369,0.008703712011284948,17.836697647674008,True,8,0.006271401559401233,0.05,0.05,0.14562910422682762,9547,9048,0.0243795860001228,28.247485101000166,True,False
config_b,370,0.4584592885960499,14.903360382188112,True,18,0.015545932422206588,0.05,0.05,0.1503832276082701,9565,9066,0.05393043000003672,28.301412016000086,True,False
config_b,371,-0.04383629116417631,17.513135592313482,True,8,0.013603668322814302,0.05,0.05,0.11253954330459237,9573,9074,0.024190985999666736,28.32560372299986,True,False
config_b,372,-0.08521192801553445,17.46964140444761,True,10,0.0013360497334675148,0.05,0.05,0.1377404671162367,9583,9084,0.029985269000007975,28.355594900000142,True,False
config_b,373,-0.7201622246438574,11.969842211622744,True,23,0.007137179339687494,0.05,0.05,0.12448341302249742,9606,9107,0.06901250300006723,28.424603295999987,True,False
config_b,374,0.18348276681083464,17.097069565189305,True,13,0.0028628399141199246,0.05,0.05,0.09909446193621708,9619,9120,0.03906144399979894,28.463665862000198,True,False
config_b,375,0.613401918980967,13.170089525566436,True,20,0.019986451515652037,0.05,0.05,0.11797476876527072,9639,9140,0.060397170999749505,28.524063103000117,True,False
config_b,376,0.4220243119583549,15.274257797864266,True,17,0.0010195084455477121,0.05,0.05,0.13191470701028318,9656,9157,0.05116402299972833,28.57617435200018,True,False
config_b,377,0.4926391764841731,14.07434929353185,True,19,0.011783828958703169,0.05,0.05,0.11368556026565402,9675,9176,0.05688605800014557,28.63306762100001,True,False
config_b,378,-0.7376324449287992,11.519862141739576,True,23,0.01210899877455851,0.05,0.05,0.13772795576116312,9698,9199,0.06907566600011705,28.702141144000052,True,False
config_b,379,-0.043028352506480294,17.711812416813338,True,8,0.024834756400851213,0.05,0.05,0.14925404638051987,9706,9207,0.023872793999998976,28.726021719000073,True,False
config_b,380,-0.0059246645699359,17.952602684497833,True,8,0.0059246645699359,0.05,0.05,0.15013174526393414,9714,9215,0.023691955000231246,28.749715296999966,True,False
config_b,381,0.4788819738800243,14.761956868576817,True,18,0.0018161492114374678,0.05,0.05,0.15026673219270176,9732,9233,0.05364733000033084,28.803361575000054,True,False
config_b,382,-0.25529629695678424,16.70843749269843,True,14,0.013899184930970643,0.05,0.05,0.0980486636981368,9746,9247,0.042010621999907016,28.845369973999823,True,False
config_b,383,0.30135445703090347,16.234796122927218,True,15,0.018894633918986603,0.05,0.05,0.11829929649829865,9761,9262,0.04528884000001199,28.890658794000046,True,False
config_b,384,0.7293148919343437,11.625858855247497,True,23,0.008849989202526665,0.05,0.05,0.14385953286419745,9784,9285,0.06984809300001871,28.960508650000065,True,False
config_b,385,-0.11490017621157356,17.53881046930328,True,11,0.013759208645702278,0.05,0.05,0.10120468485084447,9795,9296,0.03328417700004138,28.99379622100014,True,False
config_b,386,-0.43270063181538493,15.215163798967842,True,18,0.0014172822447622302,0.05,0.05,0.1328789728383223,9813,9314,0.053788659000019834,29.04758810600015,True,False
config_b,387,-0.4887139772503881,14.721951910387725,True,19,0.005340943172908896,0.05,0.05,0.12614317708893827,9832,9333,0.05746706100035226,29.10505091999994,True,False
config_b,388,0.4971946774699474,14.680313098989426,True,19,0.00847453170804402,0.05,0.05,0.1465698233560512,9851,9352,0.05746209299968541,29.162515427000017,True,False
config_b,389,-0.765003336246906,11.128332219365983,True,23,0.0042497846460678446,0.05,0.05,0.1305898012512404,9874,9375,0.0691942119997293,29.231703429999925,True,False
config_b,390,-0.006507440695616262,17.947940476238728,True,8,0.006507440695616262,0.05,0.05,0.08777072583325207,9882,9383,0.023736830999951053,29.25545713700012,True,False
config_b,391,-0.763841215114532,10.541571431374177,True,24,0.0028777748116916024,0.05,0.05,0.13773866447930536,9906,9407,0.07231242200032284,29.327762107000126,True,False
config_b,392,0.01574082925221809,17.70733590485179,True,8,0.006525626880371246,0.05,0.05,0.16469131456688046,9914,9415,0.023939451999922312,29.351709762000155,True,False
config_b,393,-0.7167285933734906,11.850144300260581,True,22,0.0019497195179883908,0.05,0.05,0.11806294906207106,9936,9437,0.06594063100010317,29.417647820000184,True,False
config_b,394,0.5546039166307823,13.974642703623976,True,20,0.014099090572914807,0.05,0.05,0.1405499592423439,9956,9457,0.060355839999829186,29.478004340000098,True,False
config_b,395,-0.0950428775896317,17.319734193156183,True,13,0.0010234514618371743,0.05,0.05,0.16707505400364214,9969,9470,0.039048946000093565,29.51705689099981,True,False
config_b,396,0.241950130887028,16.745186716387977,True,14,0.019146268230548324,0.05,0.05,0.12049829321248191,9983,9484,0.04194747900010043,29.559008086000176,True,False
config_b,397,0.40033060552489563,15.139598826458677,True,19,0.0031435556283807564,0.05,0.05,0.13949898140210854,10002,9503,0.057002250000095955,29.616008473999955,True,False
config_b,398,0.27226080466871494,16.246213651564904,True,16,0.002959498440236241,0.05,0.05,0.14756892109289765,10018,9519,0.04764904400008163,29.663655003999793,True,False
config_b,399,-0.22297144214715403,16.815089270705357,True,14,0.004534701347894382,0.05,0.05,0.14498523343354464,10032,9533,0.042112954999993235,29.705775370000083,True,False
config_b,400,0.0023587687360679954,17.98112984932959,True,8,0.0023587687360679954,0.05,0.05,0.14335717889480293,10040,9541,0.023900425000192627,29.729678407999927,True,False
config_b,401,-0.6414538442152131,11.589639628306031,True,24,0.011604182999840784,0.05,0.05,0.14513633338113627,10064,9565,0.07218388000001141,29.802877596000144,True,False
config_b,402,-0.19399200379932924,16.92773022878682,True,13,0.014122103958337323,0.05,0.05,0.11755661494456805,10077,9578,0.03920803200026057,29.842093520000162,True,False
config_b,403,0.5956399304539686,12.215638552978634,True,22,0.0033876099121042946,0.05,0.05,0.1533132428303361,10099,9600,0.06616395299988653,29.90825691200007,True,False
config_b,404,0.7690719641092871,11.139866023909416,True,22,0.031216518953087413,0.05,0.05,0.10436179996891455,10121,9622,0.06669983800020418,29.97495748199981,True,False
config_b,405,-0.6585043996421137,12.62577368580969,True,21,0.008787107146562945,0.05,0.05,0.13206189480565844,10142,9643,0.06289458900027967,30.0378516400001,True,False
config_b,406,0.2050922085133806,16.95413091040682,True,14,0.011274202439791575,0.05,0.05,0.12310092337429523,10156,9657,0.041626833000009356,30.079481958000088,True,False
config_b,407,0.7151376724387921,12.03017794464249,True,22,0.0007323307454535355,0.05,0.05,0.1514849178493023,10178,9679,0.06572390000019368,30.145207840999774,True,False
config_b,408,0.05013875317744143,17.719914973853157,True,9,0.002188139442170778,0.05,0.05,0.1160719705124696,10187,9688,0.02714716499986025,30.172359722999772,True,False
config_b,409,0.4045338426066942,15.391565146239008,True,18,0.017698633983761314,0.05,0.05,0.11554145047234164,10205,9706,0.0540313899996363,30.226357292000102,True,False
config_b,410,0.7465292662292311,11.4853824805934,True,22,0.00030420557918886537,0.05,0.05,0.13265152292495425,10227,9728,0.06644705400003659,30.292837925000185,True,False
config_b,411,-0.7732344694844644,11.094441382028162,True,23,0.00818795968899122,0.05,0.05,0.13426943738823352,10250,9751,0.06925908800030811,30.362097924999944,True,False
config_b,412,0.14781227136534336,17.393794233654624,True,12,0.006291634820645903,0.05,0.05,0.13318308116868138,10262,9763,0.035962993999874016,30.398066137000114,True,False
config_b,413,-0.05758892815939132,17.566610426642,True,9,0.004588781327907243,0.05,0.05,0.13638395898871952,10271,9772,0.02704311100023915,30.42510600200012,True,False
config_b,414,0.12708363842290438,17.223261011391877,True,12,0.007628885748117445,0.05,0.05,0.12626248132437468,10283,9784,0.03601428999991185,30.46112502999995,True,False
config_b,415,-0.5579818890980056,14.065391303785145,True,19,0.0066343731122084915,0.05,0.05,0.15292625776246974,10302,9803,0.056764058000226214,30.517889296999783,True,False
config_b,416,-0.3329434532295752,16.236629140540025,True,16,0.0007984704679633303,0.05,0.05,0.12474925303831697,10318,9819,0.04794203900019056,30.565834229999837,True,False
config_b,417,-0.09305299791661059,17.656139728240667,True,11,0.002809350455121512,0.05,0.05,0.09181759430264885,10329,9830,0.03313066800001252,30.59896623099985,True,False
config_b,418,-0.737872230528226,11.549067354667931,True,21,0.016972403818131032,0.05,0.05,0.15635599692662558,10350,9851,0.06309770100006062,30.662062199000047,True,False
config_b,419,-0.3155036854183214,16.368392268812748,True,15,0.0010296155581898114,0.05,0.05,0.13893895633518696,10365,9866,0.04503444200008744,30.707101759000125,True,False
config_b,420,0.5358402896192194,13.981591843347996,True,19,0.006439158752560958,0.05,0.05,0.13269450662559584,10384,9885,0.05701530999976967,30.76411671799997,True,False
config_b,421,0.21971374689023726,16.858729279669934,True,14,0.021352970946325628,0.05,0.05,0.12328514297093664,10398,9899,0.041932127000109176,30.806052149000152,True,False
config_b,422,-0.18563343598511006,16.998121999949216,True,13,0.0026116165646571654,0.05,0.05,0.14542626775801182,10411,9912,0.039089414999580185,30.84514339799989,True,False
config_b,423,-0.5455801446256034,13.974659405415878,True,20,0.00344790202980938,0.05,0.05,0.13436445873230696,10431,9932,0.06020004899983178,30.905340761999923,True,False
config_b,424,0.08902883385961946,17.46081449748017,True,10,0.006411366364987903,0.05,0.05,0.15306972414255143,10441,9942,0.030219886999930168,30.93556708899996,True,False
config_b,425,0.3068464206373682,16.248853576486,True,15,0.023651003015317362,0.05,0.05,0.11849077194929122,10456,9957,0.04497815800004901,30.980545017000168,True,False
config_b,426,0.3825949701805289,15.717555797565728,True,17,0.0017979388359614101,0.05,0.05,0.1642026355599656,10473,9974,0.0511422310000853,31.03263574599987,True,False
config_b,427,0.6540237259023711,12.013851433387027,True,21,0.008101765084646217,0.05,0.05,0.14151883817144803,10494,9995,0.0625448900000265,31.095183590000033,True,False
config_b,428,0.6190859679925189,13.058912234543822,True,21,0.005365722640150672,0.05,0.05,0.13904526670064246,10515,10016,0.06338325499973507,31.158564751000085,True,False
config_b,429,0.33452048387036437,15.842472564685158,True,15,0.02627544023440387,0.05,0.05,0.15604620998104413,10530,10031,0.048037009999916336,31.20660031899979,True,False
config_b,430,0.2432250942050529,16.70000113453716,True,14,0.0038719172598944696,0.05,0.05,0.12109928152390889,10544,10045,0.04261984799995844,31.24922655599994,True,False
config_b,431,-0.031595590905034276,17.73768567335792,True,8,0.004909290812620249,0.05,0.05,0.13769858004525304,10552,10053,0.02415395099978923,31.273382971000046,True,False
config_b,432,0.7658730485933185,10.956528437603264,True,23,0.013901914370128554,0.05,0.05,0.13966028189853483,10575,10076,0.06930867199980639,31.342691772999842,True,False
config_b,433,0.6092480109145426,13.382565722591243,True,20,0.018610269645501498,0.05,0.05,0.1401303849183023,10595,10096,0.060406955999951606,31.40310081100006,True,False
config_b,434,-0.4354418389583833,15.073783056251704,True,18,0.011363244557591468,0.05,0.05,0.13030245382752684,10613,10114,0.05535220100000515,31.458447834999788,True,False
config_b,435,-0.7506383439228966,11.525743438117205,True,22,0.008582520985378594,0.05,0.05,0.13138644642789254,10635,10136,0.06654072299988911,31.5249964489999,True,False
config_b,436,-0.535384784322592,13.23792120385915,True,21,0.011219741000966676,0.05,0.05,0.1680246889591217,10656,10157,0.06275252799969167,31.58774251700015,True,False
config_b,437,-0.6277115350915206,13.14525316497893,True,21,0.0045488600078633645,0.05,0.05,0.14685545382755144,10677,10178,0.06279307800014067,31.650547824000114,True,False
config_b,438,0.24706470399944336,16.628146089147776,True,15,0.009476784630941204,0.05,0.05,0.1585826963186264,10692,10193,0.04500379699993573,31.69554536099986,True,False
config_b,439,-0.7596542308202636,11.403534233465326,True,23,0.0039797048477145935,0.05,0.05,0.14594027391918327,10715,10216,0.0689738450000732,31.764524474000154,True,False
config_b,440,-0.2965167468423422,16.24974956731312,True,16,0.004160434040590744,0.05,0.05,0.17733496776781976,10731,10232,0.04793588000029558,31.81246598200005,True,False
config_b,441,-0.7229098127154407,11.860786123434082,True,22,0.004582003091503362,0.05,0.05,0.12223934145136313,10753,10254,0.06642809599998145,31.87889220399984,True,False
config_b,442,0.12011861215554409,21.100538660644087,True,18,0.009416659501007618,0.05,0.05,0.1401111049991515,10771,10272,0.05343052699981854,31.93232460499985,True,False
config_b,443,-0.49443361218500465,14.625122948456555,True,19,0.005176293853960456,0.05,0.05,0.15458757410708227,10790,10291,0.05712489200004711,31.989453093000066,True,False
config_b,444,-0.20782876058935573,16.975725762266666,True,13,0.006824671203806615,0.05,0.05,0.16459372410407433,10803,10304,0.03900190600006681,32.028456240000196,True,False
config_b,445,-0.47729810188693045,14.930525015853345,True,18,0.0051463055681991166,0.05,0.05,0.1127846541090144,10821,10322,0.05422969399978683,32.082687417000216,True,False
config_b,446,-0.7296677773955742,11.459740131278522,True,24,0.001045444426726938,0.05,0.05,0.14534026694794497,10845,10346,0.07216788699997778,32.15485565400013,True,False
config_b,447,0.7942673837479848,10.976430683082436,True,24,0.006083424971871643,0.05,0.05,0.14816671850470206,10869,10370,0.07202321200020378,32.22687196600009,True,False
config_b,448,0.24954678444106437,16.611286279466004,True,15,0.010126257282567941,0.05,0.05,0.1550822377204895,10884,10385,0.04497327099988979,32.271858536999844,True,False
config_b,449,0.2663829096094903,16.280364128772636,True,16,0.01218548709721029,0.05,0.05,0.11449612595606595,10900,10401,0.04790796799989039,32.31976783800019,True,False
config_b,450,-0.22437950278547347,16.776329295523464,True,14,0.01347896982117655,0.05,0.05,0.17639664693602494,10914,10415,0.041906908999862935,32.3616738249998,True,False
config_b,451,0.4676499649812744,14.917747839260846,True,18,0.008495705754309801,0.05,0.05,0.17808419300450218,10932,10433,0.0537211290002233,32.416388839999854,True,False
config_b,452,0.004483144282571239,17.964134845882654,True,8,0.004483144282571239,0.05,0.05,0.14796795276924968,10940,10441,0.023898601999917446,32.440293931999804,True,False
config_b,453,-0.7791396398429952,11.206425238028169,True,23,0.009323638242305643,0.05,0.05,0.15542895881378133,10963,10464,0.06883886399964467,32.509129410999776,True,False
config_b,454,0.6426617149119274,12.801756609638687,True,21,0.004842267454991389,0.05,0.05,0.12814605342490332,10984,10485,0.06286030799992659,32.571989809000115,True,False
config_b,455,-0.5404123468860332,14.06801641266793,True,19,0.0061071876296378,0.05,0.05,0.14059918158148466,11003,10504,0.05695648299979439,32.62894680299996,True,False
config_b,456,-0.2857567383756692,16.4627238443587,True,15,0.011945806937438908,0.05,0.05,0.14182230805357296,11018,10519,0.044757741000012174,32.67370823900001,True,False
config_b,457,-0.479436870732852,14.35365647226572,True,19,0.0029223553850684647,0.05,0.05,0.1428204278804754,11037,10538,0.056710045999807335,32.730385888,True,False
config_b,458,0.6805079052892213,11.967406471492723,True,22,0.004751462178849142,0.05,0.05,0.11461163591593504,11059,10560,0.06597037500023362,32.79638316399996,True,False
config_b,459,-0.30588726840614433,16.30904698180966,True,15,0.009692742331659954,0.05,0.05,0.15689622163772582,11074,10575,0.04480669399981707,32.84120003299995,True,False
config_b,460,0.19942507728586345,17.003832896833774,True,13,0.007431492752332403,0.05,0.05,0.14701706572220877,11087,10588,0.03897725900014848,32.880181068000184,True,False
config_b,461,0.06433316809261547,17.798333002300932,True,10,0.006170391632473682,0.05,0.05,0.11701261531561613,11097,10598,0.02997799800004941,32.910161489000075,True,False
config_b,462,0.0651577870836606,17.753598697634878,True,10,8.007680007006412e-05,0.05,0.05,0.13701210245490075,11107,10608,0.030170863999956055,32.940331201999925,True,False
config_b,463,-0.48277135572758034,14.768841693026479,True,18,0.0012345899343341182,0.05,0.05,0.14001369000309044,11125,10626,0.05408423800008677,32.99437389900004,True,False
config_b,464,0.05738265325210856,17.751746533997355,True,9,0.012818631877929795,0.05,0.05,0.15073969215154648,11134,10635,0.027253972999915277,33.021663515,True,False
config_b,465,0.2607145603625156,16.71228187044617,True,14,0.0029087135706451495,0.05,0.05,0.11975825484842062,11148,10649,0.04237487299997156,33.064051138000195,True,False
config_b,466,0.7060023493179612,12.221824105636914,True,21,0.00789532197435705,0.05,0.05,0.1225927101359481,11169,10670,0.06291914599978554,33.12696764900011,True,False
config_b,467,-0.4006397768649496,15.177808063663543,True,18,0.0031398402155208283,0.05,0.05,0.15399344058500397,11187,10688,0.053758675000153744,33.18073069100001,True,False
config_b,468,-0.5759478170022123,12.048137966622017,True,23,0.0013207564986269515,0.05,0.05,0.13302529222615386,11210,10711,0.06876248100024895,33.24949306100007,True,False
config_b,469,-0.4970415189568746,14.758800977468491,True,18,0.0032934754833738866,0.05,0.05,0.13434669934213161,11228,10729,0.05404563100000814,33.30354029499995,True,False
config_b,470,-0.7312741141015953,11.63850527429022,True,22,0.0033773404994759115,0.05,0.05,0.15442425004121932,11250,10751,0.06641697899976862,33.36995546099979,True,False
config_b,471,0.723415913188378,11.794094644417054,True,23,0.001427404337786542,0.05,0.05,0.14221031931431397,11273,10774,0.06872444400005406,33.43868079699996,True,False
config_b,472,0.3370195150729294,16.017907735146583,True,16,0.004422505366506457,0.05,0.05,0.15673907822929323,11289,10790,0.04802618400026404,33.486714311000014,True,False
config_b,473,0.0321187784550071,17.79749876828864,True,8,0.010761617799140526,0.05,0.05,0.14873075019568205,11297,10798,0.023880425000243122,33.51059609799995,True,False
config_b,474,-0.5311015934277613,14.03603272800101,True,19,0.002376229928206741,0.05,0.05,0.1300971508026123,11316,10817,0.05691806599998017,33.56751275199986,True,False
config_b,475,0.6773006649419926,12.297514815256,True,21,0.0009285895041577508,0.05,0.05,0.13004292299350104,11337,10838,0.06269689499958986,33.63020904699988,True,False
config_b,476,0.09727484560987809,17.443427491467446,True,11,0.007636594917983117,0.05,0.05,0.15685216811570254,11348,10849,0.03311222100001032,33.664325749,True,False
config_b,477,0.2418612826635751,16.68325007520616,True,14,0.013225453466162662,0.05,0.05,0.14336604944297246,11362,10863,0.04208535399993707,33.70637330699992,True,False
config_b,478,-0.2602984625456747,16.609835407068022,True,15,0.0014824805982743827,0.05,0.05,0.1283593513071537,11377,10878,0.044795977999910974,33.75120809300006,True,False
config_b,479,0.15917100279739294,17.278575147176163,True,12,0.0018683618662266588,0.05,0.05,0.15456144325435162,11389,10890,0.03608462500005771,33.78729030400018,True,False
config_b,480,-0.6373985588211485,12.091408323054202,True,22,0.0020402528669655196,0.05,0.05,0.1311669224365191,11411,10912,0.06607385899997098,33.85336237000001,True,False
config_b,481,-0.05872383180927376,17.752398358285426,True,9,0.011453490045253825,0.05,0.05,0.1325165383103821,11420,10921,0.0270823279997785,33.88044542999978,True,False
config_b,482,-0.30349352713938543,17.860848176735452,True,21,0.009412677725486207,0.05,0.05,0.17859907980476106,11441,10942,0.06290462400011165,33.9433541100002,True,False
config_b,483,-0.05733952759552241,17.58254202734679,True,9,0.008546762886168818,0.05,0.05,0.11108100248707665,11450,10951,0.027308624999932363,33.97066311500021,True,False
config_b,484,-0.3462613626366402,15.776734549412504,True,17,0.008431580259748717,0.05,0.05,0.1427513858412995,11467,10968,0.05070205599986366,34.021368576999976,True,False
config_b,485,-0.5558933625335778,14.048505744035356,True,19,0.001751931929313666,0.05,0.05,0.1676054240057343,11486,10987,0.05737717799956954,34.07874919000005,True,False
config_b,486,-0.5017518785253219,14.155050050863064,True,19,0.006889718159117431,0.05,0.05,0.15868093328256355,11505,11006,0.05674091299988504,34.13548888000014,True,False
config_b,487,-0.6024729552029,12.139334095094819,True,22,0.010371321938738687,0.05,0.05,0.13528132252395153,11527,11028,0.06572541200011983,34.201215022999804,True,False
config_b,488,-0.15820358187171946,17.34065257022157,True,12,0.004555826569497351,0.05,0.05,0.10662175264830391,11539,11040,0.03599108599973988,34.23721216800004,True,False
config_b,489,0.5395671519175396,14.281803522538393,True,19,0.015439821436085688,0.05,0.05,0.14916027494167028,11558,11059,0.05665785000019241,34.29386065300014,True,False
config_b,490,0.4350456432763228,14.640705895377323,True,18,0.018483135068693923,0.05,0.05,0.16864194348454475,11576,11077,0.05378199999995559,34.34765230699986,True,False
config_b,491,0.7935819465070728,10.18944695451064,True,25,0.009748494312348699,0.05,0.05,0.15910922132432462,11601,11102,0.07474865799986219,34.42236666500003,True,False
config_b,492,-0.588953522385671,15.511662512226032,True,24,0.01427336172258098,0.05,0.05,0.1521810246631503,11625,11126,0.07201057300017055,34.4943766880001,True,False
config_b,493,-0.052894837323639754,17.599418846482877,True,9,0.029833028085943854,0.05,0.05,0.1197209254735046,11634,11135,0.026932056000077864,34.52134807199991,True,False
config_b,494,0.47565431900970156,13.07823163885623,True,22,0.035663539299419844,0.05,0.05,0.1351675105873834,11656,11157,0.0656982710002012,34.58704487100022,True,False
config_b,495,0.5540498875567081,14.23537135433289,True,29,0.015011523847016983,0.05,0.05,0.11480468277145049,11685,11186,0.08670826500019757,34.67375118300015,True,False
config_b,496,0.40985107556419265,15.383829212398268,True,17,0.0031825293335666083,0.05,0.05,0.1421446738874211,11702,11203,0.05105279800000062,34.724811001000035,True,False
config_b,497,-0.7635883126453997,11.314305913765565,True,23,0.000766610237392773,0.05,0.05,0.13259313061185504,11725,11226,0.06921250899995357,34.79402426099978,True,False
config_b,498,-0.6346829602308498,12.90791038328316,True,21,0.0011168228886550002,0.05,0.05,0.1459945450936045,11746,11247,0.06317661799994312,34.857201540000005,True,False
config_b,499,-0.35152043251405196,15.785504940897226,True,16,0.02361878467738776,0.05,0.05,0.17144805565476418,11762,11263,0.048014166000029945,34.90521820999993,True,False
config_b,500,-0.208713254347351,16.931250376743264,True,13,0.015132123124201063,0.05,0.05,0.18393701658799097,11775,11276,0.0390504979995967,34.9442692990001,True,False
config_b,501,0.10177536943625809,17.631048673711483,True,11,0.0003179422506538604,0.05,0.05,0.14342410693114455,11786,11287,0.03330034100008561,34.97852147200001,True,False
config_b,502,-0.6531478457711037,12.67674476681277,True,21,0.002146012253163909,0.05,0.05,0.13279056983689466,11807,11308,0.0632126820000849,35.041732841999874,True,False
config_b,503,0.3487860378138523,15.904423264437355,True,16,0.008204704828102705,0.05,0.05,0.17836459446698427,11823,11324,0.048229625999738346,35.089968837000015,True,False
config_b,504,0.29561142899135207,16.059853033954276,True,17,0.009067371046905748,0.05,0.05,0.14222625949803522,11840,11341,0.05065075999982582,35.140618206,True,False
config_b,505,-0.3748211419024456,15.882645747438072,True,17,0.009807173680606518,0.05,0.05,0.15544366770807436,11857,11358,0.050995701999909215,35.19161501999997,True,False
config_b,506,-0.7384740211898191,10.99145981669426,True,24,0.00651971077900948,0.05,0.05,0.1557420608587563,11881,11382,0.0724185789999865,35.26403219699978,True,False
config_b,507,-0.5898429364566463,13.524754733266308,True,20,0.0034448385379374225,0.05,0.05,0.11770463269203901,11901,11402,0.06002334599997994,35.32405571399977,True,False
config_b,508,-0.7053424384616035,11.194809634494595,True,23,0.0021477111342308453,0.05,0.05,0.13913572875215954,11924,11425,0.0691853479997917,35.39324348599985,True,False
config_b,509,0.11079570456514409,17.542181820981206,True,11,0.0043741947850363255,0.05,0.05,0.12612826004624367,11935,11436,0.03299285399998553,35.42624321999983,True,False
config_b,510,0.04824258547396809,17.56658146046102,True,9,0.013593214700606572,0.05,0.05,0.13297324751814207,11944,11445,0.02688397400015674,35.45313105000014,True,False
config_b,511,-0.34570607852057056,16.13188041918911,True,16,0.007876296143679073,0.05,0.05,0.13371129147708416,11960,11461,0.048049038000044675,35.501177624999855,True,False
config_b,512,0.7715527166031175,11.33831719015725,True,22,0.011281059739697952,0.05,0.05,0.1299992875958031,11982,11483,0.06604213199989317,35.567216973000086,True,False
config_b,513,0.7497373108220267,11.689588674157857,True,22,0.009779309132607605,0.05,0.05,0.13299736770039255,12004,11505,0.06622838800012687,35.633447054000044,True,False
config_b,514,-0.3808298769907964,15.819605188199784,True,17,0.0071668278000601715,0.05,0.05,0.12036394393619369,12021,11522,0.051295317000040086,35.68474494500015,True,False
config_b,515,0.6755912914921376,17.17950793672353,True,27,0.02021746574690808,0.05,0.05,0.14758691695277337,12048,11549,0.08119404800027041,35.76594024499991,True,False
config_b,516,0.7617327489004637,11.482880426896736,True,22,0.008494891730054577,0.05,0.05,0.1581992439248345,12070,11571,0.06621840299976611,35.832161843999984,True,False
config_b,517,0.3044892367631493,15.715039623435587,True,17,0.020945670554017026,0.05,0.05,0.15021778643131256,12087,11588,0.0509693439998955,35.88313109699993,True,False
config_b,518,0.5696897931678,13.651584429107606,True,19,0.01108617582509075,0.05,0.05,0.14673390690433352,12106,11607,0.060132227999929455,35.94326255399983,True,False
config_b,519,-0.5418290192173882,14.138865194423124,True,19,0.0075342568013457845,0.05,0.05,0.13054643796854898,12125,11626,0.05892190100030348,36.00218763900011,True,False
config_b,520,-0.4089204345082319,15.526969399861992,True,17,0.005625778003153725,0.05,0.05,0.1387732611859546,12142,11643,0.05239240599985351,36.05458014599981,True,False
config_b,521,-0.3304967663869336,15.968997578183188,True,16,0.006104002409336451,0.05,0.05,0.15141737507656217,12158,11659,0.048749396999937744,36.103334851,True,False
config_b,522,-0.7108372050432439,12.038310246448964,True,22,0.03937243461049755,0.05,0.05,0.15259451825510373,12180,11681,0.06763734000014665,36.17097014899991,True,False
config_b,523,-0.4394330785188684,15.150954892282607,True,18,0.011350829174925858,0.05,0.05,0.12451787272261249,12198,11699,0.05420571900003779,36.22517951300006,True,False
config_b,524,-0.4785529050868288,14.907938500680029,True,18,0.006401108768097463,0.05,0.05,0.12404729663911793,12216,11717,0.05371547100003227,36.27890008099985,True,False
config_b,525,-0.14886668027011185,17.124299370031803,True,12,0.02755101308557595,0.05,0.05,0.13928244883815447,12228,11729,0.03603034299976571,36.314930455000194,True,False
config_b,526,0.07332079156217597,17.77371353333292,True,10,0.004468917911436512,0.05,0.05,0.17138525107875466,12238,11739,0.03011112600006527,36.34600170600015,True,False
config_b,527,0.3491283185357923,15.895357240922749,True,16,0.025024150426194658,0.05,0.05,0.14428190095350146,12254,11755,0.04788860899998326,36.39388735200009,True,False
config_b,528,-0.19711619363622945,17.097020715335383,True,14,0.009997335049121842,0.05,0.05,0.17430430331400462,12268,11769,0.04202214999986609,36.435913206999885,True,False
config_b,529,-0.04915322193826965,17.707512682210655,True,9,0.020552457682207644,0.05,0.05,0.1535859370811118,12277,11778,0.027166994999788585,36.4630830860001,True,False
config_b,530,-0.5802224588156508,13.15576324542053,True,21,0.03006998557623075,0.05,0.05,0.12668778543316184,12298,11799,0.06283370900018781,36.525914650999766,True,False
config_b,531,0.3619837002242112,15.607736206194385,True,17,0.0036176690828181313,0.05,0.05,0.14216023946509643,12315,11816,0.05088528899977973,36.57679985000004,True,False
config_b,532,0.794349513394496,11.089822070603258,True,23,0.012734253639405946,0.05,0.05,0.1629836124408504,12338,11839,0.06929680399980498,36.646097044999806,True,False
config_b,533,-0.4752870148556088,14.89846721580252,True,18,0.016499812064679875,0.05,0.05,0.13482713171591362,12356,11857,0.053913354000087566,36.70001582799978,True,False
config_b,534,0.6092527092760114,12.232590390485711,True,22,0.03679853550766199,0.05,0.05,0.1289149665866386,12378,11879,0.0657016370000747,36.76571652299981,True,False
config_b,535,-0.7406600595085229,11.57980968337506,True,22,0.017009359013118397,0.05,0.05,0.14626023605127225,12400,11901,0.06630599399977655,36.83202421899978,True,False
config_b,536,0.7090472403503723,12.184993125870824,True,21,0.0028670501478643695,0.05,0.05,0.1555651571779024,12421,11922,0.06310183699997651,36.89512398299985,True,False
config_b,537,-0.15821890308672582,17.13324212655425,True,12,0.02565301752216978,0.05,0.05,0.17406828934326768,12433,11934,0.035851327999807836,36.930980008000006,True,False
config_b,538,-0.1514054795869152,17.233728005271406,True,12,0.020287825700515322,0.05,0.05,0.1948539869238933,12445,11946,0.03598690999979226,36.9669668370002,True,False
config_b,539,0.1394013540410416,17.284109489712865,True,12,0.02531381702900873,0.05,0.05,0.1524048630769054,12457,11958,0.03587222900023335,37.00284462499985,True,False
config_b,540,0.6644643064223141,12.010215311801584,True,22,0.004331325395889873,0.05,0.05,0.15059417714788156,12479,11980,0.06660148299988577,37.06944419399997,True,False
config_b,541,0.657467159491361,12.718437096336856,True,21,0.013994017230837819,0.05,0.05,0.16004131015922343,12500,12001,0.06298532299979342,37.1324309900001,True,False
config_b,542,0.6866202331323352,12.454137391154653,True,21,0.019785893774436625,0.05,0.05,0.1379230445516961,12521,12022,0.06346305300030508,37.195894123000016,True,False
config_b,543,0.23025112884798338,16.726594293536618,True,14,0.0014807147100865947,0.05,0.05,0.13204091707510607,12535,12036,0.04254389500010802,37.23844122199989,True,False
config_b,544,0.38103914044387954,15.749200944695621,True,16,0.009030141348548348,0.05,0.05,0.18263540975749493,12551,12052,0.04772929299997486,37.28617446099997,True,False
config_b,545,-0.6605069105686481,12.707551091047934,True,21,0.0044478239242961015,0.05,0.05,0.16577457867207981,12572,12073,0.06314610199979143,37.34931956199989,True,False
config_b,546,-0.5582431307493748,13.870981910149567,True,19,0.013950344590611619,0.05,0.05,0.13164887763559818,12591,12092,0.05700919099990642,37.40628673099991,True,False
config_b,547,0.2856137255591358,16.512439587624975,True,15,0.017534946322518286,0.05,0.05,0.15753151463965576,12606,12107,0.04506589899983737,37.45138863300008,True,False
config_b,548,-0.32166978799054147,16.189967145584525,True,16,0.01252622774018447,0.05,0.05,0.13760154810734093,12622,12123,0.047968608000246604,37.49936829799981,True,False
config_b,549,0.15003376696392812,17.143708500894718,True,13,0.0016273512919440514,0.05,0.05,0.16873759432480886,12635,12136,0.039069896999990306,37.53843919600013,True,False
config_b,550,-0.4904895269873601,14.543435004376807,True,19,0.006873794929265209,0.05,0.05,0.1383288836008624,12654,12155,0.05708637499992619,37.59552769499987,True,False
config_b,551,0.063254460933298,17.755582098360172,True,9,0.0069468241967403505,0.05,0.05,0.1483874652120802,12663,12164,0.027410645999680128,37.62389571299991,True,False
config_b,552,0.5329176431492664,13.316016689920797,True,21,0.019126698515312013,0.05,0.05,0.15777757550988877,12684,12185,0.0631340850000015,37.68702493000001,True,False
config_b,553,-0.05296836087744494,17.709119000146167,True,9,0.018074960794061144,0.05,0.05,0.1054082005802128,12693,12194,0.027087725999990653,37.714119256999766,True,False
config_b,554,-0.269375510187429,16.461702338582835,True,14,0.010480973765272905,0.05,0.05,0.1271639907998698,12707,12208,0.042236488000071404,37.756354502999784,True,False
config_b,555,-0.23331894148325394,16.730755939992378,True,14,0.010968011933570943,0.05,0.05,0.13101697380521468,12721,12222,0.041793670000060956,37.79815039699997,True,False
config_b,556,-0.1144880112483424,17.54334427844733,True,11,0.013347043682471124,0.05,0.05,0.18315476382320578,12732,12233,0.03315750899992054,37.83130866700003,True,False
config_b,557,0.05264456611297297,17.685625000484286,True,9,0.025087435446953937,0.05,0.05,0.13837891237603295,12741,12242,0.027092373999948904,37.8583712059999,True,False
config_b,558,0.08069600483287953,17.652880729781465,True,10,0.005436978918954102,0.05,0.05,0.1405126491561532,12751,12252,0.030247608000081527,37.8886521139998,True,False
config_b,559,-0.10773396688352166,17.29298789773602,True,11,0.020587264896791677,0.05,0.05,0.1680760414085605,12762,12263,0.03325631500001691,37.921908950000216,True,False
config_b,560,0.7728144105100079,10.588683881610631,True,24,0.019159015270048152,0.05,0.05,0.15534805079611638,12786,12287,0.07191220699996848,37.99381774199992,True,False
config_b,561,-0.31234286682239265,16.254969144659118,True,15,0.01059228676125995,0.05,0.05,0.1523623405645291,12801,12302,0.045096043000285135,38.03892165800016,True,False
config_b,562,0.07225705777374036,17.643961660237984,True,10,0.01613923738329877,0.05,0.05,0.18862705752253534,12811,12312,0.030575334999866755,38.069497232999765,True,False
config_b,563,0.13456155354471055,17.482771655125543,True,12,0.015515402235349196,0.05,0.05,0.16091985162347555,12823,12324,0.035966909999842755,38.10546732700004,True,False
config_b,564,-0.0016672854333983356,17.986661716364324,True,8,0.0016672854333983356,0.05,0.05,0.1403474798426032,12831,12332,0.023708518999683292,38.129180603999885,True,False
config_b,565,-0.27191191003974446,16.367443032277514,True,14,0.011003575679117361,0.05,0.05,0.184406810307077,12845,12346,0.04186135099962485,38.171037078000154,True,False
config_b,566,0.7373924002695504,11.757211411849129,True,22,0.009070727044406701,0.05,0.05,0.15233850047330966,12867,12368,0.06598022000025594,38.23701695799991,True,False
config_b,567,-0.792578718725499,10.679694703919813,True,22,0.010425405754598827,0.05,0.05,0.16322437656874006,12889,12390,0.06628971999998612,38.303308861000005,True,False
config_b,568,0.4806698700928931,14.532171337679028,True,19,0.02704088597139881,0.05,0.05,0.1858792179509213,12908,12409,0.05698842000037985,38.360298693000004,True,False
config_b,569,0.14262858429613912,17.379669760260732,True,12,0.005557267231426577,0.05,0.05,0.16950805267939964,12920,12421,0.03607422899995072,38.39637523500005,True,False
config_b,570,-0.5589727379162371,14.046565102692693,True,19,0.007625221930440018,0.05,0.05,0.19057941025024966,12939,12440,0.056883104000007734,38.45325790800007,True,False
config_b,571,-0.4993939728042621,14.716456779371947,True,18,0.005645929330761412,0.05,0.05,0.16241050904823673,12957,12458,0.05426769100040474,38.507525879999775,True,False
config_b,572,-0.17885982763879493,16.987978315656072,True,13,0.006673292383316265,0.05,0.05,0.17316637818629926,12970,12471,0.039272587999676034,38.546801350999885,True,False
config_b,573,-0.7224221885153439,10.300922859855927,True,24,0.001176712710140082,0.05,0.05,0.19461765605956316,12994,12495,0.07232409900007042,38.61912519999987,True,False
config_b,574,-0.16890557872620227,17.16010992730735,True,13,0.01632743892895236,0.05,0.05,0.1431620831672962,13007,12508,0.03944657600004575,38.6585733779998,True,False
config_b,575,-0.11459924736405114,17.46419701790437,True,11,0.004884253731123389,0.05,0.05,0.14583514359864322,13018,12519,0.03319609600021067,38.69177555299984,True,False
config_b,576,-0.5129243832983239,14.238718069833702,True,19,0.014850715433587902,0.05,0.05,0.1510127888698327,13037,12538,0.05734232599979805,38.750060047999796,True,False
config_b,577,0.46233632459473606,20.35648385202512,True,27,0.0004717955711308064,0.05,0.05,0.14696573714415231,13064,12565,0.08094932499989227,38.83100849099992,True,False
config_b,578,-0.48051458173327416,14.517495603498535,True,18,0.009357315745107064,0.05,0.05,0.13070992504556975,13082,12583,0.053987244999916584,38.88499957100021,True,False
config_b,579,0.5478708477362313,13.065804963721893,True,21,0.016366150650765743,0.05,0.05,0.14536489830130622,13103,12604,0.06334551899999497,38.94834548000017,True,False
config_b,580,-0.28161389388330993,16.507636840827765,True,15,0.0072334864598070925,0.05,0.05,0.13869243928541738,13118,12619,0.04502877400000216,38.99337768899977,True,False
config_b,581,0.2919064892558385,16.44381990809925,True,15,0.005040811814232216,0.05,0.05,0.1810332770148913,13133,12634,0.04537464699978955,39.03875407899977,True,False
config_b,582,0.7622027707244823,11.391640720842405,True,22,0.003167071148034273,0.05,0.05,0.12541602890599857,13155,12656,0.06723041600025681,39.105981249999786,True,False
config_b,583,-0.5642949942270228,13.521272498066537,True,20,0.000542187689243856,0.05,0.05,0.17044158782809973,13175,12676,0.0597978509999848,39.165780683999856,True,False
config_b,584,-0.43195552704278345,14.46571449690964,True,19,0.0007606919621018782,0.05,0.05,0.1603538587101196,13194,12695,0.0566288859999986,39.22237643100016,True,False
config_b,585,-0.4394476739289468,20.589976389735238,True,26,0.0021262035249133837,0.05,0.05,0.1463173728866073,13220,12721,0.07793975599997793,39.300353662999896,True,False
config_b,586,0.12672358276255424,17.50438736756332,True,12,0.018835462520978813,0.05,0.05,0.13035119379249713,13232,12733,0.0360652360000131,39.33641246900015,True,False
config_b,587,0.42568187995776663,15.163558366335927,True,17,0.001033021888571295,0.05,0.05,0.13960860384737744,13249,12750,0.05135750999988886,39.38777978400003,True,False
config_b,588,-0.6797597174464549,12.181539809552486,True,22,0.01758264931448772,0.05,0.05,0.154444423165511,13271,12772,0.06638115500027197,39.45415992800008,True,False
config_b,589,-0.22326160921216365,17.027676161687122,True,14,0.006553639940108907,0.05,0.05,0.20261702580111368,13285,12786,0.04197862500041083,39.49614045599992,True,False
config_b,590,-0.28429075155341577,16.34363823638996,True,15,0.01729816876147694,0.05,0.05,0.18202598206698895,13300,12801,0.04481982399966,39.5409679710001,True,False
config_b,591,0.6751870266464062,12.295849551749415,True,22,0.013475908423880467,0.05,0.05,0.1470110065049746,13322,12823,0.06597144699981072,39.60693630300011,True,False
config_b,592,0.0361058416777833,17.832085417746566,True,8,0.020822210707650238,0.05,0.05,0.16221179626882076,13330,12831,0.024095564000162994,39.631040329999905,True,False
config_b,593,0.10523315181557236,17.3842985780444,True,13,0.01995722784530901,0.05,0.05,0.19403252005577087,13343,12844,0.03894002400011232,39.669973243000186,True,False
config_b,594,0.47391785589907753,14.548377920081837,True,18,0.02157611923413022,0.05,0.05,0.16343516918520132,13361,12862,0.053918833000352606,39.72389612200004,True,False
config_b,595,0.17575621394639573,17.09635951934615,True,13,0.007917420866059566,0.05,0.05,0.1669943739588444,13374,12875,0.03908953500013013,39.76297918799992,True,False
config_b,596,0.6419294686975396,12.927836147788913,True,20,0.025467585825377337,0.05,0.05,0.16756923124194145,13394,12895,0.05981623800016678,39.82280433999995,True,False
config_b,597,-0.009909593930800709,17.920723251998425,True,8,0.009909593930800709,0.05,0.05,0.12149330135434866,13402,12903,0.023825874000067415,39.84663322899996,True,False
config_b,598,-0.7741406376609024,9.469976711692288,True,24,0.004674651191781232,0.05,0.05,0.13228357606567442,13426,12927,0.07160167700021702,39.91823444400006,True,False
config_b,599,-0.1792319584737475,17.219815793074666,True,13,0.008543319690003714,0.05,0.05,0.12835591630293772,13439,12940,0.038995366000108334,39.95723295500011,True,False
config_b,600,-0.3342542065381249,16.0250441463897,True,15,0.0019496300713973125,0.05,0.05,0.1893698920806249,13454,12955,0.044785873999899195,40.00202037000008,True,False
