optimization_step,episode,loss
1,4,0.1791449636220932
2,4,0.1706458330154419
3,4,0.11172395199537277
4,4,0.12439732998609543
5,4,0.12225335836410522
6,4,0.11109264194965363
7,4,0.09168514609336853
8,4,0.08640788495540619
9,4,0.07239077240228653
10,4,0.055367361754179
11,4,0.06270712614059448
12,4,0.04887932538986206
13,4,0.04500313848257065
14,4,0.049478817731142044
15,4,0.044235777109861374
16,4,0.039881471544504166
17,4,0.052542369812726974
18,4,0.05239347368478775
19,4,0.06694385409355164
20,4,0.02960534766316414
21,4,0.026943963021039963
22,4,0.03975902125239372
23,4,0.02893650159239769
24,4,0.020635047927498817
25,4,0.023541681468486786
26,4,0.020297091454267502
27,4,0.022385194897651672
28,4,0.024560347199440002
29,4,0.013856176286935806
30,4,0.03175602853298187
31,4,0.02907681278884411
32,4,0.014904353767633438
33,4,0.013188224285840988
34,4,0.03508179634809494
35,4,0.03876559063792229
36,4,0.03319375216960907
37,4,0.025921665132045746
38,4,0.012546750716865063
39,4,0.02120509371161461
40,4,0.023327399045228958
41,4,0.020401334390044212
42,4,0.020400909706950188
43,4,0.009051486849784851
44,4,0.006564538460224867
45,4,0.006297411397099495
46,4,0.016882671043276787
47,4,0.014521908946335316
48,4,0.006772629451006651
49,4,0.01578959822654724
50,4,0.015563937835395336
51,4,0.004329173360019922
52,4,0.0342743918299675
53,4,0.013737390749156475
54,4,0.004887955263257027
55,4,0.0026099281385540962
56,4,0.0028746058233082294
57,4,0.013599947094917297
58,4,0.0030187503434717655
59,4,0.013306966982781887
60,4,0.011398437432944775
61,4,0.004021422937512398
62,4,0.0018997832667082548
63,4,0.012729443609714508
64,4,0.001435469719581306
65,4,0.011480350978672504
66,4,0.002982203382998705
67,4,0.0011081502307206392
68,4,0.001970623852685094
69,4,0.0019731491338461637
70,4,0.011235457845032215
71,4,0.0010617519728839397
72,4,0.010861431248486042
73,4,0.001803777413442731
74,4,0.0008580379653722048
75,4,0.0016720556886866689
76,4,0.0018112558173015714
77,4,0.001448505325242877
78,4,0.0012819106923416257
79,4,0.0011881381506100297
80,4,0.0013448838144540787
81,4,0.010420811362564564
82,4,0.009933648630976677
83,4,0.0013840676983818412
84,4,0.0013061611680313945
85,4,0.009400028735399246
86,4,0.0011160693829879165
87,4,0.0017204490723088384
88,4,0.0010798638686537743
89,4,0.009301596321165562
90,4,0.009601864963769913
91,4,0.009773600846529007
92,4,0.009494154714047909
93,4,0.0009268547291867435
94,4,0.009863398037850857
95,4,0.0011242831824347377
96,4,0.01757998950779438
97,4,0.0012762527912855148
98,4,0.0013481085188686848
99,4,0.00966614205390215
100,4,0.0010734866373240948
101,4,0.0006922920001670718
102,5,0.008765636011958122
103,5,0.001242058933712542
104,5,0.008480940945446491
105,5,0.0008526984602212906
106,5,0.0010581017704680562
107,5,0.0008758656913414598
108,5,0.0008351019350811839
109,5,0.009026301093399525
110,5,0.01717107743024826
111,5,0.0096341073513031
112,5,0.0008946808520704508
113,5,0.0008733778959140182
114,5,0.008488005958497524
115,5,0.0009076447458937764
116,5,0.001051279716193676
117,5,0.00949531327933073
118,5,0.008965212851762772
119,5,0.0008548002224415541
120,5,0.0008129450143314898
121,5,0.0010448313551023602
122,5,0.00785364955663681
123,5,0.015912078320980072
124,5,0.0010585265699774027
125,5,0.0010929377749562263
126,5,0.0009514791890978813
127,5,0.015944525599479675
128,5,0.008536770939826965
129,5,0.0005484422435984015
130,5,0.0006032862584106624
131,5,0.008647591806948185
132,5,0.0007854908471927047
133,5,0.00049923564074561
134,5,0.008007741533219814
135,5,0.001058924593962729
136,5,0.0006127421511337161
137,5,0.007958942092955112
138,5,0.007606263272464275
139,5,0.008419500663876534
140,5,0.0006134538562037051
141,5,0.0007181408582255244
142,5,0.0004626570444088429
143,5,0.0006961443577893078
144,5,0.00845953170210123
145,5,0.008396360091865063
146,5,0.0008546302560716867
147,5,0.0009664242388680577
148,5,0.008229600265622139
149,5,0.0009221238433383405
150,5,0.0006218873313628137
151,5,0.0006794233340770006
152,5,0.0006730493041686714
153,5,0.0005722156492993236
154,5,0.007906986400485039
155,5,0.00797613337635994
156,5,0.007713374216109514
157,5,0.007803712971508503
158,5,0.0005391284939832985
159,5,0.0006709669250994921
160,5,0.007978464476764202
161,5,0.0006920305313542485
162,5,0.0004529226862359792
163,5,0.0008427340653724968
164,5,0.00771162798628211
165,5,0.0007313013775274158
166,5,0.0006358186947181821
167,5,0.0081108920276165
168,5,0.0006198218325152993
169,5,0.0006389760528691113
170,5,0.007652259431779385
171,5,0.007584831677377224
172,5,0.000527470197994262
173,5,0.0006923438631929457
174,5,0.014485860243439674
175,5,0.0007103014504536986
176,5,0.0005015145288780332
177,5,0.007363986223936081
178,5,0.0004996659699827433
179,5,0.00066929537570104
180,5,0.0006187374820001423
181,5,0.0004847990348935127
182,5,0.0005323665682226419
183,5,0.0006642009830102324
184,5,0.0006307691801339388
185,5,0.0007643214776180685
186,5,0.0004069428250659257
187,5,0.00047748631914146245
188,5,0.0005153142265044153
189,5,0.0004199218819849193
190,5,0.007437622174620628
191,5,0.000476885586977005
192,5,0.007492169737815857
193,5,0.0004175456124357879
194,5,0.0003494693082757294
195,5,0.00046214828034862876
196,5,0.0005380613729357719
197,5,0.00040010278462432325
198,5,0.0003326984588056803
199,5,0.0004198836977593601
200,5,0.0005009897286072373
201,5,0.00025877184816636145
202,5,0.0006083349580876529
203,5,0.00039865722646936774
204,5,0.007609717547893524
205,5,0.0005046727601438761
206,5,0.00029691035160794854
207,5,0.0004752819368150085
208,5,0.0003421645669732243
209,5,0.000326353358104825
210,5,0.0005564863095059991
211,5,0.0002858229272533208
212,5,0.00036496392567642033
213,5,0.00030726799741387367
214,5,0.007726170122623444
215,5,0.015063213184475899
216,5,0.0003208909183740616
217,5,0.0003880398580804467
218,5,0.0002733380242716521
219,5,0.0074414415284991264
220,5,0.0002573850506450981
221,5,0.00704290671274066
222,5,0.014887433499097824
223,5,0.0005439701490104198
224,5,0.00046697078505530953
225,5,0.0004114724288228899
226,5,0.0002953294606413692
227,5,0.0003452625242061913
228,5,0.0003145095251966268
229,5,0.00047969853039830923
230,5,0.000632158131338656
231,5,0.00022169122530613095
232,5,0.00039460297557525337
233,5,0.0003020906005986035
234,5,0.00025851058308035135
235,5,0.00039578654104843736
236,5,0.0070881606079638
237,5,0.0002496730303391814
238,5,0.00041098566725850105
239,5,0.00716564292088151
240,5,0.00040902747423388064
241,5,0.00033880933187901974
242,5,0.00040793875814415514
243,5,0.00038692340604029596
244,5,0.0070058004930615425
245,5,0.007230023853480816
246,5,0.007147542200982571
247,5,0.0002070111222565174
248,5,0.00037758713006041944
249,5,0.007183318492025137
250,5,0.0004692717338912189
251,5,0.23077677190303802
252,6,0.2504991590976715
253,6,0.1786242127418518
254,6,0.10050609707832336
255,6,0.07660174369812012
256,6,0.030639594420790672
257,6,0.014883339405059814
258,6,0.0340595617890358
259,6,0.048840928822755814
260,6,0.0617884024977684
261,6,0.06903087347745895
262,6,0.06045595556497574
263,6,0.05267631262540817
264,6,0.039020638912916183
265,6,0.02095380611717701
266,6,0.03209202364087105
267,6,0.021244514733552933
268,6,0.004841069225221872
269,6,0.010044717229902744
270,6,0.020859090611338615
271,6,0.014684870839118958
272,6,0.02098654955625534
273,6,0.016233570873737335
274,6,0.016617758199572563
275,6,0.012609337456524372
276,6,0.01718767173588276
277,6,0.0144879799336195
278,6,0.0036121788434684277
279,6,0.009412546642124653
280,6,0.0010821946198120713
281,6,0.002067763824015856
282,6,0.019368808716535568
283,6,0.0032018295023590326
284,6,0.013028147630393505
285,6,0.0054907663725316525
286,6,0.030797239392995834
287,6,0.004891681019216776
288,6,0.0025003268383443356
289,6,0.002433287212625146
290,6,0.001483892323449254
291,6,0.0012325773714110255
292,6,0.0006991010741330683
293,6,0.0008440978126600385
294,6,0.008265825919806957
295,6,0.001464246422983706
296,6,0.0015647548716515303
297,6,0.0019657728262245655
298,6,0.0015503263566643
299,6,0.009373311884701252
300,6,0.023954208940267563
301,6,0.009375558234751225
302,6,0.0011158607667312026
303,6,0.0009410158963873982
304,6,0.00866890698671341
305,6,0.0006711700698360801
306,6,0.0006131611298769712
307,6,0.0007998063811101019
308,6,0.0008582978625781834
309,6,0.0007890760898590088
310,6,0.0009218701161444187
311,6,0.0008159732678905129
312,6,0.008150934241712093
313,6,0.015517805702984333
314,6,0.00048454420175403357
315,6,0.0005129129276610911
316,6,0.0008568121120333672
317,6,0.000682270503602922
318,6,0.0006957549485377967
319,6,0.0005920508410781622
320,6,0.0006263278191909194
321,6,0.0005113325314596295
322,6,0.014744817279279232
323,6,0.0006403528386726975
324,6,0.0005361817311495543
325,6,0.00042718666372820735
326,6,0.0006074412958696485
327,6,0.00040796358371153474
328,6,0.0006214333698153496
329,6,0.0004963193787261844
330,6,0.00035431780270300806
331,6,0.007297186180949211
332,6,0.0006385893793776631
333,6,0.0005794698954559863
334,6,0.0005071514169685543
335,6,0.00742323836311698
336,6,0.007516862824559212
337,6,0.0002975424868054688
338,6,0.0002741566568147391
339,6,0.00039703742368146777
340,6,0.00039443702553398907
341,6,0.00037906234501861036
342,6,0.007658649701625109
343,6,0.00035314500564709306
344,6,0.00047940717195160687
345,6,0.0003838441916741431
346,6,0.0005172546370886266
347,6,0.0004944246029481292
348,6,0.007327784784138203
349,6,0.0002928746398538351
350,6,0.0005534496158361435
351,6,0.008267289958894253
352,6,0.007367194164544344
353,6,0.0002855429775081575
354,6,0.0003714484628289938
355,6,0.0004933382151648402
356,6,0.0003461257729213685
357,6,0.00035645716707222164
358,6,0.0004342535394243896
359,6,0.00034104366204701364
360,6,0.00039326699334196746
361,6,0.00048666904331184924
362,6,0.00022175257618073374
363,7,0.00032597564859315753
364,7,0.0002515567175578326
365,7,0.0004764656478073448
366,7,0.007296577095985413
367,7,0.009421872906386852
368,7,0.0072559635154902935
369,7,0.0003433139936532825
370,7,0.009460922330617905
371,7,0.16191108524799347
372,7,0.026356017217040062
373,7,0.00035456588375382125
374,7,0.007608570624142885
375,7,0.007779676932841539
376,7,0.007461003493517637
377,7,0.0004164590791333467
378,7,0.007286017294973135
379,7,0.00678116362541914
380,7,0.0002804516989272088
381,7,0.168274387717247
382,7,0.16174134612083435
383,7,0.008234892971813679
384,7,0.00733948452398181
385,7,0.00040088206878863275
386,7,0.0002783777890726924
387,7,0.0002282359346281737
388,7,0.00790706742554903
389,7,0.0004019571060780436
390,7,0.013155646622180939
391,7,0.007159378845244646
392,7,0.013303213752806187
393,7,0.006974928081035614
394,7,0.0005605536280199885
395,7,0.015455338172614574
396,7,0.0003826454048976302
397,7,0.0003280478704255074
398,7,0.007226895075291395
399,7,0.007401284296065569
400,7,0.00759775098413229
401,7,0.0005877666990272701
402,7,0.0007394198910333216
403,7,0.0008576931431889534
404,7,0.007339512929320335
405,7,0.008522089570760727
406,7,0.007695689797401428
407,7,0.0004217429377604276
408,7,0.007733332924544811
409,7,0.03681493550539017
410,7,0.0007174165803007782
411,7,0.014530457556247711
412,7,0.009711910970509052
413,7,0.00828864797949791
414,7,0.0071716997772455215
415,7,0.00867297500371933
416,7,0.19041365385055542
417,7,0.017715852707624435
418,7,0.0149909146130085
419,7,0.02092297002673149
420,7,0.0008317906758747995
421,7,0.006673871539533138
422,7,0.006942408159375191
423,7,0.019416626542806625
424,7,0.01395330112427473
425,7,0.0011070969048887491
426,7,0.016250774264335632
427,7,0.0007185954018495977
428,7,0.0010860058246180415
429,7,0.0015507180942222476
430,7,0.001011794083751738
431,7,0.008033492602407932
432,7,0.016120806336402893
433,7,0.006426469888538122
434,7,0.014603497460484505
435,7,0.006265363655984402
436,7,0.012627878226339817
437,7,0.1669052392244339
438,7,0.007770647760480642
439,7,0.00666034035384655
440,7,0.008317186497151852
441,7,0.006908793468028307
442,7,0.000836274994071573
443,7,0.0009849963244050741
444,7,0.007639631628990173
445,7,0.017041759565472603
446,7,0.007545767817646265
447,7,0.021037042140960693
448,7,0.006858101114630699
449,7,0.0009373866487294436
450,7,0.006817380897700787
451,7,0.006837272085249424
452,7,0.16671407222747803
453,7,0.02644757740199566
454,7,0.006339515093713999
455,7,0.014183572493493557
456,7,0.0011583114974200726
457,7,0.0004949668073095381
458,7,0.013371293433010578
459,7,0.006565524265170097
460,7,0.0076301079243421555
461,7,0.0005981095018796623
462,7,0.02726675383746624
463,7,0.006334106903523207
464,7,0.026266664266586304
465,7,0.006582797039300203
466,7,0.006778725888580084
467,7,0.0009275268530473113
468,7,0.0011469925520941615
469,7,0.006223090458661318
470,7,0.0009739081142470241
471,7,0.0007697991677559912
472,7,0.0003561156627256423
473,7,0.0006646064575761557
474,7,0.00040703467675484717
475,7,0.0009969861712306738
476,7,0.0007293479866348207
477,7,0.00040188038838095963
478,7,0.006820205133408308
479,7,0.013499797321856022
480,7,0.007352861575782299
481,7,0.007310384884476662
482,7,0.018678657710552216
483,7,0.1665809154510498
484,7,0.019016006961464882
485,7,0.015463211573660374
486,7,0.012266360223293304
487,7,0.007683303207159042
488,7,0.0008448554435744882
489,7,0.014608548022806644
490,7,0.0010081864893436432
491,7,0.013370913453400135
492,7,0.0131848668679595
493,7,0.020974377170205116
494,7,0.0191497802734375
495,7,0.0006319488165900111
496,7,0.013013487681746483
497,7,0.0008535017259418964
498,7,0.006697815842926502
499,7,0.0009004042949527502
500,7,0.017797671258449554
501,7,0.18922774493694305
502,7,0.15359503030776978
503,7,0.10611450672149658
504,7,0.06395915895700455
505,7,0.05149130895733833
506,7,0.04524952918291092
507,7,0.025913463905453682
508,7,0.01192518137395382
509,7,0.04250692203640938
510,7,0.036463379859924316
511,7,0.05756460130214691
512,7,0.047211334109306335
513,8,0.04263051971793175
514,8,0.02778250351548195
515,8,0.04394840449094772
516,8,0.012200579978525639
517,8,0.012182172387838364
518,8,0.014748923480510712
519,8,0.022980691865086555
520,8,0.02309655398130417
521,8,0.028782034292817116
522,8,0.0335954986512661
523,8,0.011256291531026363
524,8,0.17832349240779877
525,8,0.01267162710428238
526,8,0.010123319923877716
527,8,0.00926950853317976
528,8,0.002325159963220358
529,8,0.015925457701086998
530,8,0.02279888093471527
531,8,0.016153641045093536
532,8,0.030523378401994705
533,8,0.029418734833598137
534,8,0.00943213701248169
535,8,0.008583629503846169
536,8,0.16193681955337524
537,8,0.008272679522633553
538,8,0.1676304042339325
539,8,0.008073554374277592
540,8,0.0041182925924658775
541,8,0.00814510602504015
542,8,0.0026713034603744745
543,8,0.002280818298459053
544,8,0.007337701041251421
545,8,0.007074461318552494
546,8,0.012376406230032444
547,8,0.0011338263284415007
548,8,0.013901777565479279
549,8,0.007700988091528416
550,8,0.0010172453476116061
551,8,0.01515210047364235
552,8,0.0075815762393176556
553,8,0.009301611222326756
554,8,0.0013392968103289604
555,8,0.006740940269082785
556,8,0.0011009147856384516
557,8,0.0008640080923214555
558,8,0.007280763238668442
559,8,0.007805682253092527
560,8,0.011887660250067711
561,8,0.008678784593939781
562,8,0.00114693702198565
563,8,0.015661584213376045
564,8,0.0006729457527399063
565,8,0.013733046129345894
566,8,0.006668269634246826
567,8,0.007567196618765593
568,8,0.025676671415567398
569,8,0.0058052875101566315
570,8,0.0008880514651536942
571,8,0.0008274587453342974
572,8,0.0006464315229095519
573,8,0.006519699469208717
574,8,0.0007780021405778825
575,8,0.00701157795265317
576,8,0.160395547747612
577,8,0.001176116056740284
578,8,0.0006401473074220121
579,8,0.0005868702428415418
580,8,0.006625246722251177
581,8,0.0008098346297629178
582,8,0.012731408700346947
583,8,0.0007839627796784043
584,8,0.013999780640006065
585,8,0.013655678369104862
586,8,0.006823685951530933
587,8,0.008991480804979801
588,8,0.0005425389972515404
589,8,0.0062363832257688046
590,8,0.0006674737087450922
591,8,0.006477555725723505
592,8,0.008234170265495777
593,8,0.014852304942905903
594,8,0.000335598160745576
595,8,0.006910226307809353
596,8,0.00045389647129923105
597,8,0.0009083140175789595
598,8,0.01320130005478859
599,8,0.15996381640434265
600,8,0.019894469529390335
601,8,0.01228072214871645
602,8,0.0077544706873595715
603,8,0.001482675550505519
604,8,0.000817539228592068
605,8,0.0009325746214017272
606,8,0.008186599239706993
607,8,0.010992632247507572
608,8,0.011751149781048298
609,8,0.17353101074695587
610,8,0.0008458318188786507
611,8,0.007251528091728687
612,8,0.005272414069622755
613,8,0.011695003136992455
614,8,0.0006717244395986199
615,8,0.0009266690467484295
616,8,0.001363338204100728
617,8,0.014592599123716354
618,8,0.011098749004304409
619,8,0.023478509858250618
620,8,0.0062904953956604
621,8,0.013827558606863022
622,8,0.0010370753007009625
623,8,0.16044755280017853
624,8,0.006375337950885296
625,8,0.0052662440575659275
626,8,0.006026128772646189
627,8,0.006525575183331966
628,8,0.01433304138481617
629,8,0.006636856589466333
630,8,0.000692179542966187
631,8,0.006919355597347021
632,8,0.0026695337146520615
633,8,0.00747633446007967
634,8,0.0007444265647791326
635,8,0.0015427637845277786
636,8,0.000979119911789894
637,8,0.0057366471737623215
638,8,0.0007723993621766567
639,8,0.0011304363142699003
640,8,0.012727397494018078
641,8,0.014110809192061424
642,8,0.0007741109002381563
643,8,0.01934955269098282
644,8,0.007335714064538479
645,8,0.006846045143902302
646,8,0.0005869846208952367
647,8,0.007135249674320221
648,8,0.01382798794656992
649,8,0.006590969394892454
650,8,0.0078812837600708
651,8,0.01236120704561472
652,8,0.007166530471295118
653,8,0.0007936821784824133
654,8,0.00625698734074831
655,8,0.0014701095642521977
656,8,0.005897315684705973
657,8,0.007074618246406317
658,8,0.0009829599875956774
659,8,0.0065904296934604645
660,8,0.1604725420475006
661,8,0.010494133457541466
662,8,0.005906553473323584
663,9,0.010672144591808319
664,9,0.0006140050827525556
665,9,0.0014825524995103478
666,9,0.018120428547263145
667,9,0.011583838611841202
668,9,0.0009929088409990072
669,9,0.005443606059998274
670,9,0.006672513671219349
671,9,0.0008091505151242018
672,9,0.006853534374386072
673,9,0.006043910980224609
674,9,0.0008892038022167981
675,9,0.01687883399426937
676,9,0.022467665374279022
677,9,0.01637996733188629
678,9,0.0006560412002727389
679,9,0.0005936807719990611
680,9,0.005043867044150829
681,9,0.006162394769489765
682,9,0.1595650315284729
683,9,0.004761571064591408
684,9,0.16683916747570038
685,9,0.008950118906795979
686,9,0.005703840404748917
687,9,0.007286679930984974
688,9,0.0008125219028443098
689,9,0.018106063827872276
690,9,0.01951375976204872
691,9,0.0011072290362790227
692,9,0.019763145595788956
693,9,0.00911308266222477
694,9,0.012978756800293922
695,9,0.008985585533082485
696,9,0.014789652079343796
697,9,0.0010615065693855286
698,9,0.012034593150019646
699,9,0.0010493564186617732
700,9,0.0007845825748518109
701,9,0.011104155331850052
702,9,0.0010004728101193905
703,9,0.0047857267782092094
704,9,0.006841906346380711
705,9,0.01080336980521679
706,9,0.013387325219810009
707,9,0.0011810156283900142
708,9,0.017502840608358383
709,9,0.014450840651988983
710,9,0.007062525488436222
711,9,0.014644896611571312
712,9,0.011335747316479683
713,9,0.001448131282813847
714,9,0.007078254129737616
715,9,0.001936666201800108
716,9,0.0016519729979336262
717,9,0.001224984647706151
718,9,0.000683995895087719
719,9,0.015725519508123398
720,9,0.01643075793981552
721,9,0.16335716843605042
722,9,0.025792326778173447
723,9,0.003967395983636379
724,9,0.0014498494565486908
725,9,0.009671232663094997
726,9,0.017475495114922523
727,9,0.011913630180060863
728,9,0.013352231122553349
729,9,0.010774417780339718
730,9,0.005828515626490116
731,9,0.020472323521971703
732,9,0.0011917216470465064
733,9,0.000753485132008791
734,9,0.007582810707390308
735,9,0.0005733267171308398
736,9,0.0020023512188345194
737,9,0.0010023214854300022
738,9,0.005104903597384691
739,9,0.02131364308297634
740,9,0.16903772950172424
741,9,0.008959854021668434
742,9,0.022914186120033264
743,9,0.0008898478699848056
744,9,0.013460695743560791
745,9,0.004274685867130756
746,9,0.005632193759083748
747,9,0.0007579180528409779
748,9,0.0007569949375465512
749,9,0.014112511649727821
750,9,0.008542148396372795
751,9,0.15143439173698425
752,9,0.15693356096744537
753,9,0.08316938579082489
754,9,0.04463466256856918
755,9,0.03281446173787117
756,9,0.018300781026482582
757,9,0.04842611774802208
758,9,0.03452069312334061
759,9,0.08782242238521576
760,9,0.10743456333875656
761,9,0.0506625659763813
762,9,0.032678429037332535
763,9,0.020772108808159828
764,9,0.1903064101934433
765,9,0.023815173655748367
766,9,0.023292498663067818
767,9,0.024829786270856857
768,9,0.043793484568595886
769,9,0.026775237172842026
770,9,0.022741375491023064
771,9,0.02753516100347042
772,9,0.17479676008224487
773,9,0.1625387966632843
774,9,0.022285787388682365
775,9,0.02514057606458664
776,9,0.021489791572093964
777,9,0.014832897111773491
778,9,0.032884132117033005
779,9,0.016989579424262047
780,9,0.01604977436363697
781,9,0.01950768381357193
782,9,0.004841393791139126
783,9,0.010022333823144436
784,9,0.028214603662490845
785,9,0.011914616450667381
786,9,0.006625917740166187
787,9,0.02568383514881134
788,9,0.014173910021781921
789,9,0.021760672330856323
790,9,0.012285023927688599
791,9,0.022505559027194977
792,9,0.0028945545200258493
793,9,0.002665808191522956
794,9,0.00462104519829154
795,9,0.010982365347445011
796,9,0.002492316998541355
797,9,0.02600856125354767
798,9,0.0018164910143241286
799,9,0.020868267863988876
800,9,0.15859650075435638
801,9,0.001365141710266471
802,9,0.0077611408196389675
803,9,0.021746143698692322
804,9,0.011832579039037228
805,9,0.0034750481136143208
806,9,0.022982027381658554
807,9,0.013662317767739296
808,9,0.0016137873753905296
809,9,0.005486941430717707
810,9,0.0009565569926053286
811,9,0.015116089954972267
812,9,0.0013409858802333474
813,10,0.0022765796165913343
814,10,0.005044721066951752
815,10,0.013240395113825798
816,10,0.007899033837020397
817,10,0.1639300286769867
818,10,0.011159245856106281
819,10,0.0016401588218286633
820,10,0.001053785439580679
821,10,0.007127794437110424
822,10,0.007401314098387957
823,10,0.001827758620493114
824,10,0.012449206784367561
825,10,0.007536221295595169
826,10,0.016103025525808334
827,10,0.014025229029357433
828,10,0.007161362562328577
829,10,0.0013792819809168577
830,10,0.004314992111176252
831,10,0.018752694129943848
832,10,0.007327376864850521
833,10,0.021283628419041634
834,10,0.0025344155728816986
835,10,0.010956843383610249
836,10,0.0015948005020618439
837,10,0.0013614194467663765
838,10,0.006268776021897793
839,10,0.005007355473935604
840,10,0.007632528431713581
841,10,0.007106264121830463
842,10,0.014531394466757774
843,10,0.0014048859011381865
844,10,0.014440775848925114
845,10,0.012808362953364849
846,10,0.16075730323791504
847,10,0.004059471655637026
848,10,0.012625187635421753
849,10,0.008171845227479935
850,10,0.168566033244133
851,10,0.023913545534014702
852,10,0.007712646387517452
853,10,0.017423255369067192
854,10,0.009181427769362926
855,10,0.002080739475786686
856,10,0.0015697884373366833
857,10,0.013423915021121502
858,10,0.01883532665669918
859,10,0.012772566638886929
860,10,0.15690800547599792
861,10,0.007447477430105209
862,10,0.0013778501888737082
863,10,0.0014364027883857489
864,10,0.16349902749061584
865,10,0.0020567947067320347
866,10,0.010688497684895992
867,10,0.017990663647651672
868,10,0.007935269735753536
869,10,0.00852776039391756
870,10,0.0022489079274237156
871,10,0.008566545322537422
872,10,0.02284935861825943
873,10,0.028712531551718712
874,10,0.006392504088580608
875,10,0.006452965550124645
876,10,0.0037831077352166176
877,10,0.014721633866429329
878,10,0.026706650853157043
879,10,0.006746559403836727
880,10,0.00993156898766756
881,10,0.004357088357210159
882,10,0.006687931250780821
883,10,0.0013617704389616847
884,10,0.0017658224096521735
885,10,0.0017351306742057204
886,10,0.0010754682589322329
887,10,0.17117825150489807
888,10,0.004121860954910517
889,10,0.00543477525934577
890,10,0.007646371144801378
891,10,0.003482020692899823
892,10,0.001138351741246879
893,10,0.004335408564656973
894,10,0.013491181656718254
895,10,0.005570906680077314
896,10,0.006987939588725567
897,10,0.013169828802347183
898,10,0.004298603627830744
899,10,0.013066844083368778
900,10,0.0067603266797959805
901,10,0.0012883050367236137
902,10,0.005992962513118982
903,10,0.007435092702507973
904,10,0.015416148118674755
905,10,0.17228661477565765
906,10,0.008407003246247768
907,10,0.013597068376839161
908,10,0.012443882413208485
909,10,0.004757698625326157
910,10,0.005247908178716898
911,10,0.011496755294501781
912,10,0.006267624907195568
913,10,0.007606662809848785
914,10,0.008882950060069561
915,10,0.001064989366568625
916,10,0.004194214474409819
917,10,0.0021882138680666685
918,10,0.0014728723326697946
919,10,0.004686059430241585
920,10,0.17081698775291443
921,10,0.0021419129334390163
922,10,0.007821429520845413
923,10,0.011545185931026936
924,10,0.021369945257902145
925,10,0.017921248450875282
926,10,0.0013918222393840551
927,10,0.15795767307281494
928,10,0.007249063346534967
929,10,0.0008103676373139024
930,10,0.004152656067162752
931,10,0.014002212323248386
932,10,0.00457683764398098
933,10,0.014695690013468266
934,10,0.0018506684573367238
935,10,0.010537844151258469
936,10,0.0022129681892693043
937,10,0.004888635128736496
938,10,0.010320324450731277
939,10,0.15664352476596832
940,10,0.007240985054522753
941,10,0.001055023749358952
942,10,0.011881034821271896
943,10,0.014573371969163418
944,10,0.0016822302713990211
945,10,0.16690006852149963
946,10,0.007889112457633018
947,10,0.016139648854732513
948,10,0.011996937915682793
949,10,0.02013636752963066
950,10,0.0010734406532719731
951,10,0.008165717124938965
952,10,0.008993369527161121
953,10,0.00862694438546896
954,10,0.009868420660495758
955,10,0.015036781318485737
956,10,0.008474532514810562
957,10,0.0013069737469777465
958,10,0.0019882675260305405
959,10,0.006929940078407526
960,10,0.008936334401369095
961,10,0.16802211105823517
962,10,0.011623721569776535
963,11,0.007762361317873001
964,11,0.004959208890795708
965,11,0.011656258255243301
966,11,0.010097821243107319
967,11,0.0023585099261254072
968,11,0.016167834401130676
969,11,0.006473021116107702
970,11,0.00751682510599494
971,11,0.004831802565604448
972,11,0.007940406911075115
973,11,0.0018721751403063536
974,11,0.013229314237833023
975,11,0.0063189547508955
976,11,0.0025512990541756153
977,11,0.007541955914348364
978,11,0.008471912704408169
979,11,0.00540341529995203
980,11,0.007252291310578585
981,11,0.01934615895152092
982,11,0.008370144292712212
983,11,0.014056570827960968
984,11,0.16692307591438293
985,11,0.001154780969955027
986,11,0.0030432920902967453
987,11,0.011808289214968681
988,11,0.0048903534188866615
989,11,0.015007243491709232
990,11,0.005777114070951939
991,11,0.006397195626050234
992,11,0.009406881406903267
993,11,0.0007434036233462393
994,11,0.007569716311991215
995,11,0.0007923330413177609
996,11,0.013823987916111946
997,11,0.015213437378406525
998,11,0.00573816429823637
999,11,0.009279071353375912
1000,11,0.15670764446258545
1001,11,0.29062941670417786
1002,11,0.11872484534978867
1003,11,0.061949342489242554
1004,11,0.033400338143110275
1005,11,0.0431448295712471
1006,11,0.027500873431563377
1007,11,0.0141065064817667
1008,11,0.05908026918768883
1009,11,0.02424222230911255
1010,11,0.060551099479198456
1011,11,0.044184379279613495
1012,11,0.0362408272922039
1013,11,0.031211452558636665
1014,11,0.007989855483174324
1015,11,0.0036042092833667994
1016,11,0.01590135134756565
1017,11,0.02263783849775791
1018,11,0.026026474311947823
1019,11,0.03162960335612297
1020,11,0.016532352194190025
1021,11,0.012854941189289093
1022,11,0.022198544815182686
1023,11,0.1595640480518341
1024,11,0.012737086042761803
1025,11,0.019603470340371132
1026,11,0.009351075626909733
1027,11,0.007980048656463623
1028,11,0.026383262127637863
1029,11,0.01047578640282154
1030,11,0.01229529082775116
1031,11,0.0078174639493227
1032,11,0.02016986533999443
1033,11,0.007252943702042103
1034,11,0.02192790061235428
1035,11,0.020875418558716774
1036,11,0.009494232013821602
1037,11,0.006143623031675816
1038,11,0.008168420754373074
1039,11,0.006756928283721209
1040,11,0.009201832115650177
1041,11,0.009941508062183857
1042,11,0.0022202010732144117
1043,11,0.020612874999642372
1044,11,0.0027965791523456573
1045,11,0.013248851522803307
1046,11,0.010847232304513454
1047,11,0.0218705702573061
1048,11,0.020256906747817993
1049,11,0.002867337316274643
1050,11,0.0014093449572101235
1051,11,0.016609733924269676
1052,11,0.0024882848374545574
1053,11,0.009095795452594757
1054,11,0.008298329077661037
1055,11,0.006992995738983154
1056,11,0.017112035304307938
1057,11,0.009522872976958752
1058,11,0.018572499975562096
1059,11,0.010166717693209648
1060,11,0.008890323340892792
1061,11,0.012552917003631592
1062,11,0.010856636799871922
1063,11,0.011225071735680103
1064,11,0.01697881706058979
1065,11,0.015620226971805096
1066,11,0.008940646424889565
1067,11,0.0034366315230727196
1068,11,0.002713871421292424
1069,11,0.15555433928966522
1070,11,0.017702652141451836
1071,11,0.011881599202752113
1072,11,0.011081600561738014
1073,11,0.010371183976531029
1074,11,0.015000567771494389
1075,11,0.024532368406653404
1076,11,0.00605652155354619
1077,11,0.0014111411292105913
1078,11,0.025271140038967133
1079,11,0.014281532727181911
1080,11,0.006257493048906326
1081,11,0.1623910367488861
1082,11,0.00884253904223442
1083,11,0.0021757795475423336
1084,11,0.0025922285858541727
1085,11,0.011513386853039265
1086,11,0.010996215976774693
1087,11,0.0022651918698102236
1088,11,0.006461625918745995
1089,11,0.010347687639296055
1090,11,0.007037785369902849
1091,11,0.007856291718780994
1092,11,0.003478559898212552
1093,11,0.009362331591546535
1094,11,0.019614534452557564
1095,11,0.0048405821435153484
1096,11,0.017631489783525467
1097,11,0.02146921306848526
1098,11,0.009155485779047012
1099,11,0.009259463287889957
1100,11,0.002395454328507185
1101,11,0.0034808304626494646
1102,11,0.002781257266178727
1103,11,0.005921658128499985
1104,11,0.003118284745141864
1105,11,0.01704237051308155
1106,11,0.002079035621136427
1107,11,0.0014940190594643354
1108,11,0.01851806230843067
1109,11,0.010327858850359917
1110,11,0.15845483541488647
1111,11,0.0011119158007204533
1112,11,0.16603882610797882
1113,12,0.0018410655902698636
1114,12,0.009544464759528637
1115,12,0.002683504018932581
1116,12,0.014967558905482292
1117,12,0.005670841783285141
1118,12,0.016714876517653465
1119,12,0.014432583935558796
1120,12,0.007902219891548157
1121,12,0.0019399819429963827
1122,12,0.0012946183560416102
1123,12,0.012872759252786636
1124,12,0.005219664424657822
1125,12,0.004278532229363918
1126,12,0.003963515628129244
1127,12,0.01342129334807396
1128,12,0.010785472579300404
1129,12,0.010330872610211372
1130,12,0.005379151552915573
1131,12,0.002013918710872531
1132,12,0.0026575394440442324
1133,12,0.015297562815248966
1134,12,0.007653678301721811
1135,12,0.011130046099424362
1136,12,0.007819640450179577
1137,12,0.0074531398713588715
1138,12,0.010425986722111702
1139,12,0.009960666298866272
1140,12,0.0017307130619883537
1141,12,0.010596267879009247
1142,12,0.0053936876356601715
1143,12,0.011386848986148834
1144,12,0.012681631371378899
1145,12,0.007435906678438187
1146,12,0.0033129809889942408
1147,12,0.011666222475469112
1148,12,0.008317201398313046
1149,12,0.010416642762720585
1150,12,0.010534282773733139
1151,12,0.02037026919424534
1152,12,0.012695985846221447
1153,12,0.013398637995123863
1154,12,0.006902994122356176
1155,12,0.008439349941909313
1156,12,0.005071083549410105
1157,12,0.0018423801520839334
1158,12,0.01430082693696022
1159,12,0.0023673351388424635
1160,12,0.00757933733984828
1161,12,0.013467753306031227
1162,12,0.0062336428090929985
1163,12,0.02003263495862484
1164,12,0.0018793669296428561
1165,12,0.16733217239379883
1166,12,0.0032270089723169804
1167,12,0.01477059442549944
1168,12,0.00886891596019268
1169,12,0.006094207987189293
1170,12,0.0024836831726133823
1171,12,0.0062390780076384544
1172,12,0.01591416262090206
1173,12,0.001972960075363517
1174,12,0.00693313917145133
1175,12,0.011597644537687302
1176,12,0.008998995646834373
1177,12,0.0014731102855876088
1178,12,0.007262779399752617
1179,12,0.008746464736759663
1180,12,0.16006532311439514
1181,12,0.01504293829202652
1182,12,0.007106544449925423
1183,12,0.010118485428392887
1184,12,0.010442494414746761
1185,12,0.00842900201678276
1186,12,0.00423671118915081
1187,12,0.013705845922231674
1188,12,0.007118236273527145
1189,12,0.013969897292554379
1190,12,0.005834614392369986
1191,12,0.0066876402124762535
1192,12,0.016124239191412926
1193,12,0.005545356776565313
1194,12,0.004585126880556345
1195,12,0.0038458178751170635
1196,12,0.004819247871637344
1197,12,0.0017071496695280075
1198,12,0.00862455740571022
1199,12,0.004936052020639181
1200,12,0.010486982762813568
1201,12,0.008546832948923111
1202,12,0.007286816369742155
1203,12,0.008556068874895573
1204,12,0.007271419744938612
1205,12,0.002009647199884057
1206,12,0.01361642312258482
1207,12,0.015253344550728798
1208,12,0.008164690807461739
1209,12,0.010359317995607853
1210,12,0.008668646216392517
1211,12,0.011042322963476181
1212,12,0.0019872349221259356
1213,12,0.01470212172716856
1214,12,0.0131332753226161
1215,12,0.004757133312523365
1216,12,0.0032938127405941486
1217,12,0.0024451282806694508
1218,12,0.012894687242805958
1219,12,0.00948110781610012
1220,12,0.009406010620296001
1221,12,0.011477075517177582
1222,12,0.015385196544229984
1223,12,0.0117271076887846
1224,12,0.010724496096372604
1225,12,0.009623002260923386
1226,12,0.009607905521988869
1227,12,0.005833090748637915
1228,12,0.020565291866660118
1229,12,0.0039323484525084496
1230,12,0.003155055455863476
1231,12,0.01014351099729538
1232,12,0.007468311116099358
1233,12,0.004990424495190382
1234,12,0.002849798183888197
1235,12,0.003875075839459896
1236,12,0.007006293628364801
1237,12,0.004264438524842262
1238,12,0.012023450806736946
1239,12,0.014748984016478062
1240,12,0.005929962266236544
1241,12,0.00992551352828741
1242,12,0.007443864364176989
1243,12,0.01982080563902855
1244,12,0.005042071454226971
1245,12,0.014423546381294727
1246,12,0.01073544006794691
1247,12,0.005618046037852764
1248,12,0.003689160570502281
1249,12,0.0017305854707956314
1250,12,0.009778483770787716
1251,12,0.07971201092004776
1252,12,0.08470256626605988
1253,12,0.031644780188798904
1254,12,0.014573060907423496
1255,12,0.16052451729774475
1256,12,0.019443674013018608
1257,12,0.013076575472950935
1258,12,0.029854698106646538
1259,12,0.05677156150341034
1260,12,0.04545082896947861
1261,12,0.027169447392225266
1262,12,0.013736117631196976
1263,13,0.004723238293081522
1264,13,0.025214608758687973
1265,13,0.009734868071973324
1266,13,0.020135849714279175
1267,13,0.043352555483579636
1268,13,0.018236147239804268
1269,13,0.011313710361719131
1270,13,0.006050055380910635
1271,13,0.007910829037427902
1272,13,0.017587950453162193
1273,13,0.005679406225681305
1274,13,0.012425125576555729
1275,13,0.014689136296510696
1276,13,0.025546589866280556
1277,13,0.012569024227559566
1278,13,0.013827389106154442
1279,13,0.004112291615456343
1280,13,0.01876738853752613
1281,13,0.01709064468741417
1282,13,0.010783428326249123
1283,13,0.01742945984005928
1284,13,0.014627794735133648
1285,13,0.015552892349660397
1286,13,0.005928593222051859
1287,13,0.020102232694625854
1288,13,0.002982567297294736
1289,13,0.01596132107079029
1290,13,0.003064381889998913
1291,13,0.009740873239934444
1292,13,0.02895611710846424
1293,13,0.0028571297880262136
1294,13,0.012617958709597588
1295,13,0.0030972708482295275
1296,13,0.009744360111653805
1297,13,0.00237348023802042
1298,13,0.017340917140245438
1299,13,0.011039611883461475
1300,13,0.00533056166023016
1301,13,0.024905472993850708
1302,13,0.0018468014895915985
1303,13,0.013512257486581802
1304,13,0.008133001625537872
1305,13,0.010944423265755177
1306,13,0.012270049192011356
1307,13,0.007008214481174946
1308,13,0.006485798396170139
1309,13,0.011681952513754368
1310,13,0.007810827344655991
1311,13,0.00576027063652873
1312,13,0.009358791634440422
1313,13,0.007512096781283617
1314,13,0.0024724886752665043
1315,13,0.0110022546723485
1316,13,0.002988650929182768
1317,13,0.00850266870111227
1318,13,0.004176041577011347
1319,13,0.002153444103896618
1320,13,0.025620203465223312
1321,13,0.002618344034999609
1322,13,0.005935555323958397
1323,13,0.011776389554142952
1324,13,0.17203912138938904
1325,13,0.009397161193192005
1326,13,0.006722934078425169
1327,13,0.0067235189490020275
1328,13,0.003697925014421344
1329,13,0.016034601256251335
1330,13,0.009957637637853622
1331,13,0.021318573504686356
1332,13,0.001743612694554031
1333,13,0.0066813938319683075
1334,13,0.15475837886333466
1335,13,0.0130518963560462
1336,13,0.02007186785340309
1337,13,0.009182893671095371
1338,13,0.016415387392044067
1339,13,0.009608940221369267
1340,13,0.013091367669403553
1341,13,0.002427866216748953
1342,13,0.0032173695508390665
1343,13,0.006482420489192009
1344,13,0.014236517250537872
1345,13,0.010451309382915497
1346,13,0.004937754012644291
1347,13,0.019297108054161072
1348,13,0.008374065160751343
1349,13,0.013645004481077194
1350,13,0.00812677014619112
1351,13,0.008629673160612583
1352,13,0.010899100452661514
1353,13,0.012681376188993454
1354,13,0.013582561165094376
1355,13,0.013081754557788372
1356,13,0.009679701179265976
1357,13,0.006355639547109604
1358,13,0.018243299797177315
1359,13,0.01425259280949831
1360,13,0.0219627283513546
1361,13,0.00455322302877903
1362,13,0.014948266558349133
1363,13,0.15788361430168152
1364,13,0.003255492076277733
1365,13,0.1614241898059845
1366,13,0.008959132246673107
1367,13,0.013996557332575321
1368,13,0.012329812161624432
1369,13,0.002860622713342309
1370,13,0.005441381596028805
1371,13,0.014151426032185555
1372,13,0.007143289782106876
1373,13,0.006217744667083025
1374,13,0.008595490828156471
1375,13,0.011182649992406368
1376,13,0.002301890170201659
1377,13,0.017531024292111397
1378,13,0.002179638249799609
1379,13,0.008482851088047028
1380,13,0.019406400620937347
1381,13,0.012745993211865425
1382,13,0.0055480413138866425
1383,13,0.006557836197316647
1384,13,0.002251269528642297
1385,13,0.007435511332005262
1386,13,0.0021953866817057133
1387,13,0.002135512651875615
1388,13,0.014967631548643112
1389,13,0.008985727094113827
1390,13,0.007213779259473085
1391,13,0.021855132654309273
1392,13,0.014226867817342281
1393,13,0.013568996451795101
1394,13,0.008062330074608326
1395,13,0.01660122722387314
1396,13,0.0023035129997879267
1397,13,0.004890060517936945
1398,13,0.0022239701356738806
1399,13,0.012841131538152695
1400,13,0.0028129774145781994
1401,13,0.00850633904337883
1402,13,0.0025014032144099474
1403,13,0.007657425943762064
1404,13,0.007063831202685833
1405,13,0.002588394097983837
1406,13,0.1628142148256302
1407,13,0.006685979198664427
1408,13,0.021547194570302963
1409,13,0.006752402056008577
1410,13,0.015477650798857212
1411,13,0.007119599264115095
1412,13,0.022582441568374634
1413,14,0.00872819684445858
1414,14,0.006512175314128399
1415,14,0.012279407121241093
1416,14,0.009703267365694046
1417,14,0.002181445714086294
1418,14,0.008923300541937351
1419,14,0.008798827417194843
1420,14,0.0026493470650166273
1421,14,0.0017059068195521832
1422,14,0.008546832017600536
1423,14,0.004370625130832195
1424,14,0.16114452481269836
1425,14,0.0018079315777868032
1426,14,0.012345192953944206
1427,14,0.006388258654624224
1428,14,0.002489235484972596
1429,14,0.002112706657499075
1430,14,0.006308993324637413
1431,14,0.008107611909508705
1432,14,0.009247774258255959
1433,14,0.0051950025372207165
1434,14,0.005060083232820034
1435,14,0.0015937277348712087
1436,14,0.013380054384469986
1437,14,0.008730520494282246
1438,14,0.016130482777953148
1439,14,0.0029473784379661083
1440,14,0.0037255578208714724
1441,14,0.008479916490614414
1442,14,0.012292101047933102
1443,14,0.01480583194643259
1444,14,0.00875245500355959
1445,14,0.011510088108479977
1446,14,0.004570304416120052
1447,14,0.007426662370562553
1448,14,0.00255330721847713
1449,14,0.006795337423682213
1450,14,0.004894568119198084
1451,14,0.0026953001506626606
1452,14,0.020684489980340004
1453,14,0.012404028326272964
1454,14,0.013156003318727016
1455,14,0.005927701015025377
1456,14,0.0041837734170258045
1457,14,0.012827190570533276
1458,14,0.15285734832286835
1459,14,0.00363137642852962
1460,14,0.0023361665662378073
1461,14,0.01223774440586567
1462,14,0.0030050217173993587
1463,14,0.01355238538235426
1464,14,0.0065706027671694756
1465,14,0.005492175929248333
1466,14,0.008980554528534412
1467,14,0.0025810094084590673
1468,14,0.007825547829270363
1469,14,0.0098398607224226
1470,14,0.011367843486368656
1471,14,0.006703265942633152
1472,14,0.005200483836233616
1473,14,0.007827432826161385
1474,14,0.011858263984322548
1475,14,0.0055403150618076324
1476,14,0.0034759920090436935
1477,14,0.005526169668883085
1478,14,0.02575281448662281
1479,14,0.0047592041082680225
1480,14,0.002877544378861785
1481,14,0.013758083805441856
1482,14,0.0025106389075517654
1483,14,0.00997590646147728
1484,14,0.005362518131732941
1485,14,0.007054568734019995
1486,14,0.020523551851511
1487,14,0.010462023317813873
1488,14,0.01091319415718317
1489,14,0.1578819453716278
1490,14,0.01643860526382923
1491,14,0.004509577061980963
1492,14,0.005231031682342291
1493,14,0.008916943334043026
1494,14,0.007569638080894947
1495,14,0.011059149168431759
1496,14,0.013137022964656353
1497,14,0.009694190695881844
1498,14,0.006936375051736832
1499,14,0.008553351275622845
1500,14,0.008670375682413578
1501,14,0.07326216995716095
1502,14,0.05859764292836189
1503,14,0.0400688536465168
1504,14,0.020571988075971603
1505,14,0.009183677844703197
1506,14,0.029455624520778656
1507,14,0.017271926626563072
1508,14,0.035042863339185715
1509,14,0.029898231849074364
1510,14,0.03021114319562912
1511,14,0.017328938469290733
1512,14,0.013886656612157822
1513,14,0.02229495160281658
1514,14,0.016515608876943588
1515,14,0.022533036768436432
1516,14,0.03781120479106903
1517,14,0.010264807380735874
1518,14,0.01960836723446846
1519,14,0.011253060773015022
1520,14,0.005302704405039549
1521,14,0.015517497435212135
1522,14,0.013918086886405945
1523,14,0.1612662523984909
1524,14,0.012547485530376434
1525,14,0.01706920564174652
1526,14,0.010774011723697186
1527,14,0.005834244657307863
1528,14,0.013221495784819126
1529,14,0.00718428660184145
1530,14,0.01987611874938011
1531,14,0.013937258161604404
1532,14,0.036136873066425323
1533,14,0.011396503075957298
1534,14,0.014001763425767422
1535,14,0.004003690090030432
1536,14,0.008560961112380028
1537,14,0.02120598591864109
1538,14,0.02194267325103283
1539,14,0.011815542355179787
1540,14,0.011961869895458221
1541,14,0.0031242845579981804
1542,14,0.028075242415070534
1543,14,0.015285865403711796
1544,14,0.011418354697525501
1545,14,0.013339233584702015
1546,14,0.011679604649543762
1547,14,0.01004305575042963
1548,14,0.003959444351494312
1549,14,0.02123907580971718
1550,14,0.02273046411573887
1551,14,0.0029831111896783113
1552,14,0.0075830877758562565
1553,14,0.008224490098655224
1554,14,0.013716164045035839
1555,14,0.01676643267273903
1556,14,0.020812727510929108
1557,14,0.013895262032747269
1558,14,0.019811131060123444
1559,14,0.008646652102470398
1560,14,0.011525837704539299
1561,14,0.003127613803371787
1562,14,0.012201950885355473
1563,15,0.008576068095862865
1564,15,0.020846489816904068
1565,15,0.016318468376994133
1566,15,0.013032598420977592
1567,15,0.003839433193206787
1568,15,0.1549561470746994
1569,15,0.0066087753511965275
1570,15,0.01634879596531391
1571,15,0.009117087349295616
1572,15,0.009784972295165062
1573,15,0.0055045317858457565
1574,15,0.013232165947556496
1575,15,0.008756193332374096
1576,15,0.006034988909959793
1577,15,0.008385680615901947
1578,15,0.002164212753996253
1579,15,0.0291946642100811
1580,15,0.013425862416625023
1581,15,0.0026550402399152517
1582,15,0.013344417326152325
1583,15,0.006075717508792877
1584,15,0.0054125552996993065
1585,15,0.012170065194368362
1586,15,0.014506475068628788
1587,15,0.002718885662034154
1588,15,0.01365060918033123
1589,15,0.01082797534763813
1590,15,0.011943343095481396
1591,15,0.013439558446407318
1592,15,0.011726983822882175
1593,15,0.0031127482652664185
1594,15,0.006264503579586744
1595,15,0.025570685043931007
1596,15,0.00658596633002162
1597,15,0.010434465482831001
1598,15,0.007019828539341688
1599,15,0.15001770853996277
1600,15,0.002918968442827463
1601,15,0.013510414399206638
1602,15,0.012018876150250435
1603,15,0.00887408759444952
1604,15,0.14844854176044464
1605,15,0.004021152853965759
1606,15,0.005599328316748142
1607,15,0.0033863296266645193
1608,15,0.00895827915519476
1609,15,0.0023070937022566795
1610,15,0.012982041575014591
1611,15,0.01454163808375597
1612,15,0.006639343686401844
1613,15,0.006755914073437452
1614,15,0.010230992920696735
1615,15,0.149234801530838
1616,15,0.014651374891400337
1617,15,0.015385564416646957
1618,15,0.004283067304641008
1619,15,0.01214174460619688
1620,15,0.0025548774283379316
1621,15,0.015297647565603256
1622,15,0.010483167134225368
1623,15,0.003130857367068529
1624,15,0.006878867279738188
1625,15,0.010724230669438839
1626,15,0.025696760043501854
1627,15,0.0025703178253024817
1628,15,0.007130831945687532
1629,15,0.020803596824407578
1630,15,0.00685229292139411
1631,15,0.023211795836687088
1632,15,0.1588948369026184
1633,15,0.004229175392538309
1634,15,0.010736930184066296
1635,15,0.010507228784263134
1636,15,0.005607081111520529
1637,15,0.01020716316998005
1638,15,0.008954287506639957
1639,15,0.009618987329304218
1640,15,0.006389045622199774
1641,15,0.005643244832754135
1642,15,0.003686021314933896
1643,15,0.011705541051924229
1644,15,0.014202686958014965
1645,15,0.018964430317282677
1646,15,0.004987219348549843
1647,15,0.01315699890255928
1648,15,0.014328088611364365
1649,15,0.014601579867303371
1650,15,0.015167608857154846
1651,15,0.005348254460841417
1652,15,0.008360740728676319
1653,15,0.004385667387396097
1654,15,0.0034390981309115887
1655,15,0.01082669198513031
1656,15,0.013782831840217113
1657,15,0.005939354654401541
1658,15,0.005989361554384232
1659,15,0.007585000246763229
1660,15,0.014262013137340546
1661,15,0.008330931887030602
1662,15,0.009460009634494781
1663,15,0.004081733990460634
1664,15,0.008208017796278
1665,15,0.0093509741127491
1666,15,0.0030112452805042267
1667,15,0.002718031406402588
1668,15,0.010436499491333961
1669,15,0.01596084237098694
1670,15,0.002907474059611559
1671,15,0.0032429122366011143
1672,15,0.007702603004872799
1673,15,0.01033815462142229
1674,15,0.0025394244585186243
1675,15,0.0036866103764623404
1676,15,0.003241799073293805
1677,15,0.007100588642060757
1678,15,0.009601312689483166
1679,15,0.010944229550659657
1680,15,0.00227302685379982
1681,15,0.014957045204937458
1682,15,0.022539500147104263
1683,15,0.011285603977739811
1684,15,0.002669139765202999
1685,15,0.011870812624692917
1686,15,0.020795276388525963
1687,15,0.012241898104548454
1688,15,0.008541177026927471
1689,15,0.012311947531998158
1690,15,0.006090343464165926
1691,15,0.010731876827776432
1692,15,0.0030614198185503483
1693,15,0.008632814511656761
1694,15,0.006909570656716824
1695,15,0.015622393228113651
1696,15,0.010161608457565308
1697,15,0.008893522433936596
1698,15,0.013262796215713024
1699,15,0.005776566453278065
1700,15,0.005951253231614828
1701,15,0.0030488064512610435
1702,15,0.01743297465145588
1703,15,0.009104851633310318
1704,15,0.15558147430419922
1705,15,0.0035825702361762524
1706,16,0.015579826198518276
1707,16,0.026693038642406464
1708,16,0.0036282814107835293
1709,16,0.0062124901451170444
1710,16,0.01267690397799015
1711,16,0.006165243685245514
1712,16,0.15918681025505066
1713,16,0.010102920234203339
1714,16,0.011851645074784756
1715,16,0.007519687991589308
1716,16,0.013629743829369545
1717,16,0.013861512765288353
1718,16,0.003706590970978141
1719,16,0.006697957403957844
1720,16,0.004301580134779215
1721,16,0.01882305182516575
1722,16,0.007102421019226313
1723,16,0.010030539706349373
1724,16,0.00486543495208025
1725,16,0.016359690576791763
1726,16,0.008019164204597473
1727,16,0.006908516865223646
1728,16,0.009944339282810688
1729,16,0.009810321033000946
1730,16,0.012894155457615852
1731,16,0.004423307254910469
1732,16,0.01532068196684122
1733,16,0.009566085413098335
1734,16,0.008205795660614967
1735,16,0.018560482189059258
1736,16,0.017934057861566544
1737,16,0.02409757301211357
1738,16,0.007979565300047398
1739,16,0.002625256311148405
1740,16,0.011586109176278114
1741,16,0.021610764786601067
1742,16,0.009985876269638538
1743,16,0.004500590264797211
1744,16,0.00820226687937975
1745,16,0.004879474174231291
1746,16,0.011204125359654427
1747,16,0.005297569092363119
1748,16,0.006593859754502773
1749,16,0.011764917522668839
1750,16,0.014684878289699554
1751,16,0.06662218272686005
1752,16,0.047096721827983856
1753,16,0.03413620591163635
1754,16,0.022377435117959976
1755,16,0.026518037542700768
1756,16,0.014487732201814651
1757,16,0.032974377274513245
1758,16,0.01732878014445305
1759,16,0.02198372408747673
1760,16,0.02868739515542984
1761,16,0.02304939739406109
1762,16,0.024757295846939087
1763,16,0.014367631636559963
1764,16,0.020910972729325294
1765,16,0.02474711835384369
1766,16,0.019132152199745178
1767,16,0.015123475342988968
1768,16,0.0204766932874918
1769,16,0.013286739587783813
1770,16,0.018880343064665794
1771,16,0.013659078627824783
1772,16,0.022141840308904648
1773,16,0.012593763880431652
1774,16,0.01207504328340292
1775,16,0.010643964633345604
1776,16,0.02042463794350624
1777,16,0.023301078006625175
1778,16,0.027364738285541534
1779,16,0.011548720300197601
1780,16,0.013176439329981804
1781,16,0.0077499328181147575
1782,16,0.02012353017926216
1783,16,0.013971335254609585
1784,16,0.022094475105404854
1785,16,0.005869782064110041
1786,16,0.008127895183861256
1787,16,0.009911349043250084
1788,16,0.02116069383919239
1789,16,0.016831733286380768
1790,16,0.011850428767502308
1791,16,0.014613047242164612
1792,16,0.012273125350475311
1793,16,0.015284856781363487
1794,16,0.008877532556653023
1795,16,0.02039792202413082
1796,16,0.016527792438864708
1797,16,0.005104244686663151
1798,16,0.009149104356765747
1799,16,0.15734857320785522
1800,16,0.018428413197398186
1801,16,0.014305348508059978
1802,16,0.004914065822958946
1803,16,0.011873817071318626
1804,16,0.007353551685810089
1805,16,0.01157072838395834
1806,16,0.004088296089321375
1807,16,0.009351431392133236
1808,16,0.01138219702988863
1809,16,0.015003612264990807
1810,16,0.17480377852916718
1811,16,0.008207703940570354
1812,16,0.009028580971062183
1813,16,0.012131651863455772
1814,16,0.010744082741439342
1815,16,0.016945097595453262
1816,16,0.010130067355930805
1817,16,0.1713826060295105
1818,16,0.008777114562690258
1819,16,0.1735118329524994
1820,16,0.0181827824562788
1821,16,0.014496583491563797
1822,16,0.16969124972820282
1823,16,0.002849892247468233
1824,16,0.011817650869488716
1825,16,0.026398135349154472
1826,16,0.006145421881228685
1827,16,0.0033284900709986687
1828,16,0.00319722481071949
1829,16,0.02444055676460266
1830,16,0.012410389259457588
1831,16,0.015210846439003944
1832,16,0.3204461932182312
1833,16,0.018094796687364578
1834,16,0.011220616288483143
1835,16,0.021159231662750244
1836,16,0.0048264493234455585
1837,16,0.007054553367197514
1838,16,0.006509797181934118
1839,16,0.015107241459190845
1840,16,0.018066531047225
1841,16,0.017974277958273888
1842,16,0.013452843762934208
1843,16,0.004184176679700613
1844,16,0.004445438273251057
1845,16,0.01735597848892212
1846,16,0.007659311406314373
1847,16,0.14751794934272766
1848,16,0.16984455287456512
1849,16,0.0035150230396538973
1850,16,0.008763071149587631
1851,17,0.015048866160213947
1852,17,0.008280683308839798
1853,17,0.014125119894742966
1854,17,0.0075256070122122765
1855,17,0.1749037206172943
1856,17,0.006672117859125137
1857,17,0.008475467562675476
1858,17,0.019920900464057922
1859,17,0.005701360292732716
1860,17,0.013261603191494942
1861,17,0.020760292187333107
1862,17,0.003218593541532755
1863,17,0.01042386144399643
1864,17,0.015414918772876263
1865,17,0.004376362543553114
1866,17,0.0026847217231988907
1867,17,0.009943011216819286
1868,17,0.1562739610671997
1869,17,0.00593539560213685
1870,17,0.012301218695938587
1871,17,0.0076100146397948265
1872,17,0.0050555807538330555
1873,17,0.0195931326597929
1874,17,0.021466808393597603
1875,17,0.009990386664867401
1876,17,0.011907660402357578
1877,17,0.016466982662677765
1878,17,0.033933766186237335
1879,17,0.010119629092514515
1880,17,0.17251549661159515
1881,17,0.0073433853685855865
1882,17,0.014743119478225708
1883,17,0.01847916841506958
1884,17,0.007064102217555046
1885,17,0.009358197450637817
1886,17,0.022390438243746758
1887,17,0.013903376646339893
1888,17,0.006338983774185181
1889,17,0.1671064794063568
1890,17,0.030838122591376305
1891,17,0.007493842393159866
1892,17,0.010661683045327663
1893,17,0.004820940084755421
1894,17,0.14653822779655457
1895,17,0.005035465583205223
1896,17,0.01623578555881977
1897,17,0.012134857475757599
1898,17,0.015880372375249863
1899,17,0.010778670199215412
1900,17,0.01069440133869648
1901,17,0.009902802295982838
1902,17,0.007074305787682533
1903,17,0.011681188829243183
1904,17,0.15781795978546143
1905,17,0.004974020645022392
1906,17,0.007785060442984104
1907,17,0.010251897387206554
1908,17,0.010930145159363747
1909,17,0.020830783993005753
1910,17,0.008196476846933365
1911,17,0.021564612165093422
1912,17,0.022511081770062447
1913,17,0.01429867185652256
1914,17,0.01583082415163517
1915,17,0.021880151703953743
1916,17,0.010232355445623398
1917,17,0.00946635752916336
1918,17,0.015127190388739109
1919,17,0.013059273362159729
1920,17,0.007369251921772957
1921,17,0.013025416061282158
1922,17,0.010496092960238457
1923,17,0.015673235058784485
1924,17,0.01648012362420559
1925,17,0.019507940858602524
1926,17,0.009229377843439579
1927,17,0.015616311691701412
1928,17,0.014161814004182816
1929,17,0.006358727812767029
1930,17,0.012312095612287521
1931,17,0.011279137805104256
1932,17,0.011452339589595795
1933,17,0.013153733685612679
1934,17,0.009770896285772324
1935,17,0.012490808963775635
1936,17,0.01102122850716114
1937,17,0.010518253780901432
1938,17,0.01682097464799881
1939,17,0.00753919268026948
1940,17,0.01049530878663063
1941,17,0.007389601320028305
1942,17,0.014296065084636211
1943,17,0.008518490940332413
1944,17,0.011057309806346893
1945,17,0.009402552619576454
1946,17,0.010425546206533909
1947,17,0.005881691351532936
1948,17,0.012112000957131386
1949,17,0.009450802579522133
1950,17,0.019802505150437355
1951,17,0.020857984200119972
1952,17,0.008619839325547218
1953,17,0.009564712643623352
1954,17,0.007961826398968697
1955,17,0.00958474911749363
1956,17,0.009542451240122318
1957,17,0.01635216735303402
1958,17,0.005747838877141476
1959,17,0.015663692727684975
1960,17,0.009388250298798084
1961,17,0.005762511398643255
1962,17,0.14713367819786072
1963,17,0.007752640638500452
1964,17,0.010788878425955772
1965,17,0.01192085538059473
1966,17,0.009266520850360394
1967,17,0.028129292652010918
1968,17,0.0102374954149127
1969,17,0.003867338178679347
1970,17,0.015578880906105042
1971,17,0.17506849765777588
1972,17,0.00582141662016511
1973,17,0.01729273609817028
1974,17,0.02941148355603218
1975,17,0.010876583866775036
1976,17,0.008962930180132389
1977,17,0.009442445822060108
1978,17,0.006883912719786167
1979,17,0.01138867624104023
1980,17,0.009066731669008732
1981,17,0.011750356294214725
1982,17,0.009066762402653694
1983,17,0.008396841585636139
1984,17,0.007832235656678677
1985,17,0.015280835330486298
1986,17,0.0032090111635625362
1987,17,0.01834370754659176
1988,17,0.15480342507362366
1989,17,0.016001638025045395
1990,17,0.01200570072978735
1991,17,0.020230920985341072
1992,17,0.005623330362141132
1993,17,0.011284690350294113
1994,17,0.0037153903394937515
1995,17,0.009479391388595104
1996,17,0.012687419541180134
1997,17,0.01241507288068533
1998,17,0.32127895951271057
1999,17,0.019620541483163834
2000,17,0.006647321395576
2001,18,0.030526239424943924
2002,18,0.03585493937134743
2003,18,0.1617664247751236
2004,18,0.012580296024680138
2005,18,0.01184894423931837
2006,18,0.0499328188598156
2007,18,0.03853406757116318
2008,18,0.02357199601829052
2009,18,0.043423011898994446
2010,18,0.03154923394322395
2011,18,0.014926787465810776
2012,18,0.1487046182155609
2013,18,0.15335342288017273
2014,18,0.027062395587563515
2015,18,0.023695560172200203
2016,18,0.03263423219323158
2017,18,0.15371842682361603
2018,18,0.03930409625172615
2019,18,0.020098263397812843
2020,18,0.1810813993215561
2021,18,0.016363896429538727
2022,18,0.013668295927345753
2023,18,0.01694159209728241
2024,18,0.008228135295212269
2025,18,0.020509324967861176
2026,18,0.009593933820724487
2027,18,0.013851894065737724
2028,18,0.010352564975619316
2029,18,0.01637268252670765
2030,18,0.010088657960295677
2031,18,0.017206216230988503
2032,18,0.019916146993637085
2033,18,0.017669588327407837
2034,18,0.011715659871697426
2035,18,0.007692491635680199
2036,18,0.014235134236514568
2037,18,0.009299485944211483
2038,18,0.005180735606700182
2039,18,0.019494252279400826
2040,18,0.013015998527407646
2041,18,0.016625525429844856
2042,18,0.012180982157588005
2043,18,0.01791641116142273
2044,18,0.02262529730796814
2045,18,0.014111727476119995
2046,18,0.018089603632688522
2047,18,0.01906321570277214
2048,18,0.15041185915470123
2049,18,0.009391818195581436
2050,18,0.018704066053032875
2051,18,0.014141689985990524
2052,18,0.015222138725221157
2053,18,0.015378311276435852
2054,18,0.02177051454782486
2055,18,0.010237973183393478
2056,18,0.008745679631829262
2057,18,0.011426488868892193
2058,18,0.020012136548757553
2059,18,0.027361657470464706
2060,18,0.028640471398830414
2061,18,0.03128523379564285
2062,18,0.010019012726843357
2063,19,0.006506146863102913
2064,19,0.01306433230638504
2065,19,0.019777681678533554
2066,19,0.011707331985235214
2067,19,0.02819225937128067
2068,19,0.016249727457761765
2069,19,0.010265284217894077
2070,19,0.015004293993115425
2071,19,0.009952203370630741
2072,19,0.022762369364500046
2073,19,0.018117010593414307
2074,19,0.01941654272377491
2075,19,0.013477923348546028
2076,19,0.008201582357287407
2077,19,0.014274310320615768
2078,19,0.1675024777650833
2079,19,0.010501451790332794
2080,19,0.0048448313027620316
2081,19,0.010675955563783646
2082,19,0.01810305379331112
2083,19,0.15663853287696838
2084,19,0.017979364842176437
2085,19,0.007763795554637909
2086,19,0.014439435675740242
2087,19,0.006227589678019285
2088,19,0.015458540990948677
2089,19,0.010382004082202911
2090,19,0.008926436305046082
2091,19,0.007910964079201221
2092,19,0.013277866877615452
2093,19,0.17534521222114563
2094,19,0.010806272737681866
2095,19,0.01350216381251812
2096,19,0.010392033495008945
2097,19,0.16827619075775146
2098,19,0.020313890650868416
2099,19,0.006528561934828758
2100,19,0.02639993280172348
2101,19,0.011583460494875908
2102,19,0.015595149248838425
2103,19,0.011710639111697674
2104,19,0.012854144908487797
2105,19,0.018023135140538216
2106,19,0.010243301279842854
2107,19,0.012133990414440632
2108,19,0.17024050652980804
2109,19,0.012885240837931633
2110,19,0.014719676226377487
2111,19,0.006493355613201857
2112,19,0.00746746314689517
2113,19,0.01298204530030489
2114,19,0.02210303023457527
2115,19,0.14550700783729553
2116,19,0.006591392681002617
2117,19,0.01948654279112816
2118,19,0.010698722675442696
2119,19,0.009586232714354992
2120,19,0.16884520649909973
2121,19,0.013225349597632885
2122,19,0.005809936672449112
2123,19,0.0042318422347307205
2124,19,0.010812937282025814
2125,19,0.009718988090753555
2126,19,0.008802413940429688
2127,19,0.011417422443628311
2128,19,0.009061530232429504
2129,19,0.02246718853712082
2130,19,0.014094602316617966
2131,19,0.007850058376789093
2132,19,0.014703514985740185
2133,19,0.011882471852004528
2134,19,0.1474769562482834
2135,19,0.018827306106686592
2136,19,0.01681653968989849
2137,19,0.01474710926413536
2138,19,0.01782148703932762
2139,19,0.005987934768199921
2140,19,0.021894272416830063
2141,19,0.00975760631263256
2142,19,0.007553471252322197
2143,19,0.007320140488445759
2144,19,0.014655392616987228
2145,19,0.007436851505190134
2146,19,0.02046278677880764
2147,19,0.16166260838508606
2148,19,0.010108585469424725
2149,19,0.006955576594918966
2150,19,0.018961040303111076
2151,19,0.005699003580957651
2152,19,0.015903333202004433
2153,19,0.00975469034165144
2154,19,0.012871293351054192
2155,19,0.007729967590421438
2156,19,0.1639784723520279
2157,19,0.004661050159484148
2158,19,0.014859933406114578
2159,19,0.018788177520036697
2160,19,0.15780620276927948
2161,19,0.006521167233586311
2162,19,0.012910647317767143
2163,19,0.006916880141943693
2164,19,0.01301602739840746
2165,19,0.00998041033744812
2166,19,0.016779430210590363
2167,19,0.1701962649822235
2168,19,0.025568107143044472
2169,19,0.0190235935151577
2170,19,0.008843543939292431
2171,19,0.026676099747419357
2172,19,0.011616801843047142
2173,19,0.01702946610748768
2174,19,0.005654747132211924
2175,19,0.007042981684207916
2176,19,0.007297454867511988
2177,19,0.024879582226276398
2178,19,0.01303926669061184
2179,19,0.14433512091636658
2180,19,0.007743421941995621
2181,19,0.014956267550587654
2182,19,0.011300748214125633
2183,19,0.16994626820087433
2184,19,0.009803137741982937
2185,19,0.009998789057135582
2186,19,0.011666964739561081
2187,19,0.012002939358353615
2188,19,0.011745402589440346
2189,19,0.012720968574285507
2190,19,0.01475231721997261
2191,19,0.1726740151643753
2192,19,0.011723660863935947
2193,19,0.01145012117922306
2194,19,0.00538766011595726
2195,19,0.1644548624753952
2196,19,0.00875439029186964
2197,19,0.021778281778097153
2198,19,0.008299201726913452
2199,19,0.013410043902695179
2200,19,0.00542376097291708
2201,19,0.01273514423519373
2202,19,0.010493654757738113
2203,19,0.018721338361501694
2204,19,0.1800023317337036
2205,19,0.012949671596288681
2206,19,0.006415668409317732
2207,19,0.0077779460698366165
2208,19,0.01906086690723896
2209,19,0.012207260355353355
2210,19,0.005287524778395891
2211,19,0.008745426312088966
2212,19,0.006413206923753023
2213,20,0.00836128555238247
2214,20,0.007605480030179024
2215,20,0.008447703905403614
2216,20,0.017552731558680534
2217,20,0.013505803421139717
2218,20,0.019870208576321602
2219,20,0.00982573814690113
2220,20,0.02137177623808384
2221,20,0.008997446857392788
2222,20,0.011601571924984455
2223,20,0.006043912377208471
2224,20,0.015851158648729324
2225,20,0.009456434287130833
2226,20,0.010268691927194595
2227,20,0.01574644073843956
2228,20,0.011413813568651676
2229,20,0.007098951376974583
2230,20,0.012408370152115822
2231,20,0.006280468311160803
2232,20,0.011590497568249702
2233,20,0.01713063009083271
2234,20,0.008606990799307823
2235,20,0.018374385312199593
2236,20,0.01748700439929962
2237,20,0.005008877720683813
2238,20,0.010065014474093914
2239,20,0.013288149610161781
2240,20,0.007185554597526789
2241,20,0.003950762562453747
2242,20,0.010485062375664711
2243,20,0.006503928918391466
2244,20,0.014987773261964321
2245,20,0.013152840547263622
2246,20,0.012223142199218273
2247,20,0.0039291540160775185
2248,20,0.008015396073460579
2249,20,0.017987962812185287
2250,20,0.03045446239411831
2251,20,0.03084075078368187
2252,20,0.026233352720737457
2253,20,0.02784905955195427
2254,20,0.013115930370986462
2255,20,0.01628393866121769
2256,20,0.013016048818826675
2257,20,0.01847442053258419
2258,20,0.016355235129594803
2259,20,0.17401465773582458
2260,20,0.009297528304159641
2261,20,0.0178388524800539
2262,20,0.009233357384800911
2263,20,0.0212155282497406
2264,20,0.022490350529551506
2265,20,0.020714467391371727
2266,20,0.016984347254037857
2267,20,0.008146868087351322
2268,20,0.011522410437464714
2269,20,0.007455573417246342
2270,20,0.011584256775677204
2271,20,0.017391091212630272
2272,20,0.025227252393960953
2273,20,0.012898235581815243
2274,20,0.020423023030161858
2275,20,0.020303726196289062
2276,20,0.15000368654727936
2277,20,0.021401548758149147
2278,20,0.02334439754486084
2279,20,0.013643293641507626
2280,20,0.028965722769498825
2281,20,0.012826569378376007
2282,20,0.020207945257425308
2283,20,0.015246989205479622
2284,20,0.018676353618502617
2285,20,0.019027413800358772
2286,20,0.012038909830152988
2287,20,0.00887246336787939
2288,20,0.018158352002501488
2289,20,0.02166488766670227
2290,20,0.014052779413759708
2291,20,0.008043626323342323
2292,20,0.019292348995804787
2293,20,0.020944729447364807
2294,20,0.009597418829798698
2295,20,0.007653476670384407
2296,20,0.017316605895757675
2297,20,0.011882972903549671
2298,20,0.012073060497641563
2299,20,0.017987165600061417
2300,20,0.010498479008674622
2301,20,0.15375463664531708
2302,20,0.01373216137290001
2303,20,0.04242828115820885
2304,20,0.013421398587524891
2305,20,0.015872346237301826
2306,20,0.015104471705853939
2307,20,0.013172086328268051
2308,20,0.01006410364061594
2309,20,0.009077208116650581
2310,20,0.01139095239341259
2311,20,0.005113291088491678
2312,20,0.008763523772358894
2313,20,0.024332864210009575
2314,20,0.023060036823153496
2315,20,0.007431793957948685
2316,20,0.173432394862175
2317,20,0.007205312605947256
2318,20,0.004669568967074156
2319,20,0.013288079760968685
2320,20,0.01796812005341053
2321,20,0.03154108300805092
2322,20,0.018667686730623245
2323,20,0.013465726748108864
2324,20,0.14983633160591125
2325,20,0.15057435631752014
2326,20,0.020935218781232834
2327,20,0.015126152895390987
2328,20,0.007173190824687481
2329,20,0.017060235142707825
2330,20,0.025613676756620407
2331,20,0.007863086648285389
2332,20,0.010754186660051346
2333,20,0.012649954296648502
2334,20,0.016488919034600258
2335,20,0.009071003645658493
2336,20,0.01198678556829691
2337,20,0.007252017501741648
2338,20,0.01027335599064827
2339,20,0.01940038986504078
2340,20,0.01170259714126587
2341,20,0.16151100397109985
2342,20,0.020503535866737366
2343,20,0.00905284471809864
2344,20,0.01098557561635971
2345,20,0.011510240845382214
2346,20,0.00870570633560419
2347,20,0.012550212442874908
2348,20,0.012003633193671703
2349,20,0.009044647216796875
2350,20,0.017159665003418922
2351,20,0.007298095151782036
2352,20,0.024055257439613342
2353,20,0.01902841404080391
2354,20,0.02534625679254532
2355,20,0.013110602274537086
2356,20,0.17002661526203156
2357,20,0.3214828073978424
2358,20,0.015622856095433235
2359,20,0.008778163231909275
2360,20,0.015267452225089073
2361,20,0.0071673886850476265
2362,20,0.012926888652145863
2363,21,0.007815919816493988
2364,21,0.00859768781810999
2365,21,0.01758461445569992
2366,21,0.011604425497353077
2367,21,0.010191968642175198
2368,21,0.026945974677801132
2369,21,0.01886848919093609
2370,21,0.016746139153838158
2371,21,0.021998343989253044
2372,21,0.00782683677971363
2373,21,0.014851139858365059
2374,21,0.014217628166079521
2375,21,0.005219556856900454
2376,21,0.007773258723318577
2377,21,0.007820315659046173
2378,21,0.011966124176979065
2379,21,0.008793639950454235
2380,21,0.014586321078240871
2381,21,0.00998256728053093
2382,21,0.02294490672647953
2383,21,0.16288916766643524
2384,21,0.015887856483459473
2385,21,0.020720703527331352
2386,21,0.013168835081160069
2387,21,0.010848994366824627
2388,21,0.01006231177598238
2389,21,0.012383450753986835
2390,21,0.011951819993555546
2391,21,0.020052138715982437
2392,21,0.01803571544587612
2393,21,0.005728600546717644
2394,21,0.00995936430990696
2395,21,0.007894403301179409
2396,21,0.010707518085837364
2397,21,0.022762227803468704
2398,21,0.013139297254383564
2399,21,0.013242080807685852
2400,21,0.00751009164378047
2401,21,0.010782910510897636
2402,21,0.003977947868406773
2403,21,0.022753426805138588
2404,21,0.008737834170460701
2405,21,0.007922813296318054
2406,21,0.008746162056922913
2407,21,0.011263743974268436
2408,21,0.009009730070829391
2409,21,0.011807335540652275
2410,21,0.01890232041478157
2411,21,0.010854922235012054
2412,21,0.008257230743765831
2413,21,0.008041861467063427
2414,21,0.16476735472679138
2415,21,0.006841807160526514
2416,21,0.010106452740728855
2417,21,0.008908711373806
2418,21,0.014969519339501858
2419,21,0.010111816227436066
2420,21,0.015609926544129848
2421,21,0.009741471149027348
2422,21,0.016056003049016
2423,21,0.16380317509174347
2424,21,0.011802047491073608
2425,21,0.016774898394942284
2426,21,0.009538551792502403
2427,21,0.010892151854932308
2428,21,0.018899502232670784
2429,21,0.008953156881034374
2430,21,0.01126618031412363
2431,21,0.0205019973218441
2432,21,0.021212119609117508
2433,21,0.027347350493073463
2434,21,0.012673081830143929
2435,21,0.004720266908407211
2436,21,0.0162726528942585
2437,21,0.018540464341640472
2438,21,0.009279754012823105
2439,21,0.008434388786554337
2440,21,0.012431133538484573
2441,21,0.14469337463378906
2442,21,0.012350906617939472
2443,21,0.009829007089138031
2444,21,0.024580491706728935
2445,21,0.011219325475394726
2446,21,0.007465748582035303
2447,21,0.014325285330414772
2448,21,0.016735650599002838
2449,21,0.007573219016194344
2450,21,0.011150971986353397
2451,21,0.013610010035336018
2452,21,0.013482903130352497
2453,21,0.006871748249977827
2454,21,0.017315542325377464
2455,21,0.008583392947912216
2456,21,0.011290187947452068
2457,21,0.016887616366147995
2458,21,0.029776833951473236
2459,21,0.00957048311829567
2460,21,0.01244207751005888
2461,21,0.012216638773679733
2462,21,0.020615752786397934
2463,21,0.006517261266708374
2464,21,0.01369784027338028
2465,21,0.01248896960169077
2466,21,0.009351805783808231
2467,21,0.01271200180053711
2468,21,0.013929798267781734
2469,21,0.011435437947511673
2470,21,0.011609135195612907
2471,21,0.009877346456050873
2472,21,0.005609194748103619
2473,21,0.011766026727855206
2474,21,0.00905738864094019
2475,21,0.014012309722602367
2476,21,0.0057480912655591965
2477,21,0.010158899240195751
2478,21,0.14354823529720306
2479,21,0.008943104185163975
2480,21,0.012689145281910896
2481,21,0.022787485271692276
2482,21,0.006396679673343897
2483,21,0.009211570955812931
2484,21,0.004936539568006992
2485,21,0.009382947348058224
2486,21,0.16030077636241913
2487,21,0.009416045621037483
2488,21,0.15669596195220947
2489,21,0.007055432070046663
2490,21,0.0066696759313344955
2491,21,0.016630448400974274
2492,21,0.009580141864717007
2493,21,0.011577005498111248
2494,21,0.01727570779621601
2495,21,0.017216544598340988
2496,21,0.01436538901180029
2497,21,0.009899924509227276
2498,21,0.01453241053968668
2499,21,0.010864218696951866
2500,21,0.01496148481965065
2501,21,0.033127978444099426
2502,21,0.035585664212703705
2503,21,0.15812453627586365
2504,21,0.028772637248039246
2505,21,0.014077549800276756
2506,21,0.00883213710039854
2507,21,0.010686921887099743
2508,21,0.03444536402821541
2509,21,0.015617919154465199
2510,21,0.020156435668468475
2511,21,0.012144376523792744
2512,21,0.0170558150857687
2513,22,0.010702259838581085
2514,22,0.0057717664167284966
2515,22,0.00993502326309681
2516,22,0.009245336055755615
2517,22,0.01674538105726242
2518,22,0.014546645805239677
2519,22,0.021407917141914368
2520,22,0.014299264177680016
2521,22,0.023191524669528008
2522,22,0.017265064641833305
2523,22,0.020998025313019753
2524,22,0.031170036643743515
2525,22,0.013086657039821148
2526,22,0.01182431261986494
2527,22,0.009787722490727901
2528,22,0.015219898894429207
2529,22,0.018031422048807144
2530,22,0.013537229970097542
2531,22,0.010556703433394432
2532,22,0.01929050125181675
2533,22,0.018896283581852913
2534,22,0.009620974771678448
2535,22,0.17307139933109283
2536,22,0.013810860924422741
2537,22,0.01997028850018978
2538,22,0.01456700824201107
2539,22,0.013914086855947971
2540,22,0.008534140884876251
2541,22,0.013801490887999535
2542,22,0.01671713963150978
2543,22,0.0249959547072649
2544,22,0.020413007587194443
2545,22,0.012868876568973064
2546,22,0.009746679104864597
2547,22,0.018148450180888176
2548,22,0.012472912669181824
2549,22,0.011827178299427032
2550,22,0.007652932778000832
2551,22,0.012446518987417221
2552,22,0.14895009994506836
2553,22,0.010310770943760872
2554,22,0.016080796718597412
2555,22,0.022053685039281845
2556,22,0.015063432976603508
2557,22,0.009233211167156696
2558,22,0.01851983368396759
2559,22,0.01234289351850748
2560,22,0.009533238597214222
2561,22,0.015827089548110962
2562,22,0.015723805874586105
2563,22,0.01213923655450344
2564,22,0.012010804377496243
2565,22,0.022499561309814453
2566,22,0.02413630299270153
2567,22,0.019614120945334435
2568,22,0.011497903615236282
2569,22,0.018242301419377327
2570,22,0.011743343435227871
2571,22,0.01361368503421545
2572,22,0.14380885660648346
2573,22,0.009884615428745747
2574,22,0.020272748544812202
2575,22,0.00582194235175848
2576,22,0.008285310119390488
2577,22,0.00920282956212759
2578,22,0.016262080520391464
2579,22,0.005350681021809578
2580,22,0.017170604318380356
2581,22,0.00861870963126421
2582,22,0.15390850603580475
2583,22,0.005627799779176712
2584,22,0.16234837472438812
2585,22,0.011559654027223587
2586,22,0.010875452309846878
2587,22,0.013548058457672596
2588,22,0.016104573383927345
2589,22,0.013407023623585701
2590,22,0.011055279523134232
2591,22,0.01009022630751133
2592,22,0.015995807945728302
2593,22,0.01200839038938284
2594,22,0.010012486018240452
2595,22,0.13935206830501556
2596,22,0.016671564429998398
2597,22,0.022244568914175034
2598,22,0.16816075146198273
2599,22,0.01532910019159317
2600,22,0.019258758053183556
2601,22,0.01087195798754692
2602,22,0.16474390029907227
2603,22,0.01804215833544731
2604,22,0.006580091547220945
2605,22,0.015321804210543633
2606,22,0.007650790270417929
2607,22,0.007613482419401407
2608,22,0.008356575854122639
2609,22,0.008732379414141178
2610,22,0.015411521308124065
2611,22,0.019136765971779823
2612,22,0.012291504070162773
2613,22,0.011590700596570969
2614,22,0.010397727601230145
2615,22,0.009429537691175938
2616,22,0.028929194435477257
2617,22,0.005855311639606953
2618,22,0.007110781501978636
2619,22,0.013213083148002625
2620,22,0.013868742622435093
2621,22,0.011514261364936829
2622,22,0.01970156654715538
2623,22,0.008716311305761337
2624,22,0.013340081088244915
2625,22,0.15283429622650146
2626,22,0.01812070980668068
2627,22,0.02139582484960556
2628,22,0.009639289230108261
2629,22,0.013328762724995613
2630,22,0.01009417325258255
2631,22,0.016942119225859642
2632,22,0.01219299715012312
2633,22,0.01662593148648739
2634,22,0.014495364390313625
2635,22,0.010108039714396
2636,22,0.009759689681231976
2637,22,0.011162865906953812
2638,22,0.007415978237986565
2639,22,0.019952790811657906
2640,22,0.014604728668928146
2641,22,0.01701580360531807
2642,22,0.1399642825126648
2643,22,0.011226484552025795
2644,22,0.01810820959508419
2645,22,0.010878512635827065
2646,22,0.010623347014188766
2647,22,0.014449267648160458
2648,22,0.01001655962318182
2649,22,0.005691998638212681
2650,22,0.014286311343312263
2651,22,0.008976718410849571
2652,22,0.006565178744494915
2653,22,0.015238174237310886
2654,22,0.1541581153869629
2655,22,0.011561518535017967
2656,22,0.011565977707505226
2657,22,0.011689098551869392
2658,22,0.009787198156118393
2659,22,0.16132095456123352
2660,22,0.012269451282918453
2661,22,0.011925684288144112
2662,22,0.015782790258526802
2663,23,0.02954275533556938
2664,23,0.01906052604317665
2665,23,0.009565803222358227
2666,23,0.1465347558259964
2667,23,0.010183634236454964
2668,23,0.005394056439399719
2669,23,0.006722294259816408
2670,23,0.018544401973485947
2671,23,0.00489912461489439
2672,23,0.016196468845009804
2673,23,0.020940463989973068
2674,23,0.013258170336484909
2675,23,0.010544035583734512
2676,23,0.01284598745405674
2677,23,0.024858783930540085
2678,23,0.00805868674069643
2679,23,0.008413913659751415
2680,23,0.009214382618665695
2681,23,0.009744272567331791
2682,23,0.017033247277140617
2683,23,0.020810555666685104
2684,23,0.009473227895796299
2685,23,0.011859118938446045
2686,23,0.017899855971336365
2687,23,0.00877574272453785
2688,23,0.011119306087493896
2689,23,0.010275646112859249
2690,23,0.018655437976121902
2691,23,0.1358475238084793
2692,23,0.0065224869176745415
2693,23,0.015401089563965797
2694,23,0.0113693131133914
2695,23,0.01376352272927761
2696,23,0.016676876693964005
2697,23,0.008826883509755135
2698,23,0.007169773336499929
2699,23,0.012179526500403881
2700,23,0.2962537407875061
2701,23,0.010752422735095024
2702,23,0.010837734676897526
2703,23,0.008099662140011787
2704,23,0.01409099530428648
2705,23,0.004554492421448231
2706,23,0.009504388086497784
2707,23,0.0062957704067230225
2708,23,0.012977346777915955
2709,23,0.016254302114248276
2710,23,0.01243804581463337
2711,23,0.007972778752446175
2712,23,0.013151867315173149
2713,23,0.012810375541448593
2714,23,0.008673303760588169
2715,23,0.013009315356612206
2716,23,0.007518718484789133
2717,23,0.011669670231640339
2718,23,0.011832011863589287
2719,23,0.01293907780200243
2720,23,0.006148695945739746
2721,23,0.012211299501359463
2722,23,0.007018265314400196
2723,23,0.011827478185296059
2724,23,0.016824064776301384
2725,23,0.016958532854914665
2726,23,0.025854432955384254
2727,23,0.009175454266369343
2728,23,0.009918165393173695
2729,23,0.00537482462823391
2730,23,0.00967270229011774
2731,23,0.012284246273338795
2732,23,0.010485993698239326
2733,23,0.02342117577791214
2734,23,0.012515152804553509
2735,23,0.006634409073740244
2736,23,0.01203864999115467
2737,23,0.007315704599022865
2738,23,0.012138551101088524
2739,23,0.01653355360031128
2740,23,0.01898437924683094
2741,23,0.018843278288841248
2742,23,0.022890089079737663
2743,23,0.15272626280784607
2744,23,0.016118425875902176
2745,23,0.014960551634430885
2746,23,0.01060442440211773
2747,23,0.023572631180286407
2748,23,0.015340236015617847
2749,23,0.015811555087566376
2750,23,0.013083677738904953
2751,23,0.028569884598255157
2752,23,0.019841788336634636
2753,23,0.021189283579587936
2754,23,0.02466566115617752
2755,23,0.16467423737049103
2756,23,0.017415378242731094
2757,23,0.010536321438848972
2758,23,0.01696731522679329
2759,23,0.010199964046478271
2760,23,0.01777033321559429
2761,23,0.014684445224702358
2762,23,0.008417308330535889
2763,23,0.014348914846777916
2764,23,0.009634974412620068
2765,23,0.014065602794289589
2766,23,0.01211899146437645
2767,23,0.00917113944888115
2768,23,0.014974376186728477
2769,23,0.013296161778271198
2770,23,0.020949089899659157
2771,23,0.013208714313805103
2772,23,0.010533818043768406
2773,23,0.029847437515854836
2774,23,0.01188335195183754
2775,23,0.00805751048028469
2776,23,0.0076004923321306705
2777,23,0.025620820000767708
2778,23,0.015826428309082985
2779,23,0.00873483344912529
2780,23,0.012917088344693184
2781,23,0.006202340126037598
2782,23,0.018899304792284966
2783,23,0.013171779923141003
2784,23,0.010329820215702057
2785,23,0.13753220438957214
2786,23,0.02847612462937832
2787,23,0.010638279840350151
2788,23,0.013238714076578617
2789,23,0.009570433758199215
2790,23,0.011145512573421001
2791,23,0.019832054153084755
2792,23,0.007315820548683405
2793,23,0.018645528703927994
2794,23,0.011236658319830894
2795,23,0.014512170106172562
2796,23,0.013042603619396687
2797,23,0.008935867808759212
2798,23,0.1468895971775055
2799,23,0.007931001484394073
2800,23,0.011646031402051449
2801,23,0.008593686856329441
2802,23,0.1669728308916092
2803,23,0.012369127944111824
2804,23,0.00803891010582447
2805,23,0.013538260012865067
2806,23,0.015305761247873306
2807,23,0.01844293624162674
2808,23,0.011228065937757492
2809,23,0.014815020374953747
2810,23,0.02023545652627945
2811,23,0.012293606996536255
2812,23,0.009859064593911171
2813,24,0.021472947672009468
2814,24,0.0109327994287014
2815,24,0.0196613110601902
2816,24,0.0133802630007267
2817,24,0.022236719727516174
2818,24,0.1501636803150177
2819,24,0.005557027645409107
2820,24,0.016679562628269196
2821,24,0.006963885389268398
2822,24,0.16255855560302734
2823,24,0.029434576630592346
2824,24,0.01544881146401167
2825,24,0.011037538759410381
2826,24,0.011998038738965988
2827,24,0.01107874233275652
2828,24,0.022982941940426826
2829,24,0.010614332742989063
2830,24,0.020701222121715546
2831,24,0.01422329992055893
2832,24,0.013764314353466034
2833,24,0.012898390181362629
2834,24,0.14322632551193237
2835,24,0.015933778136968613
2836,24,0.006176798138767481
2837,24,0.013942327350378036
2838,24,0.015399633906781673
2839,24,0.028362290933728218
2840,24,0.018912971019744873
2841,24,0.017779052257537842
2842,24,0.014570163562893867
2843,24,0.01517711766064167
2844,24,0.009579189121723175
2845,24,0.01880425028502941
2846,24,0.01609930209815502
2847,24,0.00544854486361146
2848,24,0.011705443263053894
2849,24,0.0100244777277112
2850,24,0.02329970709979534
2851,24,0.014906959608197212
2852,24,0.010271667502820492
2853,24,0.017779339104890823
2854,24,0.014863813295960426
2855,24,0.012585759162902832
2856,24,0.013071521185338497
2857,24,0.01611446589231491
2858,24,0.012509934604167938
2859,24,0.013805851340293884
2860,24,0.008113129064440727
2861,24,0.007071726955473423
2862,24,0.011067735031247139
2863,24,0.01034105196595192
2864,24,0.019067902117967606
2865,24,0.014118102379143238
2866,24,0.01194114238023758
2867,24,0.01969543658196926
2868,24,0.027657100930809975
2869,24,0.006469370797276497
2870,24,0.012086869217455387
2871,24,0.13842129707336426
2872,24,0.007440628483891487
2873,24,0.020192468538880348
2874,24,0.013509193435311317
2875,24,0.00851512048393488
2876,24,0.018465306609869003
2877,24,0.005838737357407808
2878,24,0.013654319569468498
2879,24,0.01751566492021084
2880,24,0.006349468138068914
2881,24,0.02438245713710785
2882,24,0.009733954444527626
2883,24,0.0176378283649683
2884,24,0.01201125979423523
2885,24,0.013219138607382774
2886,24,0.01078278012573719
2887,24,0.010915335267782211
2888,24,0.014328602701425552
2889,24,0.011152146384119987
2890,24,0.008035523816943169
2891,24,0.005712508223950863
2892,24,0.010719423182308674
2893,24,0.010134199634194374
2894,24,0.008728978224098682
2895,24,0.014065071940422058
2896,24,0.013670195825397968
2897,24,0.012348613701760769
2898,24,0.01544704008847475
2899,24,0.009503558278083801
2900,24,0.011255747638642788
2901,24,0.013447880744934082
2902,24,0.014695916324853897
2903,24,0.010037943720817566
2904,24,0.010247763246297836
2905,24,0.00767864566296339
2906,24,0.016127608716487885
2907,24,0.012672330252826214
2908,24,0.013247625902295113
2909,24,0.017501506954431534
2910,24,0.008831744082272053
2911,24,0.013224939815700054
2912,24,0.010666826739907265
2913,24,0.011513744480907917
2914,24,0.14916817843914032
2915,24,0.007675589993596077
2916,24,0.009184226393699646
2917,24,0.005105738993734121
2918,24,0.01052820309996605
2919,24,0.01272257324308157
2920,24,0.0057061100378632545
2921,24,0.013775628060102463
2922,24,0.00792391411960125
2923,24,0.00584320817142725
2924,24,0.014526691287755966
2925,24,0.023164687678217888
2926,24,0.012832695618271828
2927,24,0.011571426875889301
2928,24,0.012792449444532394
2929,24,0.016575733199715614
2930,24,0.00771905155852437
2931,24,0.007152575068175793
2932,24,0.01090608723461628
2933,24,0.009938543662428856
2934,24,0.028757909312844276
2935,24,0.0068422043696045876
2936,24,0.0069238049909472466
2937,24,0.01341234240680933
2938,24,0.019952964037656784
2939,24,0.015154164284467697
2940,24,0.0061026825569570065
2941,24,0.16658984124660492
2942,24,0.00989948958158493
2943,24,0.011755646206438541
2944,24,0.011669290252029896
2945,24,0.014929547905921936
2946,24,0.009113961830735207
2947,24,0.014912525191903114
2948,24,0.013700323179364204
2949,24,0.02129042148590088
2950,24,0.006507120095193386
2951,24,0.011965680867433548
2952,24,0.007497431244701147
2953,24,0.014425283297896385
2954,24,0.012838754802942276
2955,24,0.26804879307746887
2956,24,0.01273040659725666
2957,24,0.02251467853784561
2958,24,0.012495150789618492
2959,24,0.013676615431904793
2960,24,0.013782819733023643
2961,24,0.020526384934782982
2962,24,0.012378199025988579
2963,25,0.01856730692088604
2964,25,0.009894140064716339
2965,25,0.01019078865647316
2966,25,0.014592505991458893
2967,25,0.01724192127585411
2968,25,0.015022780746221542
2969,25,0.00793284922838211
2970,25,0.14546670019626617
2971,25,0.007003677077591419
2972,25,0.012495345436036587
2973,25,0.015078219585120678
2974,25,0.019235996529459953
2975,25,0.021889232099056244
2976,25,0.02030099742114544
2977,25,0.010232396423816681
2978,25,0.02906613238155842
2979,25,0.15290795266628265
2980,25,0.010320155881345272
2981,25,0.00876663438975811
2982,25,0.14442071318626404
2983,25,0.00898874830454588
2984,25,0.16296689212322235
2985,25,0.017832644283771515
2986,25,0.016444090753793716
2987,25,0.019512146711349487
2988,25,0.009176029823720455
2989,25,0.01579580083489418
2990,25,0.012551845982670784
2991,25,0.01658720150589943
2992,25,0.015672119334340096
2993,25,0.16572266817092896
2994,25,0.011172721162438393
2995,25,0.023090308532118797
2996,25,0.009503230452537537
2997,25,0.014440847560763359
2998,25,0.027326077222824097
2999,25,0.015263057313859463
3000,25,0.01856624148786068
3001,25,0.02434552274644375
3002,25,0.02189447544515133
3003,25,0.014615720137953758
3004,25,0.019892852753400803
3005,25,0.01932643912732601
3006,25,0.022061625495553017
3007,26,0.014087814837694168
3008,26,0.011748547665774822
3009,26,0.024752825498580933
3010,26,0.013261512853205204
3011,26,0.012583177536725998
3012,26,0.018847215920686722
3013,26,0.013404463417828083
3014,26,0.007854841649532318
3015,26,0.009775573387742043
3016,26,0.016526296734809875
3017,26,0.014215248636901379
3018,26,0.01049510482698679
3019,26,0.02576649747788906
3020,26,0.011815812438726425
3021,26,0.015076279640197754
3022,26,0.014156436547636986
3023,26,0.015282402746379375
3024,26,0.012086284346878529
3025,26,0.013245590031147003
3026,26,0.014451920054852962
3027,26,0.01537717692553997
3028,26,0.026210378855466843
3029,26,0.2606404423713684
3030,26,0.01222674548625946
3031,26,0.02252647466957569
3032,26,0.013502934016287327
3033,27,0.01669640652835369
3034,27,0.013245359063148499
3035,27,0.011381920427083969
3036,27,0.014420283026993275
3037,27,0.016881203278899193
3038,27,0.02632490172982216
3039,27,0.01203811727464199
3040,27,0.02344212308526039
3041,27,0.015000773593783379
3042,27,0.01696719601750374
3043,27,0.020978884771466255
3044,27,0.015814926475286484
3045,27,0.15372557938098907
3046,27,0.019951704889535904
3047,27,0.02095654606819153
3048,27,0.01512193214148283
3049,27,0.137164905667305
3050,27,0.017996132373809814
3051,27,0.01866268925368786
3052,27,0.011819768697023392
3053,27,0.02058596722781658
3054,27,0.014041085727512836
3055,27,0.15252630412578583
3056,27,0.02298770472407341
3057,27,0.014393583871424198
3058,27,0.012563702650368214
3059,27,0.01805097982287407
3060,27,0.018277287483215332
3061,27,0.012144136242568493
3062,27,0.014302058145403862
3063,27,0.020138273015618324
3064,27,0.0244262907654047
3065,27,0.009093604981899261
3066,27,0.013175425119698048
3067,27,0.1449989676475525
3068,27,0.03597365692257881
3069,27,0.018961366266012192
3070,27,0.01748894713819027
3071,27,0.021164890378713608
3072,27,0.01787606067955494
3073,27,0.14210264384746552
3074,27,0.012160154059529305
3075,27,0.007476489990949631
3076,27,0.0171655360609293
3077,27,0.01803269423544407
3078,27,0.019739188253879547
3079,27,0.019067425280809402
3080,27,0.012295576743781567
3081,27,0.009704834781587124
3082,27,0.01283539179712534
3083,27,0.013373872265219688
3084,27,0.011871312744915485
3085,27,0.019233500584959984
3086,27,0.021805554628372192
3087,27,0.023029055446386337
3088,27,0.014326229691505432
3089,27,0.011908137239515781
3090,27,0.021016418933868408
3091,27,0.02136615477502346
3092,27,0.1376274973154068
3093,27,0.017781663686037064
3094,27,0.022106043994426727
3095,27,0.014258336275815964
3096,27,0.015806863084435463
3097,27,0.016031786799430847
3098,27,0.0162983275949955
3099,27,0.149517223238945
3100,28,0.017226824536919594
3101,28,0.02904430776834488
3102,28,0.01068769209086895
3103,28,0.02830689027905464
3104,28,0.011087168008089066
3105,28,0.016140658408403397
3106,28,0.013927057385444641
3107,28,0.007912328466773033
3108,28,0.012248421087861061
3109,28,0.017607899382710457
3110,28,0.015098386444151402
3111,28,0.011407040059566498
3112,28,0.012680577114224434
3113,28,0.01628681644797325
3114,28,0.010932540521025658
3115,28,0.012796422466635704
3116,28,0.16047881543636322
3117,28,0.13930587470531464
3118,28,0.02985978312790394
3119,28,0.009272271767258644
3120,28,0.017661772668361664
3121,28,0.0112968934699893
3122,28,0.00680872518569231
3123,28,0.011991855688393116
3124,28,0.2642078399658203
3125,28,0.011686138808727264
3126,28,0.013524951413273811
3127,28,0.14281558990478516
3128,28,0.0213357824832201
3129,28,0.1396443396806717
3130,28,0.14090004563331604
3131,28,0.015108690597116947
3132,28,0.1586032211780548
3133,28,0.015059662982821465
3134,28,0.0219828300178051
3135,28,0.01137455552816391
3136,28,0.01871355064213276
3137,28,0.026627175509929657
3138,28,0.012969143688678741
3139,28,0.02523544244468212
3140,28,0.013919093646109104
3141,28,0.012436095625162125
3142,28,0.01743684709072113
3143,28,0.15122631192207336
3144,28,0.14770257472991943
3145,28,0.015587073750793934
3146,28,0.013511724770069122
3147,28,0.01240939274430275
3148,28,0.030703257769346237
3149,28,0.017081983387470245
3150,28,0.02523144520819187
3151,28,0.011958438903093338
3152,28,0.011538879945874214
3153,28,0.019509468227624893
3154,28,0.013503734022378922
3155,28,0.020152263343334198
3156,28,0.018003519624471664
3157,28,0.011397925205528736
3158,28,0.00868653878569603
3159,28,0.015807073563337326
3160,28,0.019663643091917038
3161,28,0.026459693908691406
3162,28,0.007745642680674791
3163,28,0.015075553208589554
3164,28,0.01664191298186779
3165,28,0.018917834386229515
3166,28,0.012146557681262493
3167,28,0.012881234288215637
3168,28,0.012335741892457008
3169,28,0.023053716868162155
3170,28,0.010667620226740837
3171,28,0.014684997498989105
3172,28,0.009882871992886066
3173,28,0.015509295277297497
3174,28,0.15063297748565674
3175,28,0.15132461488246918
3176,28,0.015378007665276527
3177,28,0.00987910758703947
3178,28,0.025470487773418427
3179,28,0.024023212492465973
3180,28,0.022331958636641502
3181,28,0.021602900698781013
3182,28,0.012820487841963768
3183,28,0.015287012793123722
3184,28,0.018472010269761086
3185,28,0.01860705390572548
3186,28,0.013272174634039402
3187,28,0.01868649199604988
3188,28,0.010970473289489746
3189,28,0.15844787657260895
3190,28,0.010339134372770786
3191,28,0.027401207014918327
3192,28,0.14155320823192596
3193,28,0.015497342683374882
3194,28,0.020080650225281715
3195,28,0.1632232666015625
3196,29,0.01705099269747734
3197,29,0.022565923631191254
3198,29,0.011910606175661087
3199,29,0.02561219409108162
3200,29,0.01219641137868166
3201,29,0.016084054484963417
3202,29,0.007417989429086447
3203,29,0.012299997732043266
3204,29,0.010680824518203735
3205,29,0.030098900198936462
3206,29,0.015698984265327454
3207,29,0.14790628850460052
3208,29,0.023497378453612328
3209,29,0.013284413143992424
3210,29,0.1582738757133484
3211,29,0.13726194202899933
3212,29,0.013988489285111427
3213,29,0.011004787869751453
3214,29,0.02022247016429901
3215,29,0.022318199276924133
3216,29,0.028043091297149658
3217,29,0.020615581423044205
3218,29,0.016892623156309128
3219,29,0.019543137401342392
3220,30,0.008543534204363823
3221,30,0.1553134024143219
3222,30,0.013666548766195774
3223,30,0.025511058047413826
3224,30,0.016971254721283913
3225,30,0.02098655514419079
3226,30,0.014775681309401989
3227,30,0.01633782871067524
3228,30,0.010493647307157516
3229,30,0.14850342273712158
3230,30,0.02418828196823597
3231,30,0.01598373055458069
3232,30,0.008945739828050137
3233,30,0.010812290944159031
3234,30,0.022574367001652718
3235,30,0.01685040071606636
3236,30,0.01529325358569622
3237,30,0.017632219940423965
3238,30,0.02456456609070301
3239,30,0.013775726780295372
3240,30,0.01529538631439209
3241,30,0.14912113547325134
3242,30,0.01856106147170067
3243,30,0.009928474202752113
3244,30,0.014911875128746033
3245,30,0.01847115159034729
3246,30,0.009487331844866276
3247,30,0.014103744179010391
3248,30,0.02099691703915596
3249,30,0.015417799353599548
3250,30,0.02026672475039959
3251,30,0.017536239698529243
3252,30,0.03847777470946312
3253,30,0.16846130788326263
3254,30,0.03205285966396332
3255,30,0.04731331020593643
3256,30,0.021184038370847702
3257,30,0.025146501138806343
3258,30,0.1521252691745758
3259,30,0.020357534289360046
3260,30,0.015300416387617588
3261,30,0.017182476818561554
3262,30,0.1415846347808838
3263,30,0.043690234422683716
3264,30,0.015562859363853931
3265,30,0.032121866941452026
3266,30,0.019450964406132698
3267,30,0.013955611735582352
3268,30,0.025836598128080368
3269,30,0.02280246466398239
3270,30,0.01871388778090477
3271,30,0.01787932589650154
3272,30,0.019123559817671776
3273,30,0.01891448348760605
3274,30,0.01810540072619915
3275,30,0.14696307480335236
3276,30,0.03667677566409111
3277,30,0.030313115566968918
3278,30,0.023633597418665886
3279,30,0.022386979311704636
3280,30,0.030261041596531868
3281,30,0.013685082085430622
3282,30,0.016507672145962715
3283,30,0.012636694125831127
3284,30,0.02217579260468483
3285,30,0.02498883754014969
3286,30,0.01440448872745037
3287,30,0.009117985144257545
3288,30,0.014923513866961002
3289,30,0.019149793311953545
3290,30,0.14571258425712585
3291,30,0.01740240678191185
3292,30,0.026207437738776207
3293,30,0.008359340019524097
3294,30,0.01969948038458824
3295,30,0.03058057464659214
3296,30,0.14549843966960907
3297,30,0.01854056306183338
3298,30,0.1542329639196396
3299,30,0.12968485057353973
3300,30,0.010081126354634762
3301,30,0.020986881107091904
3302,30,0.018720857799053192
3303,30,0.014914341270923615
3304,30,0.1625232696533203
3305,30,0.15186001360416412
3306,30,0.015150506980717182
3307,30,0.007131136488169432
3308,30,0.024087999016046524
3309,30,0.026420071721076965
3310,30,0.1491570919752121
3311,30,0.015087376348674297
3312,30,0.017551980912685394
3313,30,0.016289373859763145
3314,30,0.023323342204093933
3315,30,0.020765941590070724
3316,30,0.023136891424655914
3317,30,0.027467617765069008
3318,30,0.02566562034189701
3319,30,0.01438053883612156
3320,30,0.016556989401578903
3321,30,0.018604034557938576
3322,30,0.017448533326387405
3323,30,0.020688580349087715
3324,30,0.012871826998889446
3325,30,0.006308022420853376
3326,30,0.010101774707436562
3327,30,0.01052433717995882
3328,30,0.023035071790218353
3329,30,0.13629011809825897
3330,30,0.021489983424544334
3331,30,0.011309224180877209
3332,30,0.010456106625497341
3333,30,0.019702767953276634
3334,30,0.015837537124753
3335,30,0.02321869693696499
3336,30,0.020567184314131737
3337,30,0.011825407855212688
3338,30,0.015082603320479393
3339,30,0.014382300898432732
3340,30,0.01696397177875042
3341,30,0.018590455874800682
3342,30,0.012834346853196621
3343,30,0.01434295903891325
3344,30,0.012444860301911831
3345,30,0.012658576481044292
3346,30,0.012225068174302578
3347,30,0.15017059445381165
3348,30,0.01935986801981926
3349,30,0.01766955293715
3350,30,0.02062302641570568
3351,30,0.022475959733128548
3352,30,0.014278541319072247
3353,30,0.01267586275935173
3354,30,0.015809569507837296
3355,30,0.02102545276284218
3356,30,0.016017407178878784
3357,30,0.012917337007820606
3358,30,0.02904878556728363
3359,30,0.013217922300100327
3360,30,0.020326998084783554
3361,30,0.017645275220274925
3362,30,0.14913611114025116
3363,30,0.02125525288283825
3364,30,0.1484893560409546
3365,30,0.016525736078619957
3366,30,0.011043895035982132
3367,30,0.16079142689704895
3368,30,0.010050447657704353
3369,30,0.017480000853538513
3370,31,0.018869109451770782
3371,31,0.15644116699695587
3372,31,0.12984351813793182
3373,31,0.13601432740688324
3374,31,0.02280425652861595
3375,31,0.03390355408191681
3376,31,0.13825835287570953
3377,31,0.1334335207939148
3378,31,0.020270293578505516
3379,31,0.015474008396267891
3380,31,0.025584198534488678
3381,31,0.012137414887547493
3382,31,0.28177666664123535
3383,31,0.024712160229682922
3384,31,0.021046794950962067
3385,31,0.013629838824272156
3386,31,0.018579907715320587
3387,31,0.006308105308562517
3388,31,0.01571585237979889
3389,31,0.013130989857017994
3390,31,0.020509228110313416
3391,31,0.020113034173846245
3392,31,0.011549841612577438
3393,31,0.016211168840527534
3394,31,0.019229337573051453
3395,31,0.019520999863743782
3396,31,0.14698433876037598
3397,31,0.02522868663072586
3398,31,0.019389063119888306
3399,31,0.024540912359952927
3400,31,0.009060935117304325
3401,31,0.024954618886113167
3402,31,0.024680092930793762
3403,31,0.01221216470003128
3404,31,0.022805122658610344
3405,31,0.016525782644748688
3406,31,0.01452711969614029
3407,31,0.011410336941480637
3408,31,0.01397189311683178
3409,31,0.014820358715951443
3410,31,0.020358430221676826
3411,31,0.025255098938941956
3412,31,0.015739386901259422
3413,31,0.024595463648438454
3414,31,0.12386054545640945
3415,31,0.025891335681080818
3416,31,0.014712725766003132
3417,31,0.1566460132598877
3418,31,0.1343728005886078
3419,31,0.011220525950193405
3420,31,0.027432972565293312
3421,31,0.02086418867111206
3422,31,0.12610644102096558
3423,31,0.012944203801453114
3424,31,0.017363524064421654
3425,31,0.018205083906650543
3426,31,0.016498543322086334
3427,31,0.025279011577367783
3428,31,0.011589258909225464
3429,31,0.0191190242767334
3430,31,0.032897207885980606
3431,31,0.015566331334412098
3432,31,0.01552438922226429
3433,31,0.022951604798436165
3434,31,0.014715526252985
3435,31,0.017700335010886192
3436,31,0.13091415166854858
3437,32,0.018357787281274796
3438,32,0.017558572813868523
3439,32,0.022294141352176666
3440,32,0.010857602581381798
3441,32,0.0181887224316597
3442,32,0.017853869125247
3443,32,0.015563186258077621
3444,32,0.02275966852903366
3445,32,0.019270028918981552
3446,32,0.015496408566832542
3447,32,0.015514069236814976
3448,32,0.13799327611923218
3449,32,0.01873686909675598
3450,32,0.013027798384428024
3451,32,0.14152832329273224
3452,32,0.012020986527204514
3453,32,0.12772099673748016
3454,32,0.008485917001962662
3455,32,0.023426072672009468
3456,32,0.018104612827301025
3457,32,0.016083789989352226
3458,32,0.01312723383307457
3459,32,0.3952716290950775
3460,32,0.012568033300340176
3461,32,0.019322006031870842
3462,32,0.018326791003346443
3463,32,0.012745394371449947
3464,32,0.011517127975821495
3465,32,0.011766599491238594
3466,32,0.15546461939811707
3467,32,0.01199231669306755
3468,32,0.018617834895849228
3469,32,0.025255529209971428
3470,32,0.1406572014093399
3471,32,0.018695246428251266
3472,32,0.019861044362187386
3473,32,0.01281619444489479
3474,32,0.015989376232028008
3475,32,0.018424922600388527
3476,32,0.017756208777427673
3477,32,0.012208296917378902
3478,32,0.01771669276058674
3479,32,0.015327933244407177
3480,32,0.16065223515033722
3481,32,0.024294016882777214
3482,32,0.013282623142004013
3483,32,0.014681536704301834
3484,32,0.012041929177939892
3485,32,0.026523347944021225
3486,32,0.014460017904639244
3487,32,0.016837336122989655
3488,32,0.014805329032242298
3489,32,0.010937049984931946
3490,32,0.012322168797254562
3491,32,0.016993448138237
3492,32,0.008934267796576023
3493,32,0.008872334845364094
3494,32,0.01806020736694336
3495,32,0.017152443528175354
3496,32,0.021102331578731537
3497,32,0.14681798219680786
3498,32,0.011710816994309425
3499,32,0.0063504804857075214
3500,32,0.014658274129033089
3501,32,0.03133227676153183
3502,32,0.019693538546562195
3503,32,0.02492409199476242
3504,32,0.02415088191628456
3505,32,0.16227532923221588
3506,32,0.018702002242207527
3507,32,0.04480564966797829
3508,32,0.03644312918186188
3509,32,0.028222166001796722
3510,32,0.030168144032359123
3511,32,0.014103168621659279
3512,32,0.021077971905469894
3513,32,0.1501690149307251
3514,32,0.038669731467962265
3515,32,0.019780103117227554
3516,32,0.026080604642629623
3517,32,0.02666083164513111
3518,32,0.03219498693943024
3519,32,0.013940026983618736
3520,32,0.02995622530579567
3521,32,0.016674838960170746
3522,32,0.13956661522388458
3523,32,0.026332885026931763
3524,32,0.019125960767269135
3525,32,0.012789531610906124
3526,32,0.025088991969823837
3527,32,0.019197337329387665
3528,32,0.011892920359969139
3529,32,0.027605116367340088
3530,32,0.13475291430950165
3531,32,0.02872670814394951
3532,32,0.015618527308106422
3533,32,0.02095843106508255
3534,32,0.15897269546985626
3535,32,0.017795393243432045
3536,32,0.01357959397137165
3537,32,0.02464425191283226
3538,32,0.017382092773914337
3539,32,0.0203840509057045
3540,32,0.022829938679933548
3541,32,0.1427089124917984
3542,32,0.02827787958085537
3543,32,0.015150067396461964
3544,32,0.02140854299068451
3545,32,0.02070852555334568
3546,32,0.029592249542474747
3547,32,0.024422122165560722
3548,32,0.03316507861018181
3549,32,0.027562536299228668
3550,32,0.016950048506259918
3551,32,0.018927279859781265
3552,32,0.02118060179054737
3553,32,0.016912953928112984
3554,32,0.13578471541404724
3555,32,0.0232543982565403
3556,32,0.01825776882469654
3557,32,0.021272538229823112
3558,32,0.023793399333953857
3559,32,0.022765260189771652
3560,32,0.01336450781673193
3561,32,0.02373327873647213
3562,32,0.13808031380176544
3563,32,0.02702304907143116
3564,32,0.018765302374958992
3565,32,0.014359320513904095
3566,32,0.01614047773182392
3567,32,0.019016120582818985
3568,32,0.0262643713504076
3569,32,0.13069413602352142
3570,32,0.027641642838716507
3571,32,0.016398895531892776
3572,32,0.013027641922235489
3573,32,0.1389217972755432
3574,32,0.025726614519953728
3575,32,0.019324544817209244
3576,32,0.021872233599424362
3577,32,0.15209737420082092
3578,32,0.025357278063893318
3579,32,0.02105339802801609
3580,32,0.02043270505964756
3581,32,0.014135733246803284
3582,32,0.1450340300798416
3583,32,0.01916789449751377
3584,32,0.02254597097635269
3585,32,0.019306855276226997
3586,32,0.0182163305580616
3587,33,0.015127415768802166
3588,33,0.14066320657730103
3589,33,0.014038033783435822
3590,33,0.012272818945348263
3591,33,0.02335430681705475
3592,33,0.13640770316123962
3593,33,0.021249104291200638
3594,33,0.018300633877515793
3595,33,0.016666090115904808
3596,33,0.02096588909626007
3597,33,0.019021378830075264
3598,33,0.016573309898376465
3599,33,0.020272431895136833
3600,33,0.029835980385541916
3601,33,0.13336928188800812
3602,33,0.13496911525726318
3603,33,0.019824272021651268
3604,33,0.01290383841842413
3605,33,0.02354647032916546
3606,33,0.02251843549311161
3607,33,0.015409988351166248
3608,33,0.013728213496506214
3609,33,0.014444629661738873
3610,33,0.01587628945708275
3611,33,0.019601095467805862
3612,33,0.013939585536718369
3613,33,0.022378448396921158
3614,33,0.02552350051701069
3615,33,0.016730427742004395
3616,33,0.018036779016256332
3617,33,0.019057119265198708
3618,33,0.0260442104190588
3619,33,0.13361512124538422
3620,33,0.01699640229344368
3621,33,0.014719837345182896
3622,33,0.02771781012415886
3623,33,0.02082243375480175
3624,33,0.015093764290213585
3625,33,0.021666625514626503
3626,33,0.018281545490026474
3627,33,0.1418866515159607
3628,33,0.013944366946816444
3629,33,0.016178419813513756
3630,33,0.015154398046433926
3631,33,0.024702567607164383
3632,33,0.012434538453817368
3633,33,0.01081655640155077
3634,33,0.1300816386938095
3635,33,0.018664639443159103
3636,33,0.011748727411031723
3637,33,0.013776305131614208
3638,33,0.019392957910895348
3639,33,0.015184657648205757
3640,33,0.016237476840615273
3641,33,0.12510740756988525
3642,33,0.02325175330042839
3643,33,0.018941272050142288
3644,33,0.027707111090421677
3645,33,0.01990444026887417
3646,33,0.023462459444999695
3647,33,0.01688283495604992
3648,33,0.020118549466133118
3649,33,0.14867693185806274
3650,33,0.017624562606215477
3651,34,0.021212035790085793
3652,34,0.010870872065424919
3653,34,0.015667876228690147
3654,34,0.027161167934536934
3655,34,0.026658061891794205
3656,34,0.015643391758203506
3657,34,0.02309349924325943
3658,34,0.025746868923306465
3659,34,0.017649535089731216
3660,34,0.017474520951509476
3661,34,0.13602766394615173
3662,34,0.010780776850879192
3663,34,0.021659737452864647
3664,34,0.013778788037598133
3665,34,0.13206009566783905
3666,34,0.01803264394402504
3667,34,0.011943128891289234
3668,34,0.0432332307100296
3669,34,0.019811436533927917
3670,34,0.01651512272655964
3671,34,0.24795293807983398
3672,34,0.030866609886288643
3673,34,0.021576808765530586
3674,34,0.02403971366584301
3675,34,0.012122048996388912
3676,34,0.023046080023050308
3677,34,0.03150825574994087
3678,34,0.021832728758454323
3679,34,0.25023213028907776
3680,34,0.01672937348484993
3681,34,0.021140091121196747
3682,34,0.14802783727645874
3683,34,0.02092101238667965
3684,34,0.011302793398499489
3685,34,0.01992177776992321
3686,34,0.02553444541990757
3687,34,0.015322781167924404
3688,34,0.016631605103611946
3689,34,0.023678354918956757
3690,34,0.015315764583647251
3691,34,0.018761001527309418
3692,34,0.020161136984825134
3693,34,0.010985353030264378
3694,34,0.014074396342039108
3695,34,0.12522082030773163
3696,34,0.02780137024819851
3697,34,0.01694503054022789
3698,34,0.01853768527507782
3699,34,0.026675768196582794
3700,34,0.020578574389219284
3701,34,0.01192393247038126
3702,34,0.02172187715768814
3703,34,0.03327192738652229
3704,34,0.013993339613080025
3705,34,0.013702425174415112
3706,34,0.013605442829430103
3707,34,0.011939684860408306
3708,34,0.01991068758070469
3709,34,0.01635734923183918
3710,34,0.012973249889910221
3711,34,0.012810252606868744
3712,34,0.13733552396297455
3713,34,0.02729427069425583
3714,34,0.017914453521370888
3715,34,0.029739346355199814
3716,34,0.012481315061450005
3717,34,0.018396146595478058
3718,34,0.014771778136491776
3719,34,0.021378489211201668
3720,34,0.13498333096504211
3721,34,0.022859258577227592
3722,34,0.01866081729531288
3723,34,0.02307700365781784
3724,34,0.12428800761699677
3725,34,0.024187151342630386
3726,34,0.01901993900537491
3727,34,0.12838561832904816
3728,34,0.0216729287058115
3729,34,0.0271080881357193
3730,34,0.02418629266321659
3731,34,0.13330845534801483
3732,34,0.019030097872018814
3733,34,0.03052680380642414
3734,34,0.016289927065372467
3735,34,0.01536710374057293
3736,34,0.02549242042005062
3737,34,0.13077685236930847
3738,34,0.016026483848690987
3739,34,0.015258502215147018
3740,34,0.017074279487133026
3741,34,0.01613376848399639
3742,34,0.007259905803948641
3743,34,0.023906409740447998
3744,34,0.02001871168613434
3745,34,0.14614339172840118
3746,34,0.024768907576799393
3747,34,0.01103200763463974
3748,34,0.01325964368879795
3749,34,0.01775156520307064
3750,34,0.01480849739164114
3751,34,0.02923102118074894
3752,34,0.035283178091049194
3753,34,0.03790988400578499
3754,34,0.02699841745197773
3755,34,0.015019736252725124
3756,34,0.020298801362514496
3757,34,0.0161786787211895
3758,34,0.020902343094348907
3759,34,0.24898706376552582
3760,34,0.021754929795861244
3761,34,0.018060963600873947
3762,34,0.02985304966568947
3763,34,0.02086837962269783
3764,34,0.022087011486291885
3765,34,0.014743550680577755
3766,34,0.1280634105205536
3767,34,0.029683664441108704
3768,34,0.02384946681559086
3769,34,0.028858184814453125
3770,34,0.023079153150320053
3771,34,0.02903754636645317
3772,34,0.030292386189103127
3773,34,0.03454649820923805
3774,34,0.15974758565425873
3775,34,0.017136024311184883
3776,34,0.03654829412698746
3777,34,0.02968984842300415
3778,34,0.02110554464161396
3779,34,0.02359997108578682
3780,34,0.012725385837256908
3781,34,0.02443089708685875
3782,34,0.1257452517747879
3783,34,0.02543085440993309
3784,34,0.02588615193963051
3785,34,0.021178755909204483
3786,34,0.021767089143395424
3787,34,0.13359621167182922
3788,34,0.02105521224439144
3789,34,0.018271764740347862
3790,34,0.016287632286548615
3791,34,0.13217958807945251
3792,34,0.01985056884586811
3793,34,0.1386992186307907
3794,34,0.012946778908371925
3795,34,0.030774738639593124
3796,34,0.12211310863494873
3797,34,0.01903211511671543
3798,34,0.022417740896344185
3799,34,0.13307948410511017
3800,34,0.019247084856033325
3801,35,0.14561407268047333
3802,35,0.023566976189613342
3803,35,0.01786161959171295
3804,35,0.024949844926595688
3805,35,0.014741379767656326
3806,35,0.014971205033361912
3807,35,0.01959589123725891
3808,35,0.12294312566518784
3809,35,0.12899823486804962
3810,35,0.028064249083399773
3811,35,0.022129181772470474
3812,35,0.02318885549902916
3813,35,0.032417334616184235
3814,35,0.029382454231381416
3815,35,0.015479875728487968
3816,35,0.01697276346385479
3817,35,0.015972085297107697
3818,35,0.008116449229419231
3819,35,0.02393443137407303
3820,35,0.012492167763411999
3821,35,0.01887463964521885
3822,35,0.01583193987607956
3823,35,0.021780509501695633
3824,35,0.010850902646780014
3825,35,0.013114647008478642
3826,35,0.1481531709432602
3827,35,0.014522597193717957
3828,35,0.01720953732728958
3829,35,0.013069426640868187
3830,35,0.010979222133755684
3831,35,0.019017143175005913
3832,35,0.020047390833497047
3833,35,0.02073649875819683
3834,35,0.031238676980137825
3835,35,0.013799534179270267
3836,35,0.021265201270580292
3837,35,0.024601608514785767
3838,35,0.021919578313827515
3839,35,0.01209600642323494
3840,35,0.014718296006321907
3841,35,0.015976108610630035
3842,35,0.1451028734445572
3843,35,0.02314859628677368
3844,35,0.02853892743587494
3845,35,0.015900040045380592
3846,35,0.023636791855096817
3847,35,0.012218199670314789
3848,35,0.1254015415906906
3849,35,0.020589860156178474
3850,35,0.016266219317913055
3851,35,0.03867949917912483
3852,35,0.013617100194096565
3853,35,0.02169465646147728
3854,35,0.009308136068284512
3855,35,0.015443638898432255
3856,35,0.020746104419231415
3857,35,0.012343632988631725
3858,35,0.02405332773923874
3859,35,0.01929931528866291
3860,35,0.02529032528400421
3861,35,0.025145193561911583
3862,35,0.014147472567856312
3863,35,0.0390637144446373
3864,35,0.02091825008392334
3865,35,0.02646321803331375
3866,35,0.01817350462079048
3867,35,0.01034662127494812
3868,35,0.02408965677022934
3869,35,0.13326330482959747
3870,35,0.02661130204796791
3871,35,0.016944710165262222
3872,35,0.01186535693705082
3873,35,0.01739499531686306
3874,35,0.12503117322921753
3875,35,0.01697365567088127
3876,35,0.02852580137550831
3877,35,0.01164196990430355
3878,35,0.015965715050697327
3879,35,0.021511971950531006
3880,35,0.017684202641248703
3881,35,0.029986578971147537
3882,35,0.015232283622026443
3883,35,0.018044887110590935
3884,35,0.015989189967513084
3885,35,0.017943046987056732
3886,35,0.016381079331040382
3887,35,0.014538327232003212
3888,35,0.0190205667167902
3889,35,0.015078557655215263
3890,35,0.030996162444353104
3891,35,0.012647300027310848
3892,35,0.021769516170024872
3893,35,0.016910448670387268
3894,35,0.03123575821518898
3895,35,0.025064680725336075
3896,35,0.014983365312218666
3897,35,0.00656086253002286
3898,35,0.018871759995818138
3899,35,0.00818762555718422
3900,35,0.02129879593849182
3901,35,0.1292785257101059
3902,35,0.016254283487796783
3903,35,0.01921135187149048
3904,35,0.12826880812644958
3905,35,0.012200972996652126
3906,35,0.013745789416134357
3907,35,0.1253327578306198
3908,35,0.11926423758268356
3909,35,0.009446317330002785
3910,35,0.12418635934591293
3911,35,0.10842496156692505
3912,35,0.02345891483128071
3913,35,0.020596960559487343
3914,35,0.014394896104931831
3915,35,0.01651681959629059
3916,35,0.020363841205835342
3917,35,0.013122188858687878
3918,35,0.015790993347764015
3919,35,0.12563270330429077
3920,35,0.017520243301987648
3921,35,0.01983819156885147
3922,35,0.011573162861168385
3923,35,0.030097369104623795
3924,35,0.022881049662828445
3925,35,0.12281756103038788
3926,35,0.13414116203784943
3927,35,0.020892612636089325
3928,35,0.028233159333467484
3929,35,0.016104336827993393
3930,35,0.024592027068138123
3931,35,0.030946794897317886
3932,35,0.015647299587726593
3933,35,0.019751226529479027
3934,35,0.019218040630221367
3935,35,0.01713189296424389
3936,35,0.03912287577986717
3937,35,0.023302579298615456
3938,35,0.022308388724923134
3939,35,0.014042050577700138
3940,35,0.013524211011826992
3941,35,0.023360345512628555
3942,35,0.15406256914138794
3943,35,0.027139872312545776
3944,35,0.021283555775880814
3945,35,0.029823731631040573
3946,35,0.01633250154554844
3947,35,0.024113526567816734
3948,35,0.24093863368034363
3949,36,0.018543004989624023
3950,36,0.016559623181819916
3951,36,0.018775131553411484
3952,36,0.025374898687005043
3953,36,0.018770579248666763
3954,36,0.019988246262073517
3955,36,0.009759506210684776
3956,36,0.01784389093518257
3957,36,0.024780042469501495
3958,36,0.021343380212783813
3959,36,0.0198588315397501
3960,36,0.015790438279509544
3961,36,0.016393082216382027
3962,36,0.01810389570891857
3963,36,0.015853941440582275
3964,36,0.01492853183299303
3965,36,0.11077818274497986
3966,36,0.01648661494255066
3967,36,0.11967087537050247
3968,36,0.015121088363230228
3969,36,0.012678312137722969
3970,36,0.01601123996078968
3971,36,0.014507013373076916
3972,36,0.014533682726323605
3973,36,0.013377356342971325
3974,36,0.01818361133337021
3975,36,0.024377983063459396
3976,36,0.015541095286607742
3977,36,0.022031962871551514
3978,36,0.016546381637454033
3979,36,0.02621796913444996
3980,36,0.019041121006011963
3981,36,0.018872937187552452
3982,36,0.024131380021572113
3983,36,0.13400278985500336
3984,36,0.024549439549446106
3985,36,0.017264964058995247
3986,36,0.028755992650985718
3987,36,0.014426462352275848
3988,36,0.02231779135763645
3989,36,0.021381255239248276
3990,36,0.013658738695085049
3991,36,0.12210220098495483
3992,36,0.017244650050997734
3993,36,0.018286418169736862
3994,36,0.021247223019599915
3995,36,0.023803917691111565
3996,36,0.019947092980146408
3997,36,0.12269969284534454
3998,36,0.026858389377593994
3999,36,0.015260841697454453
4000,36,0.02067756839096546
4001,36,0.034349799156188965
4002,36,0.012105285190045834
4003,36,0.14155951142311096
4004,36,0.015121585689485073
4005,36,0.01650702953338623
4006,36,0.027542097494006157
4007,36,0.12682057917118073
4008,36,0.13314038515090942
4009,36,0.02857283316552639
4010,36,0.019818801432847977
4011,36,0.020238220691680908
4012,36,0.12395194917917252
4013,36,0.014246444217860699
4014,36,0.12338147312402725
4015,36,0.024868227541446686
4016,36,0.019972117617726326
4017,36,0.021189717575907707
4018,36,0.017844494432210922
4019,36,0.025639083236455917
4020,36,0.018881168216466904
4021,36,0.011609528213739395
4022,36,0.12089472264051437
4023,36,0.019709181040525436
4024,36,0.040168989449739456
4025,36,0.01815783977508545
4026,36,0.017570089548826218
4027,36,0.12868794798851013
4028,36,0.12175334244966507
4029,36,0.014494300819933414
4030,36,0.011527132242918015
4031,36,0.013356193900108337
4032,36,0.02464519999921322
4033,36,0.12323127686977386
4034,36,0.020145868882536888
4035,36,0.04020869731903076
4036,36,0.016990739852190018
4037,36,0.02117234468460083
4038,36,0.035337649285793304
4039,36,0.018124187365174294
4040,36,0.013966044411063194
4041,36,0.12640437483787537
4042,36,0.022438950836658478
4043,36,0.024651117622852325
4044,36,0.025872716680169106
4045,36,0.023690221831202507
4046,36,0.03251388669013977
4047,36,0.03872843086719513
4048,36,0.028551824390888214
4049,36,0.1498216837644577
4050,36,0.015048272907733917
4051,36,0.027241434901952744
4052,36,0.017938371747732162
4053,36,0.017142001539468765
4054,36,0.023566441610455513
4055,36,0.03310345485806465
4056,36,0.12691834568977356
4057,36,0.01201283372938633
4058,36,0.02647199109196663
4059,36,0.12134433537721634
4060,36,0.02148422785103321
4061,36,0.013363370671868324
4062,36,0.015497496351599693
4063,36,0.026418689638376236
4064,36,0.02032342180609703
4065,36,0.01939736120402813
4066,36,0.01857476495206356
4067,36,0.014993901364505291
4068,36,0.035543475300073624
4069,36,0.02556796185672283
4070,36,0.020446330308914185
4071,36,0.03943556547164917
4072,36,0.11750200390815735
4073,36,0.11417807638645172
4074,36,0.028865322470664978
4075,36,0.02989218384027481
4076,36,0.030883241444826126
4077,36,0.02031235583126545
4078,36,0.01843768171966076
4079,36,0.1272166669368744
4080,36,0.032925836741924286
4081,36,0.03381715714931488
4082,36,0.023314718157052994
4083,36,0.0189998559653759
4084,36,0.03907625377178192
4085,36,0.016008295118808746
4086,36,0.02227109484374523
4087,36,0.03239859268069267
4088,36,0.02808484621345997
4089,36,0.024228030815720558
4090,36,0.03114100731909275
4091,36,0.0273006409406662
4092,36,0.02599707990884781
4093,36,0.017695020884275436
4094,36,0.029504016041755676
4095,36,0.11700917780399323
4096,36,0.016142766922712326
4097,36,0.11879421770572662
4098,36,0.03614918515086174
4099,37,0.018756408244371414
4100,37,0.015431782230734825
4101,37,0.014176198281347752
4102,37,0.012621569447219372
4103,37,0.02052261494100094
4104,37,0.030076637864112854
4105,37,0.01240509282797575
4106,37,0.01684882678091526
4107,37,0.11452039331197739
4108,37,0.01902875490486622
4109,37,0.014366782270371914
4110,37,0.022602621465921402
4111,37,0.13059192895889282
4112,37,0.13209110498428345
4113,37,0.01404818519949913
4114,37,0.017977509647607803
4115,37,0.026359613984823227
4116,37,0.011080969125032425
4117,37,0.022430505603551865
4118,37,0.016630930826067924
4119,37,0.029958344995975494
4120,37,0.021174119785428047
4121,37,0.022867966443300247
4122,37,0.021183624863624573
4123,37,0.016966011375188828
4124,37,0.010108903050422668
4125,37,0.015933727845549583
4126,37,0.013256402686238289
4127,37,0.023104559630155563
4128,37,0.03276817500591278
4129,37,0.012910619378089905
4130,37,0.022693568840622902
4131,37,0.03362627699971199
4132,37,0.013063122518360615
4133,37,0.023140087723731995
4134,37,0.016247499734163284
4135,37,0.024896621704101562
4136,37,0.036047086119651794
4137,37,0.01913226954638958
4138,37,0.01866382546722889
4139,37,0.029100770130753517
4140,37,0.01958238147199154
4141,37,0.03580351546406746
4142,37,0.1142454743385315
4143,37,0.1327299326658249
4144,37,0.015189851634204388
4145,37,0.034546878188848495
4146,37,0.10652514547109604
4147,37,0.02349061891436577
4148,37,0.019323430955410004
4149,37,0.017132146283984184
4150,37,0.016958186402916908
4151,37,0.025290323421359062
4152,37,0.016737228259444237
4153,37,0.11282507330179214
4154,37,0.02225532941520214
4155,37,0.01179225742816925
4156,37,0.01751852035522461
4157,37,0.017738379538059235
4158,37,0.016352754086256027
4159,37,0.01945667713880539
4160,37,0.027497388422489166
4161,37,0.01359102874994278
4162,37,0.018406759947538376
4163,37,0.018436361104249954
4164,37,0.009895578026771545
4165,37,0.02858252450823784
4166,37,0.021299296990036964
4167,37,0.023579685017466545
4168,37,0.029182033613324165
4169,37,0.1210084855556488
4170,37,0.0189064871519804
4171,37,0.020871279761195183
4172,37,0.017227068543434143
4173,37,0.122248575091362
4174,37,0.02172260731458664
4175,37,0.024605311453342438
4176,37,0.02151130884885788
4177,37,0.02746203914284706
4178,37,0.011317973956465721
4179,37,0.012010292150080204
4180,37,0.01851745694875717
4181,37,0.016008440405130386
4182,37,0.025700515136122704
4183,37,0.01386731956154108
4184,37,0.014086244627833366
4185,37,0.019886629655957222
4186,37,0.016876667737960815
4187,37,0.020388100296258926
4188,37,0.014359388500452042
4189,37,0.015101343393325806
4190,37,0.014755208976566792
4191,37,0.015514403581619263
4192,37,0.024631716310977936
4193,37,0.11720525473356247
4194,37,0.01796073466539383
4195,37,0.021662777289748192
4196,37,0.018257349729537964
4197,37,0.02301018312573433
4198,37,0.11956144869327545
4199,37,0.017775245010852814
4200,37,0.13634614646434784
4201,37,0.012755215167999268
4202,37,0.012601151131093502
4203,37,0.033538833260536194
4204,37,0.016422124579548836
4205,37,0.01992075704038143
4206,37,0.021991249173879623
4207,37,0.034880489110946655
4208,38,0.025357943028211594
4209,38,0.01853387989103794
4210,38,0.027109190821647644
4211,38,0.02496272139251232
4212,38,0.022680841386318207
4213,38,0.02352912910282612
4214,38,0.12543869018554688
4215,38,0.01527832169085741
4216,38,0.01947106048464775
4217,38,0.11735591292381287
4218,38,0.12496922165155411
4219,38,0.029189253225922585
4220,38,0.01368163712322712
4221,38,0.12476976215839386
4222,38,0.022241653874516487
4223,38,0.02149067260324955
4224,38,0.038597576320171356
4225,38,0.01884746365249157
4226,38,0.01208055391907692
4227,38,0.016240589320659637
4228,39,0.04753237962722778
4229,39,0.018983157351613045
4230,39,0.022185463458299637
4231,39,0.029774077236652374
4232,39,0.01941077411174774
4233,39,0.11397131532430649
4234,39,0.021654371172189713
4235,39,0.12168942391872406
4236,39,0.12297840416431427
4237,39,0.022038938477635384
4238,39,0.013590812683105469
4239,39,0.017754914239048958
4240,39,0.011436054483056068
4241,39,0.017301175743341446
4242,39,0.022412151098251343
4243,39,0.027100330218672752
4244,39,0.012066669762134552
4245,39,0.0130116306245327
4246,39,0.01619962975382805
4247,39,0.026961514726281166
4248,39,0.125803142786026
4249,39,0.013702575117349625
4250,39,0.012141787447035313
4251,39,0.05048886686563492
4252,39,0.038282688707113266
4253,39,0.02542206272482872
4254,39,0.02841019816696644
4255,39,0.022638116031885147
4256,39,0.01857520081102848
4257,39,0.019251085817813873
4258,39,0.029419759288430214
4259,39,0.03477336838841438
4260,39,0.022337093949317932
4261,39,0.026113906875252724
4262,39,0.030627012252807617
4263,39,0.026375683024525642
4264,39,0.13876375555992126
4265,39,0.03998376801609993
4266,39,0.019169682636857033
4267,39,0.05052827671170235
4268,39,0.12608709931373596
4269,39,0.0386645644903183
4270,40,0.036366935819387436
4271,40,0.03361492604017258
4272,40,0.0200349073857069
4273,40,0.025712456554174423
4274,40,0.12923412024974823
4275,40,0.031950272619724274
4276,40,0.040573593229055405
4277,40,0.03440958634018898
4278,40,0.019523005932569504
4279,40,0.026605363935232162
4280,40,0.018421385437250137
4281,40,0.014167873188853264
4282,40,0.027958372607827187
4283,40,0.02508065104484558
4284,41,0.03191101551055908
4285,41,0.01821126416325569
4286,41,0.02758517861366272
4287,41,0.14075498282909393
4288,41,0.04642575979232788
4289,41,0.016342870891094208
4290,41,0.02091268263757229
4291,41,0.02030041441321373
4292,41,0.03460380434989929
4293,41,0.12787367403507233
4294,41,0.02281622216105461
4295,41,0.02091035060584545
4296,41,0.11525439471006393
4297,41,0.027497395873069763
4298,41,0.11861196160316467
4299,41,0.02224087342619896
4300,41,0.01680956594645977
4301,41,0.024519288912415504
4302,41,0.03443985432386398
4303,41,0.12335781753063202
4304,41,0.04056050628423691
4305,41,0.02486916072666645
4306,41,0.10788346081972122
4307,41,0.02840668521821499
4308,41,0.033830635249614716
4309,41,0.13128384947776794
4310,41,0.12386815994977951
4311,41,0.02321501635015011
4312,41,0.019152117893099785
4313,41,0.029367394745349884
4314,41,0.02633177675306797
4315,41,0.12737783789634705
4316,41,0.027452491223812103
4317,41,0.028109468519687653
4318,41,0.021738367155194283
4319,41,0.02258484996855259
4320,41,0.018151728436350822
4321,41,0.03426973521709442
4322,41,0.0242527537047863
4323,41,0.02781851403415203
4324,41,0.12587518990039825
4325,41,0.017355404794216156
4326,41,0.027279380708932877
4327,41,0.02655833214521408
4328,42,0.03733187913894653
4329,42,0.11609803885221481
4330,42,0.01705378107726574
4331,42,0.022655922919511795
4332,42,0.025444770231842995
4333,42,0.029435932636260986
4334,42,0.011927472427487373
4335,42,0.0186060331761837
4336,42,0.12811590731143951
4337,42,0.021461782976984978
4338,42,0.01906120777130127
4339,42,0.02093503065407276
4340,42,0.03091125190258026
4341,42,0.0321538969874382
4342,42,0.12779270112514496
4343,42,0.11269550025463104
4344,42,0.02116604708135128
4345,42,0.008582395501434803
4346,42,0.025343963876366615
4347,42,0.018623191863298416
4348,42,0.026355579495429993
4349,42,0.20560559630393982
4350,42,0.02719404734671116
4351,42,0.12444306164979935
4352,42,0.02659628540277481
4353,42,0.018073752522468567
4354,42,0.018185166642069817
4355,42,0.024651743471622467
4356,42,0.017059409990906715
4357,42,0.11087042838335037
4358,42,0.02459169365465641
4359,42,0.21132656931877136
4360,42,0.019031496718525887
4361,42,0.010379097424447536
4362,42,0.14127202332019806
4363,42,0.03065917082130909
4364,42,0.029772158712148666
4365,42,0.11939353495836258
4366,42,0.025934653356671333
4367,42,0.020047366619110107
4368,42,0.018380504101514816
4369,42,0.026382608339190483
4370,42,0.018665313720703125
4371,42,0.10663799941539764
4372,42,0.030176552012562752
4373,42,0.016343271359801292
4374,42,0.02022753655910492
4375,42,0.018388379365205765
4376,42,0.03280879184603691
4377,42,0.017638899385929108
4378,42,0.022738052532076836
4379,42,0.020527679473161697
4380,42,0.12020204216241837
4381,42,0.1225767657160759
4382,42,0.016889911144971848
4383,42,0.02709144912660122
4384,42,0.022312616929411888
4385,42,0.0322641097009182
4386,42,0.0238331388682127
4387,42,0.032423488795757294
4388,42,0.017120320349931717
4389,42,0.11047327518463135
4390,42,0.2073717564344406
4391,42,0.02840508706867695
4392,42,0.01127580925822258
4393,42,0.01582169160246849
4394,42,0.10969623178243637
4395,42,0.024380803108215332
4396,42,0.02098492532968521
4397,42,0.13358443975448608
4398,42,0.0239824540913105
4399,42,0.023609992116689682
4400,42,0.02150576002895832
4401,42,0.016970306634902954
4402,42,0.02192445658147335
4403,42,0.019815267994999886
4404,42,0.02939329296350479
4405,42,0.017336640506982803
4406,42,0.022314544767141342
4407,42,0.02527640201151371
4408,42,0.025158509612083435
4409,42,0.1193598061800003
4410,42,0.018793495371937752
4411,42,0.11452935636043549
4412,42,0.02761651575565338
4413,42,0.12873831391334534
4414,42,0.02430817484855652
4415,42,0.01808946765959263
4416,42,0.01818447932600975
4417,42,0.10760167241096497
4418,42,0.022677116096019745
4419,42,0.018021702766418457
4420,42,0.016177931800484657
4421,42,0.1154581755399704
4422,42,0.111630380153656
4423,42,0.1282331794500351
4424,42,0.03644472360610962
4425,42,0.029213692992925644
4426,42,0.02452033758163452
4427,42,0.016678165644407272
4428,42,0.138096883893013
4429,42,0.012085922062397003
4430,42,0.02098676562309265
4431,42,0.017457570880651474
4432,42,0.03360212594270706
4433,42,0.017992975190281868
4434,42,0.01799413561820984
4435,42,0.016159920021891594
4436,42,0.1226043701171875
4437,42,0.023977890610694885
4438,42,0.12122569233179092
4439,42,0.11866650730371475
4440,42,0.024884400889277458
4441,42,0.11513998359441757
4442,42,0.11399863660335541
4443,42,0.031694196164608
4444,42,0.02550177089869976
4445,42,0.014597354456782341
4446,42,0.010313198901712894
4447,42,0.021877966821193695
4448,42,0.022528644651174545
4449,42,0.01763627678155899
4450,42,0.024227332323789597
4451,42,0.011999965645372868
4452,42,0.11236388981342316
4453,42,0.02096521481871605
4454,42,0.016042539849877357
4455,42,0.022858351469039917
4456,42,0.031181983649730682
4457,42,0.029583852738142014
4458,42,0.024250952526926994
4459,42,0.029574431478977203
4460,42,0.028301522135734558
4461,42,0.02940574288368225
4462,42,0.019016290083527565
4463,42,0.021965786814689636
4464,42,0.01296653039753437
4465,42,0.014966827817261219
4466,42,0.020095398649573326
4467,42,0.11408721655607224
4468,42,0.01697634905576706
4469,42,0.02471078559756279
4470,42,0.02629988081753254
4471,42,0.0300514604896307
4472,42,0.016702985391020775
4473,42,0.03326962888240814
4474,42,0.016024021431803703
4475,42,0.03216591477394104
4476,42,0.017837366089224815
4477,42,0.01619040034711361
4478,43,0.02521880716085434
4479,43,0.20775775611400604
4480,43,0.017051422968506813
4481,43,0.016043605282902718
4482,43,0.012222468852996826
4483,43,0.026813697069883347
4484,43,0.013107022270560265
4485,43,0.02222275547683239
4486,43,0.015591847710311413
4487,43,0.022230491042137146
4488,43,0.019324932247400284
4489,43,0.018390264362096786
4490,43,0.11750280857086182
4491,43,0.10570990294218063
4492,43,0.024158800020813942
4493,43,0.014947080053389072
4494,43,0.021606864407658577
4495,43,0.014617731794714928
4496,43,0.014682239852845669
4497,43,0.0212447177618742
4498,43,0.02404726669192314
4499,43,0.021598653867840767
4500,43,0.023323267698287964
4501,43,0.033629707992076874
4502,43,0.03881238400936127
4503,43,0.08105815201997757
4504,43,0.05944252014160156
4505,43,0.028108445927500725
4506,43,0.029635608196258545
4507,43,0.11795496195554733
4508,43,0.019679732620716095
4509,43,0.20267070829868317
4510,43,0.2965671420097351
4511,43,0.033206116408109665
4512,43,0.1303720325231552
4513,43,0.032313380390405655
4514,43,0.0283527672290802
4515,43,0.13516752421855927
4516,43,0.02188442088663578
4517,43,0.13178038597106934
4518,43,0.026030629873275757
4519,43,0.03782133385539055
4520,43,0.03516465798020363
4521,43,0.04266319423913956
4522,43,0.12254559993743896
4523,43,0.029067663475871086
4524,43,0.0337824821472168
4525,43,0.13871480524539948
4526,43,0.016532346606254578
4527,43,0.04141776263713837
4528,43,0.03393266722559929
4529,43,0.03058452159166336
4530,43,0.01655534654855728
4531,43,0.02757161296904087
4532,43,0.03526068851351738
4533,43,0.03132305294275284
4534,43,0.023593882098793983
4535,43,0.026550844311714172
4536,43,0.20305408537387848
4537,43,0.01864418014883995
4538,43,0.025106655433773994
4539,43,0.03717426210641861
4540,43,0.02337336726486683
4541,43,0.031777273863554
4542,43,0.13057589530944824
4543,43,0.021973486989736557
4544,43,0.025802142918109894
4545,43,0.02394137717783451
4546,43,0.052673205733299255
4547,43,0.023453114554286003
4548,43,0.030121561139822006
4549,43,0.11043205112218857
4550,43,0.020343352109193802
4551,43,0.02297145500779152
4552,43,0.02086835354566574
4553,43,0.02188274823129177
4554,43,0.020658480003476143
4555,43,0.1111372709274292
4556,43,0.023726781830191612
4557,43,0.02909008413553238
4558,43,0.03505409508943558
4559,43,0.09839463979005814
4560,43,0.022240694612264633
4561,43,0.03317948430776596
4562,43,0.03486505150794983
4563,43,0.12651433050632477
4564,43,0.019873512908816338
4565,43,0.009687409736216068
4566,43,0.10332291573286057
4567,43,0.01837982051074505
4568,43,0.02018139697611332
4569,43,0.028218142688274384
4570,43,0.10118383169174194
4571,43,0.024477757513523102
4572,43,0.03986997902393341
4573,43,0.21226206421852112
4574,43,0.1154431626200676
4575,43,0.10770771652460098
4576,43,0.0194108784198761
4577,43,0.027475930750370026
4578,43,0.036856509745121
4579,43,0.02819114178419113
4580,43,0.029835864901542664
4581,43,0.031015925109386444
4582,43,0.028773633763194084
4583,43,0.029930390417575836
4584,43,0.0295396838337183
4585,43,0.029768992215394974
4586,43,0.10521950572729111
4587,43,0.04567699506878853
4588,43,0.11423587054014206
4589,43,0.024126293137669563
4590,43,0.027333056554198265
4591,43,0.11482875794172287
4592,43,0.023608960211277008
4593,43,0.025755291804671288
4594,43,0.017288144677877426
4595,43,0.03449591249227524
4596,43,0.022046862170100212
4597,43,0.10474734753370285
4598,43,0.027853569015860558
4599,43,0.023380393162369728
4600,43,0.014574759639799595
4601,43,0.023370610550045967
4602,43,0.01636786013841629
4603,43,0.021847756579518318
4604,43,0.11411604285240173
4605,43,0.014777361415326595
4606,43,0.016970936208963394
4607,43,0.020701730623841286
4608,43,0.02054094523191452
4609,43,0.019256465137004852
4610,43,0.031631410121917725
4611,43,0.016812188550829887
4612,43,0.13206897675991058
4613,43,0.02323113940656185
4614,43,0.024812741205096245
4615,43,0.10662877559661865
4616,43,0.12075798213481903
4617,43,0.11481329798698425
4618,43,0.09598054736852646
4619,43,0.01885382831096649
4620,43,0.028026871383190155
4621,43,0.018323110416531563
4622,43,0.025075264275074005
4623,43,0.10863818973302841
4624,43,0.02869591675698757
4625,43,0.023525044322013855
4626,43,0.019246192649006844
4627,43,0.1339077204465866
4628,44,0.11919726431369781
4629,44,0.014838969334959984
4630,44,0.03587779030203819
4631,44,0.10394029319286346
4632,44,0.11514846980571747
4633,44,0.025221988558769226
4634,44,0.0985577329993248
4635,44,0.014615030027925968
4636,44,0.023418832570314407
4637,44,0.013669636100530624
4638,44,0.015653563663363457
4639,44,0.10676569491624832
4640,44,0.10480188578367233
4641,44,0.03466704487800598
4642,44,0.019778411835432053
4643,44,0.01296639908105135
4644,44,0.016152409836649895
4645,44,0.012096880003809929
4646,44,0.017067600041627884
4647,44,0.013084660284221172
4648,44,0.020872827619314194
4649,44,0.027915680781006813
4650,44,0.029278714209794998
4651,44,0.03543373942375183
4652,44,0.018286019563674927
4653,44,0.013658076524734497
4654,44,0.02055864781141281
4655,44,0.013915295712649822
4656,44,0.17729687690734863
4657,44,0.012951628305017948
4658,44,0.014986141584813595
4659,44,0.012771407142281532
4660,44,0.021997978910803795
4661,44,0.11458474397659302
4662,44,0.02811439149081707
4663,44,0.03071494586765766
4664,44,0.016770679503679276
4665,44,0.007997790351510048
4666,44,0.010461974889039993
4667,44,0.03177741542458534
4668,44,0.014583193697035313
4669,44,0.0437663234770298
4670,44,0.015136758796870708
4671,44,0.024671439081430435
4672,44,0.021806295961141586
4673,44,0.04889072850346565
4674,44,0.01632557064294815
4675,44,0.01576455496251583
4676,44,0.024707673117518425
4677,44,0.017514541745185852
4678,44,0.02086571790277958
4679,44,0.02374185435473919
4680,44,0.020199399441480637
4681,44,0.018201371654868126
4682,44,0.10954118520021439
4683,44,0.020703814923763275
4684,44,0.022970352321863174
4685,44,0.01597733609378338
4686,44,0.18696525692939758
4687,44,0.02321886271238327
4688,44,0.023312032222747803
4689,44,0.0201245304197073
4690,44,0.03078203648328781
4691,44,0.19686704874038696
4692,44,0.012193499132990837
4693,44,0.015732023864984512
4694,44,0.01721416413784027
4695,44,0.035217199474573135
4696,44,0.018319614231586456
4697,44,0.025465328246355057
4698,44,0.01963937096297741
4699,44,0.13326998054981232
4700,44,0.016978662461042404
4701,44,0.02351485751569271
4702,44,0.024850690737366676
4703,44,0.018749650567770004
4704,44,0.01503201574087143
4705,44,0.03219771757721901
4706,44,0.1055993065237999
4707,44,0.11080726981163025
4708,44,0.023605365306138992
4709,44,0.039515793323516846
4710,44,0.03449179232120514
4711,44,0.09580648690462112
4712,44,0.01706496812403202
4713,44,0.10139191895723343
4714,44,0.01726187765598297
4715,44,0.1095232293009758
4716,44,0.02629493921995163
4717,44,0.03059701807796955
4718,44,0.09269482642412186
4719,44,0.10146013647317886
4720,44,0.09837736189365387
4721,44,0.1122499331831932
4722,44,0.02246355637907982
4723,44,0.018918579444289207
4724,44,0.015915675088763237
4725,44,0.02265157736837864
4726,44,0.017328977584838867
4727,44,0.029707547277212143
4728,44,0.013879849575459957
4729,44,0.018215559422969818
4730,44,0.017565686255693436
4731,44,0.015673670917749405
4732,44,0.032074086368083954
4733,44,0.022500820457935333
4734,44,0.018450433388352394
4735,44,0.028076520189642906
4736,44,0.10782630741596222
4737,44,0.12446673959493637
4738,44,0.023489931598305702
4739,44,0.03443214297294617
4740,44,0.02545817568898201
4741,44,0.021757205948233604
4742,44,0.03414583206176758
4743,44,0.12690916657447815
4744,44,0.026799866929650307
4745,44,0.020676443353295326
4746,44,0.039132844656705856
4747,44,0.02733229473233223
4748,44,0.025425590574741364
4749,44,0.015733424574136734
4750,44,0.11033071577548981
4751,44,0.055694419890642166
4752,44,0.04133249819278717
4753,44,0.11195860058069229
4754,44,0.023181941360235214
4755,44,0.047530222684144974
4756,44,0.04018961265683174
4757,44,0.05125712230801582
4758,44,0.027999304234981537
4759,44,0.12247984856367111
4760,44,0.028759637847542763
4761,44,0.039281632751226425
4762,44,0.036036357283592224
4763,44,0.031347211450338364
4764,44,0.1127924770116806
4765,44,0.05273286625742912
4766,44,0.1123482882976532
4767,44,0.03575228154659271
4768,44,0.024927737191319466
4769,44,0.037489134818315506
4770,44,0.01724725030362606
4771,44,0.022970058023929596
4772,44,0.10461296886205673
4773,44,0.028638137504458427
4774,44,0.04971235990524292
4775,44,0.11712302267551422
4776,44,0.028815729543566704
4777,44,0.03047746792435646
4778,45,0.1306045800447464
4779,45,0.11939960718154907
4780,45,0.11581197381019592
4781,45,0.017047928646206856
4782,45,0.05545305088162422
4783,45,0.023826003074645996
4784,45,0.017918912693858147
4785,45,0.022409426048398018
4786,45,0.02117314003407955
4787,45,0.03457168489694595
4788,45,0.030110377818346024
4789,45,0.03840932995080948
4790,45,0.021002283319830894
4791,45,0.03435114398598671
4792,45,0.025871481746435165
4793,45,0.025290660560131073
4794,45,0.10648837685585022
4795,45,0.02189079485833645
4796,45,0.024977613240480423
4797,45,0.02311038225889206
4798,45,0.03232443332672119
4799,45,0.025337474420666695
4800,45,0.017488840967416763
4801,45,0.027553677558898926
4802,45,0.04628023877739906
4803,45,0.031244544312357903
4804,45,0.02847028337419033
4805,45,0.022646643221378326
4806,45,0.01881604641675949
4807,45,0.02761770412325859
4808,45,0.028331220149993896
4809,45,0.026199504733085632
4810,45,0.029295790940523148
4811,45,0.03833929821848869
4812,45,0.10580068081617355
4813,45,0.01575290970504284
4814,45,0.023688802495598793
4815,45,0.1110093966126442
4816,45,0.035021647810935974
4817,45,0.02553834393620491
4818,45,0.09491228312253952
4819,45,0.026772914454340935
4820,45,0.03274061530828476
4821,45,0.019793326035141945
4822,45,0.028523460030555725
4823,45,0.03195715323090553
4824,45,0.08895277976989746
4825,45,0.09810347855091095
4826,45,0.026011232286691666
4827,45,0.10857343673706055
4828,45,0.034150391817092896
4829,45,0.10670406371355057
4830,45,0.11381503194570541
4831,45,0.028609683737158775
4832,45,0.016723832115530968
4833,45,0.02482251450419426
4834,45,0.030651874840259552
4835,45,0.11196064949035645
4836,45,0.018258672207593918
4837,45,0.022577062249183655
4838,45,0.09301181882619858
4839,45,0.026950553059577942
4840,45,0.10594511032104492
4841,45,0.028599539771676064
4842,45,0.026832614094018936
4843,45,0.01681409403681755
4844,45,0.012645808048546314
4845,45,0.03189926967024803
4846,45,0.028057394549250603
4847,45,0.12181174755096436
4848,45,0.02273370325565338
4849,45,0.025208359584212303
4850,45,0.02628687396645546
4851,45,0.013389237225055695
4852,45,0.08555286377668381
4853,45,0.01820143312215805
4854,46,0.024655014276504517
4855,46,0.017337359488010406
4856,46,0.021608658134937286
4857,46,0.0167229101061821
4858,46,0.013591955415904522
4859,46,0.033059194684028625
4860,46,0.014641067013144493
4861,46,0.09044399857521057
4862,46,0.016014929860830307
4863,46,0.033674173057079315
4864,46,0.01734798774123192
4865,46,0.03076290711760521
4866,46,0.03000788204371929
4867,46,0.026085909456014633
4868,46,0.0240344125777483
4869,46,0.017542805522680283
4870,46,0.01591772958636284
4871,46,0.015690002590417862
4872,46,0.013569334521889687
4873,46,0.11984064429998398
4874,46,0.023562420159578323
4875,46,0.007333948742598295
4876,46,0.016222033649683
4877,46,0.013109281659126282
4878,46,0.030034339055418968
4879,46,0.026926696300506592
4880,46,0.016379913315176964
4881,46,0.028714273124933243
4882,46,0.015676356852054596
4883,46,0.02088054083287716
4884,46,0.020199906080961227
4885,46,0.014382514171302319
4886,46,0.017345236614346504
4887,46,0.03695487603545189
4888,46,0.019546261057257652
4889,46,0.030805880203843117
4890,46,0.01637554168701172
4891,46,0.11111641675233841
4892,46,0.10872682183980942
4893,46,0.02469923347234726
4894,46,0.023425297811627388
4895,46,0.09951513260602951
4896,46,0.01817789115011692
4897,46,0.033427875488996506
4898,46,0.025169208645820618
4899,46,0.016840606927871704
4900,46,0.09371926635503769
4901,46,0.022503336891531944
4902,46,0.02555510774254799
4903,46,0.017713705077767372
4904,46,0.0399533212184906
4905,46,0.022234812378883362
4906,46,0.03798389062285423
4907,46,0.03634239360690117
4908,46,0.021964065730571747
4909,46,0.26823410391807556
4910,46,0.018098557367920876
4911,46,0.039538461714982986
4912,46,0.02387760952115059
4913,46,0.02068718522787094
4914,46,0.017638593912124634
4915,46,0.018112804740667343
4916,46,0.011778510175645351
4917,46,0.03981228172779083
4918,46,0.09921174496412277
4919,46,0.04498504474759102
4920,46,0.1077699065208435
4921,46,0.10936185717582703
4922,46,0.015322991646826267
4923,46,0.024679848924279213
4924,46,0.014144058339297771
4925,46,0.02454141527414322
4926,46,0.009005904197692871
4927,46,0.03223105147480965
4928,46,0.020507358014583588
4929,46,0.047532230615615845
4930,46,0.10132209211587906
4931,46,0.039361000061035156
4932,46,0.03538542240858078
4933,46,0.037967581301927567
4934,46,0.027706436812877655
4935,46,0.10097108036279678
4936,46,0.025649508461356163
4937,46,0.01743042655289173
4938,46,0.01567886397242546
4939,46,0.03725477308034897
4940,46,0.01648753695189953
4941,46,0.10832186043262482
4942,46,0.028339402750134468
4943,46,0.08734866976737976
4944,46,0.036022432148456573
4945,46,0.018024448305368423
4946,46,0.016584308817982674
4947,46,0.029705703258514404
4948,46,0.016154441982507706
4949,46,0.017604347318410873
4950,46,0.030619541183114052
4951,46,0.04339347034692764
4952,46,0.013260424137115479
4953,46,0.09468415379524231
4954,46,0.02412303164601326
4955,46,0.01882338337600231
4956,46,0.022225558757781982
4957,46,0.02688002772629261
4958,46,0.030382072553038597
4959,46,0.021348439157009125
4960,46,0.023677481338381767
4961,46,0.01819383166730404
4962,46,0.015522957779467106
4963,46,0.020709674805402756
4964,46,0.015136013738811016
4965,46,0.08516420423984528
4966,46,0.024332690984010696
4967,46,0.022141363471746445
4968,46,0.021681711077690125
4969,46,0.022579191252589226
4970,47,0.04229522868990898
4971,47,0.024927636608481407
4972,47,0.01688845455646515
4973,47,0.014233545400202274
4974,47,0.026323366910219193
4975,47,0.019325774163007736
4976,47,0.030835643410682678
4977,47,0.02996552735567093
4978,47,0.017715105786919594
4979,47,0.015860548242926598
4980,47,0.01465320773422718
4981,47,0.023788724094629288
4982,47,0.029578980058431625
4983,48,0.01520652323961258
4984,48,0.016841139644384384
4985,48,0.10288840532302856
4986,48,0.26169732213020325
4987,48,0.0301568191498518
4988,48,0.024589959532022476
4989,48,0.13256487250328064
4990,48,0.04061872139573097
4991,48,0.013981989584863186
4992,49,0.0888122022151947
4993,49,0.01751634106040001
4994,49,0.01772623509168625
4995,49,0.2813597321510315
4996,49,0.1001608744263649
4997,49,0.030147306621074677
4998,49,0.09755848348140717
4999,49,0.029462628066539764
5000,49,0.017006419599056244
5001,49,0.06961940228939056
5002,49,0.035031504929065704
5003,49,0.041897207498550415
5004,49,0.020919177681207657
5005,49,0.04083429276943207
5006,49,0.10024627298116684
5007,49,0.04424513503909111
5008,49,0.04124301299452782
5009,49,0.03704019635915756
5010,49,0.12320689111948013
5011,49,0.044230811297893524
5012,49,0.033576782792806625
5013,49,0.03543209657073021
5014,49,0.022500503808259964
5015,49,0.01426076889038086
5016,49,0.020007731392979622
5017,49,0.1084088385105133
5018,49,0.026619093492627144
5019,49,0.01865210011601448
5020,49,0.014344338327646255
5021,49,0.02779603935778141
5022,49,0.01965378224849701
5023,49,0.03395606577396393
5024,49,0.12292968481779099
5025,49,0.02755090221762657
5026,49,0.026112206280231476
5027,49,0.02278926596045494
5028,49,0.026585828512907028
5029,49,0.023747898638248444
5030,49,0.026855310425162315
5031,49,0.02631322853267193
5032,49,0.027530891820788383
5033,49,0.09890269488096237
5034,49,0.01668608747422695
5035,49,0.0171806700527668
5036,49,0.028986778110265732
5037,49,0.053172145038843155
5038,49,0.017245713621377945
5039,49,0.0197066068649292
5040,49,0.023978304117918015
5041,49,0.0343959778547287
5042,49,0.038795143365859985
5043,49,0.042262546718120575
5044,49,0.020372647792100906
5045,49,0.08918250352144241
5046,49,0.0961703434586525
5047,49,0.027895478531718254
5048,49,0.09779449552297592
5049,49,0.10604546964168549
5050,49,0.04544313997030258
5051,49,0.018071938306093216
5052,49,0.0270676426589489
5053,49,0.032057587057352066
5054,49,0.03752227500081062
5055,49,0.023281995207071304
5056,49,0.0443282313644886
5057,49,0.0414925143122673
5058,49,0.033631451427936554
5059,49,0.027202721685171127
5060,49,0.02105591632425785
5061,49,0.05252319946885109
5062,49,0.02574174292385578
5063,49,0.02814369462430477
5064,49,0.023714125156402588
5065,49,0.029204020276665688
5066,49,0.03210889548063278
5067,49,0.09702437371015549
5068,49,0.03557177260518074
5069,49,0.024520043283700943
5070,49,0.016399232670664787
5071,50,0.020581264048814774
5072,50,0.024306902661919594
5073,50,0.032587263733148575
5074,50,0.04141465947031975
5075,50,0.03989750146865845
5076,50,0.03154988959431648
5077,50,0.03983667120337486
5078,50,0.029844919219613075
5079,50,0.09141435474157333
5080,50,0.02352997660636902
5081,50,0.03196777403354645
5082,50,0.011662861332297325
5083,50,0.0267772413790226
5084,50,0.016602888703346252
5085,50,0.03591761738061905
5086,50,0.1002475917339325
5087,50,0.016204707324504852
5088,50,0.04337519407272339
5089,50,0.09281550347805023
5090,50,0.021494608372449875
5091,50,0.029308171942830086
5092,50,0.024019388481974602
5093,50,0.026554003357887268
5094,50,0.12523625791072845
5095,50,0.026230499148368835
5096,50,0.02365105226635933
5097,50,0.1019916981458664
5098,50,0.02556263655424118
5099,50,0.09829001128673553
5100,50,0.02820703014731407
5101,50,0.09308452159166336
5102,50,0.03177425265312195
5103,50,0.10560180991888046
5104,50,0.09955773502588272
5105,50,0.019553236663341522
5106,50,0.03764469549059868
5107,50,0.027165908366441727
5108,50,0.11385593563318253
5109,50,0.019278690218925476
5110,50,0.03526623174548149
5111,50,0.12511949241161346
5112,50,0.025403061881661415
5113,50,0.020332397893071175
5114,50,0.02568705566227436
5115,50,0.03920730948448181
5116,50,0.11554137617349625
5117,50,0.04650658741593361
5118,50,0.017210977151989937
5119,50,0.02754642628133297
5120,50,0.019473537802696228
5121,50,0.021395143121480942
5122,50,0.027702920138835907
5123,50,0.02641807496547699
5124,50,0.10387355089187622
5125,50,0.031181147322058678
5126,50,0.023315519094467163
5127,50,0.02430722676217556
5128,50,0.019504021853208542
5129,50,0.017436280846595764
5130,50,0.025317344814538956
5131,50,0.08905675262212753
5132,50,0.02041742391884327
5133,50,0.1366480439901352
5134,50,0.016450006514787674
5135,50,0.08391852676868439
5136,50,0.015443483367562294
5137,50,0.012553554028272629
5138,50,0.09585607796907425
5139,50,0.09392613917589188
5140,50,0.08821896463632584
5141,50,0.025354856625199318
5142,50,0.022297227755188942
5143,50,0.08168589323759079
5144,50,0.01627219468355179
5145,50,0.02492179535329342
5146,50,0.17381788790225983
5147,50,0.024625692516565323
5148,50,0.037550561130046844
5149,50,0.09874967485666275
5150,50,0.027796929702162743
5151,50,0.028292400762438774
5152,50,0.016413670033216476
5153,50,0.01910075545310974
5154,50,0.037729568779468536
5155,50,0.015898678451776505
5156,51,0.02851368673145771
5157,51,0.03700955957174301
5158,51,0.011698153801262379
5159,51,0.028028693050146103
5160,51,0.03707332909107208
5161,51,0.09720493108034134
5162,51,0.09541937708854675
5163,51,0.1567046195268631
5164,51,0.016852205619215965
5165,51,0.014457106590270996
5166,51,0.040347326546907425
5167,51,0.03230881318449974
5168,51,0.024883052334189415
5169,51,0.02713264711201191
5170,51,0.017143692821264267
5171,51,0.029311848804354668
5172,51,0.035360366106033325
5173,51,0.033139344304800034
5174,51,0.034786149859428406
5175,51,0.01564447581768036
5176,51,0.03676440194249153
5177,51,0.01524575985968113
5178,51,0.03055681847035885
5179,51,0.02456747181713581
5180,51,0.0271821990609169
5181,51,0.08721081167459488
5182,51,0.03568049892783165
5183,51,0.016480708494782448
5184,51,0.023728562518954277
5185,51,0.023019250482320786
5186,51,0.030697641894221306
5187,51,0.025044135749340057
5188,51,0.02474452182650566
5189,51,0.013971526175737381
5190,51,0.032935626804828644
5191,51,0.01826193928718567
5192,51,0.03441343083977699
5193,51,0.1020381972193718
5194,51,0.10147044062614441
5195,51,0.021964726969599724
5196,51,0.03215527534484863
5197,51,0.037369776517152786
5198,51,0.1167817935347557
5199,51,0.029067039489746094
5200,51,0.013559559360146523
5201,51,0.1753019094467163
5202,51,0.01912800781428814
5203,51,0.09129785001277924
5204,51,0.02779795415699482
5205,51,0.09681936353445053
5206,51,0.02062995173037052
5207,51,0.03256377577781677
5208,51,0.040889136493206024
5209,51,0.02300240844488144
5210,51,0.0241926908493042
5211,51,0.01651586964726448
5212,51,0.031081486493349075
5213,51,0.027905631810426712
5214,51,0.09039206057786942
5215,51,0.012491391971707344
5216,51,0.08387138694524765
5217,51,0.03917573019862175
5218,51,0.016354525461792946
5219,51,0.09678094834089279
5220,51,0.022052763029932976
5221,51,0.029711667448282242
5222,51,0.08136794716119766
5223,51,0.0759458839893341
5224,51,0.029993852600455284
5225,51,0.08106580376625061
5226,51,0.01928301528096199
5227,52,0.02094239555299282
5228,52,0.015020052902400494
5229,52,0.24055331945419312
5230,52,0.04024609178304672
5231,52,0.027565935626626015
5232,52,0.025885658338665962
5233,52,0.03258201852440834
5234,52,0.029122861102223396
5235,52,0.03992126137018204
5236,52,0.030456535518169403
5237,52,0.026352519169449806
5238,52,0.08490469306707382
5239,52,0.014205110259354115
5240,52,0.0892842635512352
5241,52,0.01598666049540043
5242,52,0.15800946950912476
5243,52,0.021545935422182083
5244,52,0.09281176328659058
5245,52,0.03656300902366638
5246,52,0.030147287994623184
5247,52,0.027405817061662674
5248,52,0.019738979637622833
5249,52,0.0344044454395771
5250,52,0.020688368007540703
5251,52,0.04631051421165466
5252,52,0.028114866465330124
5253,52,0.03270278871059418
5254,52,0.049756698310375214
5255,52,0.03577153757214546
5256,52,0.04570150375366211
5257,52,0.03169596940279007
5258,52,0.04823124036192894
5259,52,0.0171651691198349
5260,52,0.04795058071613312
5261,52,0.03559235855937004
5262,52,0.049483802169561386
5263,52,0.03093751333653927
5264,52,0.04691309481859207
5265,52,0.02416890487074852
5266,52,0.023816470056772232
5267,52,0.11872322112321854
5268,52,0.030728958547115326
5269,52,0.033014800399541855
5270,52,0.04028624668717384
5271,52,0.018854497000575066
5272,52,0.01574401929974556
5273,53,0.09130306541919708
5274,53,0.0150426235049963
5275,53,0.09718941152095795
5276,53,0.018409883603453636
5277,53,0.025046123191714287
5278,53,0.025891471654176712
5279,53,0.03704509884119034
5280,53,0.018888160586357117
5281,53,0.03077172115445137
5282,53,0.038283322006464005
5283,53,0.028145965188741684
5284,53,0.018938353285193443
5285,53,0.014576760120689869
5286,53,0.10139074176549911
5287,53,0.08603501319885254
5288,53,0.08966890722513199
5289,53,0.09113867580890656
5290,53,0.026711687445640564
5291,53,0.016598038375377655
5292,53,0.032992541790008545
5293,53,0.08818988502025604
5294,54,0.0983990952372551
5295,54,0.03395191952586174
5296,54,0.03364185988903046
5297,54,0.15529516339302063
5298,54,0.0362217016518116
5299,54,0.05299326777458191
5300,54,0.11363120377063751
5301,54,0.0783751904964447
5302,54,0.08227184414863586
5303,54,0.16533313691616058
5304,54,0.08673643320798874
5305,54,0.10138413310050964
5306,54,0.03395954146981239
5307,54,0.08191611617803574
5308,54,0.08426020294427872
5309,54,0.11365129053592682
5310,54,0.10039084404706955
5311,54,0.02768346667289734
5312,54,0.02568768337368965
5313,54,0.16095784306526184
5314,54,0.10296125710010529
5315,54,0.0914113000035286
5316,54,0.03641224279999733
5317,54,0.02154279127717018
5318,54,0.028827300295233727
5319,54,0.026136064901947975
5320,54,0.12013372778892517
5321,54,0.03745650872588158
5322,54,0.04811756685376167
5323,54,0.03347748517990112
5324,54,0.09885488450527191
5325,54,0.09841931611299515
5326,54,0.10322584956884384
5327,54,0.02899004891514778
5328,54,0.037804946303367615
5329,54,0.10750232636928558
5330,55,0.049078039824962616
5331,55,0.04907388985157013
5332,55,0.019682427868247032
5333,55,0.09405384957790375
5334,55,0.032734163105487823
5335,55,0.0862795040011406
5336,55,0.027962742373347282
5337,55,0.042405467480421066
5338,55,0.05189031362533569
5339,55,0.02539192885160446
5340,55,0.10620886832475662
5341,55,0.15825720131397247
5342,55,0.027951998636126518
5343,55,0.17384293675422668
5344,55,0.03978817164897919
5345,55,0.026569224894046783
5346,55,0.02301386184990406
5347,55,0.024793731048703194
5348,55,0.07671735435724258
5349,55,0.03072972223162651
5350,55,0.025656145066022873
5351,55,0.028675176203250885
5352,55,0.0544264055788517
5353,55,0.025390632450580597
5354,55,0.03911862149834633
5355,55,0.017290588468313217
5356,55,0.1161237433552742
5357,55,0.012492944486439228
5358,55,0.11061170697212219
5359,55,0.029518146067857742
5360,55,0.05252698436379433
5361,55,0.08637651056051254
5362,55,0.013292364776134491
5363,55,0.016133489087224007
5364,55,0.024176346138119698
5365,55,0.020953956991434097
5366,55,0.029307251796126366
5367,55,0.0202011838555336
5368,55,0.014829915016889572
5369,55,0.03315095603466034
5370,56,0.035890571773052216
5371,56,0.018949801102280617
5372,56,0.040814053267240524
5373,56,0.03788838908076286
5374,56,0.016053585335612297
5375,56,0.03661015257239342
5376,56,0.02461908757686615
5377,56,0.03162568435072899
5378,56,0.17605075240135193
5379,56,0.025954611599445343
5380,56,0.03453891724348068
5381,56,0.08537930995225906
5382,56,0.08172886073589325
5383,56,0.03876142203807831
5384,56,0.02926701121032238
5385,56,0.03184333071112633
5386,56,0.05479537323117256
5387,56,0.09152325987815857
5388,56,0.11736077070236206
5389,56,0.1589559018611908
5390,56,0.08344490826129913
5391,56,0.031678155064582825
5392,56,0.021512914448976517
5393,56,0.039599835872650146
5394,56,0.038424644619226456
5395,56,0.032174572348594666
5396,56,0.0391157902777195
5397,56,0.03386043384671211
5398,56,0.023140618577599525
5399,56,0.021493809297680855
5400,56,0.02002788335084915
5401,56,0.029736177995800972
5402,56,0.020993055775761604
5403,56,0.015452791936695576
5404,56,0.07585421204566956
5405,56,0.02391033247113228
5406,56,0.08117640018463135
5407,56,0.039454445242881775
5408,56,0.024014463648200035
5409,56,0.09163814783096313
5410,56,0.03834671527147293
5411,56,0.09796140342950821
5412,56,0.03264836594462395
5413,56,0.08459021151065826
5414,56,0.02256646752357483
5415,56,0.01888267695903778
5416,56,0.1613011360168457
5417,56,0.028697717934846878
5418,56,0.030580176040530205
5419,56,0.02756955288350582
5420,56,0.03585909307003021
5421,56,0.0320466086268425
5422,56,0.03514198213815689
5423,56,0.03542653098702431
5424,57,0.029248883947730064
5425,57,0.031433142721652985
5426,57,0.013476690277457237
5427,57,0.013849519193172455
5428,57,0.018479319289326668
5429,57,0.07762658596038818
5430,57,0.018700595945119858
5431,57,0.0400664284825325
5432,57,0.020982371643185616
5433,57,0.0264387559145689
5434,57,0.027610279619693756
5435,57,0.02145797573029995
5436,57,0.20920243859291077
5437,57,0.017344512045383453
5438,57,0.026409227401018143
5439,57,0.03516380488872528
5440,57,0.023408062756061554
5441,57,0.02545654959976673
5442,57,0.08948338031768799
5443,57,0.02230677381157875
5444,57,0.09099198877811432
5445,57,0.03029479831457138
5446,57,0.07786061614751816
5447,57,0.039897143840789795
5448,57,0.022326478734612465
5449,57,0.10299983620643616
5450,57,0.017155537381768227
5451,57,0.029992667958140373
5452,57,0.025473760440945625
5453,57,0.028955569490790367
5454,57,0.020099416375160217
5455,57,0.02228745073080063
5456,57,0.08743920177221298
5457,57,0.02754649519920349
5458,57,0.10933826863765717
5459,57,0.022428657859563828
5460,57,0.09020913392305374
5461,57,0.021733326837420464
5462,57,0.11457021534442902
5463,57,0.0316472128033638
5464,57,0.019461503252387047
5465,57,0.018994107842445374
5466,57,0.03333800658583641
5467,57,0.06384297460317612
5468,57,0.028983809053897858
5469,57,0.016770189628005028
5470,57,0.02858618274331093
5471,57,0.026652729138731956
5472,57,0.031025312840938568
5473,57,0.019670315086841583
5474,57,0.01766866259276867
5475,57,0.027338575571775436
5476,57,0.02837689220905304
5477,57,0.03931044042110443
5478,57,0.11539913713932037
5479,57,0.0741770938038826
5480,57,0.015423490665853024
5481,57,0.01247347705066204
5482,57,0.13639748096466064
5483,57,0.09838760644197464
5484,57,0.02019498683512211
5485,57,0.010569112375378609
5486,57,0.023382170125842094
5487,57,0.08208435773849487
5488,57,0.020560143515467644
5489,57,0.15973591804504395
5490,57,0.016017697751522064
5491,57,0.02460138499736786
5492,57,0.02930712327361107
5493,57,0.09019008278846741
5494,57,0.024549849331378937
5495,57,0.021623097360134125
5496,57,0.09342566132545471
5497,57,0.025025317445397377
5498,57,0.029379239305853844
5499,57,0.04078704118728638
5500,57,0.01634814776480198
5501,57,0.05291566997766495
5502,57,0.05243401229381561
5503,57,0.03409611061215401
5504,57,0.055942319333553314
5505,57,0.021741516888141632
5506,57,0.14990150928497314
5507,57,0.08391699194908142
5508,57,0.03716449812054634
5509,57,0.12241584062576294
5510,57,0.0754338875412941
5511,57,0.05252920091152191
5512,57,0.03324178233742714
5513,57,0.09932023286819458
5514,57,0.08288940042257309
5515,57,0.03260799124836922
5516,57,0.044989414513111115
5517,57,0.10786760598421097
5518,57,0.1298023909330368
5519,57,0.042505890130996704
5520,57,0.033663034439086914
5521,57,0.02238421142101288
5522,57,0.036864325404167175
5523,57,0.027678128331899643
5524,57,0.03786925971508026
5525,57,0.07736735045909882
5526,57,0.035491377115249634
5527,57,0.08568548411130905
5528,57,0.016173021867871284
5529,57,0.034430574625730515
5530,57,0.08081315457820892
5531,57,0.01715545542538166
5532,57,0.09880639612674713
5533,57,0.022361861541867256
5534,57,0.01629827730357647
5535,57,0.0316462479531765
5536,57,0.029902111738920212
5537,57,0.041045159101486206
5538,57,0.02545992285013199
5539,57,0.0408804714679718
5540,57,0.11616772413253784
5541,57,0.02510027214884758
5542,57,0.0413314625620842
5543,57,0.02335594967007637
5544,57,0.02340773306787014
5545,57,0.07624869048595428
5546,57,0.023475348949432373
5547,57,0.027100492268800735
5548,57,0.14225779473781586
5549,57,0.09099471569061279
5550,57,0.02888849377632141
5551,57,0.026253797113895416
5552,57,0.047375697642564774
5553,57,0.06273609399795532
5554,57,0.027714243158698082
5555,57,0.035798877477645874
5556,58,0.03365129977464676
5557,58,0.02218794822692871
5558,58,0.02404606342315674
5559,58,0.03633948415517807
5560,58,0.01976851560175419
5561,58,0.06590241938829422
5562,58,0.025755345821380615
5563,58,0.021015096455812454
5564,58,0.023701468482613564
5565,58,0.07867167890071869
5566,58,0.04259435832500458
5567,58,0.014973784796893597
5568,58,0.07903967052698135
5569,58,0.04138247296214104
5570,58,0.024651359766721725
5571,58,0.019649913534522057
5572,58,0.020316528156399727
5573,58,0.04341457784175873
5574,58,0.031357087194919586
5575,58,0.08207128196954727
5576,58,0.01764543540775776
5577,58,0.1049213856458664
5578,58,0.10526693612337112
5579,58,0.055417243391275406
5580,58,0.02066831663250923
5581,58,0.12805093824863434
5582,58,0.02003176510334015
5583,58,0.025653772056102753
5584,58,0.10514278709888458
5585,58,0.02445795387029648
5586,58,0.024114027619361877
5587,58,0.030708473175764084
5588,58,0.07147391140460968
5589,58,0.07720395922660828
5590,58,0.01949896663427353
5591,58,0.1117723286151886
5592,58,0.09464039653539658
5593,58,0.035727351903915405
5594,58,0.11224523931741714
5595,58,0.03962871804833412
5596,58,0.025316404178738594
5597,58,0.03615465760231018
5598,58,0.033191606402397156
5599,58,0.07636585831642151
5600,58,0.021259475499391556
5601,58,0.025371700525283813
5602,58,0.03566557168960571
5603,58,0.1463659554719925
5604,58,0.020421165972948074
5605,58,0.025749491527676582
5606,58,0.04737798124551773
5607,58,0.022120585665106773
5608,58,0.08701576292514801
5609,58,0.018758444115519524
5610,58,0.12094639986753464
5611,58,0.026537388563156128
5612,58,0.05183640122413635
5613,58,0.13501159846782684
5614,58,0.024901533499360085
5615,58,0.16562731564044952
5616,58,0.035726211965084076
5617,58,0.030919095501303673
5618,58,0.11240498721599579
5619,58,0.08311021327972412
5620,58,0.09793177992105484
5621,58,0.1092396080493927
5622,58,0.08225004374980927
5623,58,0.10094606876373291
5624,58,0.043084822595119476
5625,58,0.11888138949871063
5626,58,0.02860935777425766
5627,58,0.03198520839214325
5628,58,0.030001645907759666
5629,58,0.10786940157413483
5630,58,0.14008787274360657
5631,58,0.0547870472073555
5632,58,0.04240407049655914
5633,58,0.03576631844043732
5634,58,0.0711330771446228
5635,58,0.03523774445056915
5636,58,0.11582819372415543
5637,58,0.02785736322402954
5638,58,0.031625550240278244
5639,58,0.03148386999964714
5640,58,0.09292177855968475
5641,58,0.08862021565437317
5642,58,0.03018588200211525
5643,58,0.04279561713337898
5644,58,0.019735116511583328
5645,58,0.027571579441428185
5646,58,0.046008285135030746
5647,59,0.15603584051132202
5648,59,0.04231417179107666
5649,59,0.03196514770388603
5650,59,0.10225836932659149
5651,59,0.07860379666090012
5652,59,0.020730212330818176
5653,59,0.031490303575992584
5654,59,0.02963297627866268
5655,59,0.027659378945827484
5656,59,0.1650400459766388
5657,59,0.034628503024578094
5658,59,0.029049675911664963
5659,59,0.09673760086297989
5660,59,0.10034793615341187
5661,59,0.02751246467232704
5662,59,0.0877661406993866
5663,59,0.08859126269817352
5664,59,0.01837150566279888
5665,59,0.021260596811771393
5666,59,0.025926949456334114
5667,59,0.024337366223335266
5668,59,0.0199973676353693
5669,59,0.08504578471183777
5670,59,0.024591101333498955
5671,59,0.028483236208558083
5672,59,0.04073339328169823
5673,59,0.016591165214776993
5674,59,0.11672492325305939
5675,59,0.11023428291082382
5676,59,0.09223128855228424
5677,59,0.026842158287763596
5678,59,0.07225900888442993
5679,59,0.0256192684173584
5680,59,0.01885935291647911
5681,59,0.02260427176952362
5682,59,0.02007748931646347
5683,59,0.024189438670873642
5684,59,0.05151847377419472
5685,59,0.032000795006752014
5686,59,0.025352319702506065
5687,59,0.023608218878507614
5688,59,0.014209168031811714
5689,59,0.029002869501709938
5690,59,0.0220772884786129
5691,59,0.017371613532304764
5692,59,0.04044242203235626
5693,59,0.027271384373307228
5694,59,0.03516412526369095
5695,59,0.036386888474226
5696,59,0.029237734153866768
5697,59,0.034703079611063004
5698,59,0.03391317278146744
5699,59,0.06967596709728241
5700,59,0.020954936742782593
5701,59,0.08797363936901093
5702,59,0.016716571524739265
5703,59,0.07862788438796997
5704,59,0.035047661513090134
5705,59,0.024454042315483093
5706,59,0.024337859824299812
5707,59,0.036941539496183395
5708,59,0.11659560352563858
5709,59,0.028865059837698936
5710,59,0.018955742940306664
5711,59,0.07806959748268127
5712,59,0.017606647685170174
5713,59,0.07897792011499405
5714,59,0.029759550467133522
5715,59,0.02603597566485405
5716,59,0.0240839384496212
5717,59,0.0817440077662468
5718,59,0.0339372344315052
5719,59,0.02037201076745987
5720,59,0.022840941324830055
5721,59,0.035756777971982956
5722,59,0.09161052107810974
5723,59,0.018085410818457603
5724,59,0.03158063814043999
5725,59,0.023035354912281036
5726,59,0.030412331223487854
5727,59,0.08387692272663116
5728,59,0.02190881222486496
5729,59,0.02627602033317089
5730,59,0.039543844759464264
5731,59,0.020768320187926292
5732,59,0.030016232281923294
5733,59,0.02033810317516327
5734,59,0.04047193378210068
5735,59,0.08756177127361298
5736,59,0.03826925531029701
5737,59,0.021231703460216522
5738,59,0.0826738029718399
5739,59,0.14768339693546295
5740,59,0.021387310698628426
5741,59,0.023982679471373558
5742,59,0.02473348379135132
5743,59,0.06709393858909607
5744,59,0.014425085857510567
5745,59,0.027445988729596138
5746,59,0.02775353193283081
5747,59,0.020058002322912216
5748,59,0.06849246472120285
5749,59,0.040759894996881485
5750,59,0.03714892640709877
5751,59,0.0788649395108223
5752,59,0.05410940200090408
5753,59,0.04884050413966179
5754,59,0.06552232056856155
5755,59,0.05281727761030197
5756,59,0.04359474778175354
5757,59,0.06778081506490707
5758,59,0.0299367718398571
5759,59,0.03273880481719971
5760,59,0.04530342295765877
5761,59,0.037258073687553406
5762,59,0.05832526460289955
5763,59,0.058526813983917236
5764,59,0.09388650953769684
5765,59,0.10745023190975189
5766,59,0.03379760682582855
5767,59,0.03196469694375992
5768,59,0.02387136220932007
5769,60,0.021893326193094254
5770,60,0.09036287665367126
5771,60,0.052598193287849426
5772,60,0.03184854984283447
5773,60,0.07796862721443176
5774,60,0.03905607387423515
5775,60,0.029329508543014526
5776,60,0.05288252606987953
5777,60,0.020808029919862747
5778,60,0.02228163555264473
5779,60,0.04448436200618744
5780,60,0.04846633970737457
5781,60,0.1675136387348175
5782,60,0.03146035969257355
5783,60,0.04035423696041107
5784,60,0.02303648367524147
5785,60,0.04257756844162941
5786,60,0.04342237859964371
5787,60,0.06951820105314255
5788,60,0.08418550342321396
5789,60,0.09042727947235107
5790,60,0.05149465799331665
5791,60,0.09193543344736099
5792,60,0.03877870738506317
5793,60,0.026942474767565727
5794,60,0.02800253964960575
5795,60,0.0366838276386261
5796,60,0.0395953543484211
5797,60,0.1116461530327797
5798,60,0.031645748764276505
5799,60,0.02915661223232746
5800,60,0.029491648077964783
5801,60,0.09341675788164139
5802,60,0.12579138576984406
5803,60,0.03298462927341461
5804,60,0.07649902254343033
5805,60,0.03323851525783539
5806,60,0.03196391835808754
5807,60,0.06724365055561066
5808,60,0.0338614359498024
5809,60,0.038351837545633316
5810,60,0.023345131427049637
5811,60,0.024132955819368362
5812,60,0.01868681237101555
5813,60,0.10069342702627182
5814,60,0.018531031906604767
5815,60,0.06551045179367065
5816,60,0.027150919660925865
5817,60,0.03158051520586014
5818,61,0.022839035838842392
5819,61,0.10092338174581528
5820,61,0.0806649774312973
5821,61,0.033455051481723785
5822,61,0.026689652353525162
5823,61,0.03127772733569145
5824,61,0.020507894456386566
5825,61,0.028823502361774445
5826,61,0.10113508254289627
5827,61,0.027585752308368683
5828,61,0.025679592043161392
5829,61,0.07015077024698257
5830,61,0.01628909260034561
5831,61,0.10380952805280685
5832,61,0.08102373778820038
5833,61,0.08703252673149109
5834,61,0.14272715151309967
5835,61,0.06977492570877075
5836,61,0.07440933585166931
5837,61,0.04003312438726425
5838,61,0.0304085873067379
5839,61,0.037092965096235275
5840,61,0.0722508579492569
5841,61,0.02206815779209137
5842,61,0.03539910912513733
5843,61,0.07827974110841751
5844,61,0.02528749406337738
5845,61,0.11527444422245026
5846,61,0.07222823798656464
5847,61,0.047641683369874954
5848,61,0.03268684446811676
5849,61,0.0779867023229599
5850,61,0.043157707899808884
5851,61,0.03444323316216469
5852,61,0.04398258402943611
5853,61,0.06296385079622269
5854,61,0.03161265701055527
5855,61,0.02872144803404808
5856,61,0.04258691146969795
5857,61,0.01984386518597603
5858,61,0.04014759883284569
5859,61,0.06197977811098099
5860,61,0.06185031309723854
5861,61,0.03264738991856575
5862,61,0.020052380859851837
5863,61,0.028701642528176308
5864,61,0.03786598891019821
5865,61,0.06762337684631348
5866,61,0.02352568507194519
5867,61,0.13511689007282257
5868,61,0.055977337062358856
5869,61,0.02804870903491974
5870,61,0.021235017105937004
5871,61,0.025303104892373085
5872,61,0.02885347791016102
5873,61,0.03049435093998909
5874,61,0.028825968503952026
5875,61,0.08437427878379822
5876,61,0.09544462710618973
5877,61,0.01582353375852108
5878,61,0.030555669218301773
5879,61,0.04149783402681351
5880,61,0.04866226762533188
5881,61,0.07969794422388077
5882,61,0.15689325332641602
5883,61,0.03560641035437584
5884,61,0.02679237350821495
5885,61,0.0776328444480896
5886,61,0.027409985661506653
5887,61,0.045750223100185394
5888,61,0.02956266514956951
5889,61,0.08355031162500381
5890,61,0.02750730887055397
5891,61,0.022978628054261208
5892,61,0.0640668272972107
5893,61,0.026545505970716476
5894,61,0.08133119344711304
5895,61,0.03210795670747757
5896,61,0.034388743340969086
5897,61,0.037927187979221344
5898,61,0.04191676527261734
5899,61,0.030760373920202255
5900,61,0.031650036573410034
5901,61,0.02503315731883049
5902,61,0.018256867304444313
5903,61,0.0326760895550251
5904,61,0.0904042050242424
5905,61,0.017349036410450935
5906,61,0.06418463587760925
5907,61,0.11644048243761063
5908,61,0.02531825378537178
5909,61,0.02432350069284439
5910,61,0.07782618701457977
5911,61,0.02134834975004196
5912,61,0.023994076997041702
5913,61,0.02759511210024357
5914,61,0.020267415791749954
5915,61,0.016371436417102814
5916,61,0.06946476548910141
5917,61,0.06807061284780502
5918,61,0.04304831475019455
5919,61,0.0384858064353466
5920,61,0.027825741097331047
5921,61,0.02027655392885208
5922,61,0.0175224170088768
5923,61,0.017431050539016724
5924,61,0.12710830569267273
5925,61,0.03527580201625824
5926,61,0.03203647583723068
5927,61,0.025902079418301582
5928,61,0.018346089869737625
5929,61,0.018366701900959015
5930,62,0.03579651191830635
5931,62,0.027196485549211502
5932,62,0.11782633513212204
5933,62,0.08334828168153763
5934,62,0.03751455992460251
5935,62,0.02282155677676201
5936,62,0.034909263253211975
5937,62,0.01789884828031063
5938,62,0.02753451094031334
5939,62,0.050631798803806305
5940,62,0.028392599895596504
5941,62,0.04528650641441345
5942,62,0.017632177099585533
5943,62,0.015077045187354088
5944,62,0.03412780910730362
5945,62,0.022922620177268982
5946,62,0.030729398131370544
5947,62,0.027303189039230347
5948,62,0.03553221374750137
5949,62,0.019934820011258125
5950,62,0.017000775784254074
5951,62,0.028886374086141586
5952,62,0.023305274546146393
5953,62,0.026969721540808678
5954,62,0.07432859390974045
5955,62,0.019971124827861786
5956,62,0.03777516633272171
5957,62,0.024860786274075508
5958,62,0.025330590084195137
5959,62,0.08471327275037766
5960,62,0.016525117680430412
5961,62,0.08743362873792648
5962,62,0.02258128672838211
5963,62,0.028019309043884277
5964,62,0.02810862474143505
5965,62,0.034377992153167725
5966,63,0.021179145202040672
5967,63,0.15091295540332794
5968,63,0.02262144535779953
5969,63,0.016386810690164566
5970,63,0.06797678023576736
5971,63,0.021967049688100815
5972,63,0.03064967319369316
5973,63,0.03436225652694702
5974,63,0.024298449978232384
5975,63,0.028858352452516556
5976,63,0.0777612179517746
5977,63,0.0958891287446022
5978,63,0.024551089853048325
5979,63,0.02852644771337509
5980,63,0.030459675937891006
5981,63,0.027761297300457954
5982,63,0.030821222811937332
5983,63,0.0973324328660965
5984,63,0.01899128034710884
5985,63,0.09377079457044601
5986,63,0.030510975047945976
5987,64,0.07711100578308105
5988,64,0.085406094789505
5989,64,0.06768696755170822
5990,64,0.018183378502726555
5991,64,0.03299327567219734
5992,64,0.06082551181316376
5993,64,0.0282730832695961
5994,64,0.06868080794811249
5995,64,0.029032494872808456
5996,64,0.031624503433704376
5997,64,0.029668517410755157
5998,64,0.037756212055683136
5999,64,0.07391883432865143
6000,64,0.020752381533384323
6001,64,0.06929059326648712
6002,64,0.06988734006881714
6003,64,0.09182357788085938
6004,64,0.03236020728945732
6005,64,0.11509152501821518
6006,64,0.07967755198478699
6007,64,0.07590445876121521
6008,64,0.07357770204544067
6009,64,0.03313889354467392
6010,64,0.10627138614654541
6011,64,0.026911210268735886
6012,64,0.08133652806282043
6013,64,0.09846346825361252
6014,64,0.055106282234191895
6015,64,0.043724071234464645
6016,64,0.035547394305467606
6017,64,0.02854091487824917
6018,64,0.03620697185397148
6019,64,0.04031684994697571
6020,64,0.04285683482885361
6021,64,0.0774204209446907
6022,64,0.029088810086250305
6023,64,0.02193068340420723
6024,64,0.02960999868810177
6025,64,0.029710454866290092
6026,64,0.0502239428460598
6027,64,0.02974545769393444
6028,64,0.09443066269159317
6029,64,0.07850354164838791
6030,64,0.060260605067014694
6031,64,0.019506849348545074
6032,64,0.045052915811538696
6033,64,0.03225473314523697
6034,64,0.08287282288074493
6035,64,0.02805471234023571
6036,64,0.02068549580872059
6037,65,0.07340165972709656
6038,65,0.05037473142147064
6039,65,0.120947927236557
6040,65,0.04724125191569328
6041,65,0.0833393856883049
6042,65,0.02261483110487461
6043,65,0.046373751014471054
6044,65,0.028509538620710373
6045,65,0.03961841017007828
6046,65,0.02855811081826687
6047,65,0.03317712992429733
6048,65,0.021273380145430565
6049,65,0.03046424686908722
6050,65,0.062228694558143616
6051,65,0.07562066614627838
6052,65,0.02588896080851555
6053,65,0.037546269595623016
6054,65,0.03781735524535179
6055,65,0.03412578999996185
6056,65,0.04636813700199127
6057,65,0.02232280559837818
6058,65,0.11666249483823776
6059,65,0.03048175945878029
6060,65,0.02189452201128006
6061,66,0.031816624104976654
6062,66,0.03264268860220909
6063,66,0.05647066980600357
6064,66,0.03321413695812225
6065,66,0.0954246073961258
6066,66,0.02425459399819374
6067,66,0.07224444299936295
6068,66,0.11062494665384293
6069,66,0.028050925582647324
6070,66,0.024288209155201912
6071,66,0.016350897029042244
6072,66,0.10970425605773926
6073,66,0.020278792828321457
6074,66,0.0223064161837101
6075,66,0.09387469291687012
6076,66,0.024729251861572266
6077,66,0.058377042412757874
6078,66,0.056340720504522324
6079,66,0.02855849452316761
6080,66,0.044141050428152084
6081,66,0.07198072969913483
6082,66,0.02270646020770073
6083,66,0.031105240806937218
6084,66,0.04294038563966751
6085,66,0.03725947439670563
6086,66,0.06524528563022614
6087,66,0.062446948140859604
6088,66,0.02710542269051075
6089,66,0.08010973036289215
6090,66,0.03352285176515579
6091,66,0.035207584500312805
6092,66,0.018290217965841293
6093,66,0.028610480949282646
6094,66,0.03841782361268997
6095,66,0.03746512904763222
6096,66,0.042034734040498734
6097,66,0.03190048411488533
6098,66,0.030576424673199654
6099,66,0.03143942728638649
6100,66,0.02729080244898796
6101,66,0.02841568924486637
6102,66,0.06273680925369263
6103,66,0.03334742411971092
6104,66,0.04562326520681381
6105,66,0.030662117525935173
6106,66,0.03580433875322342
6107,66,0.015814676880836487
6108,66,0.025441110134124756
6109,66,0.09547346085309982
6110,66,0.031488001346588135
6111,66,0.025410063564777374
6112,66,0.04409772902727127
6113,66,0.040524765849113464
6114,67,0.10852574557065964
6115,67,0.0431765578687191
6116,67,0.024427350610494614
6117,67,0.07144400477409363
6118,67,0.06739724427461624
6119,67,0.027758518233895302
6120,67,0.022864624857902527
6121,67,0.02722598798573017
6122,67,0.039227500557899475
6123,67,0.022273018956184387
6124,67,0.04053701087832451
6125,67,0.0759316235780716
6126,67,0.029077613726258278
6127,67,0.0822802186012268
6128,67,0.0504302904009819
6129,67,0.02345668338239193
6130,67,0.04505369812250137
6131,67,0.01945720985531807
6132,67,0.023950519040226936
6133,67,0.02644936554133892
6134,67,0.10047787427902222
6135,67,0.01480804942548275
6136,67,0.0538937970995903
6137,67,0.02300512045621872
6138,67,0.03566242754459381
6139,67,0.06241948530077934
6140,67,0.03960442915558815
6141,67,0.036629531532526016
6142,67,0.023602863773703575
6143,67,0.033247195184230804
6144,67,0.03389406576752663
6145,67,0.0231372881680727
6146,67,0.022938020527362823
6147,67,0.04051005840301514
6148,67,0.027639593929052353
6149,67,0.09037698060274124
6150,67,0.08951669931411743
6151,67,0.04102735221385956
6152,67,0.018205922096967697
6153,67,0.026860984042286873
6154,67,0.06617898494005203
6155,67,0.037112537771463394
6156,67,0.11995011568069458
6157,67,0.058586470782756805
6158,67,0.026423094794154167
6159,68,0.040474507957696915
6160,68,0.033393487334251404
6161,68,0.02285136468708515
6162,68,0.07405603677034378
6163,68,0.06323197484016418
6164,68,0.02054121345281601
6165,68,0.05198737978935242
6166,68,0.09359849989414215
6167,68,0.024101678282022476
6168,68,0.025530999526381493
6169,68,0.040140531957149506
6170,68,0.032201290130615234
6171,68,0.022078480571508408
6172,68,0.016628466546535492
6173,68,0.031051810830831528
6174,68,0.06068389490246773
6175,68,0.025850677862763405
6176,68,0.04896673187613487
6177,68,0.03234140947461128
6178,68,0.038992706686258316
6179,68,0.14738750457763672
6180,68,0.027584603056311607
6181,68,0.034363217651844025
6182,68,0.033743612468242645
6183,68,0.07918892800807953
6184,68,0.047831084579229355
6185,68,0.04131586477160454
6186,68,0.05686459690332413
6187,68,0.011494504287838936
6188,68,0.07949373871088028
6189,68,0.08304715156555176
6190,68,0.023671265691518784
6191,69,0.04867208003997803
6192,69,0.026035424321889877
6193,69,0.034241463989019394
6194,69,0.09513066709041595
6195,69,0.07011580467224121
6196,69,0.0313582643866539
6197,69,0.047151435166597366
6198,69,0.04948292672634125
6199,69,0.0213015116751194
6200,69,0.052292682230472565
6201,69,0.07837539911270142
6202,69,0.023938007652759552
6203,69,0.02819768153131008
6204,69,0.014749506488442421
6205,69,0.028439022600650787
6206,69,0.031417734920978546
6207,69,0.023070205003023148
6208,69,0.04580873250961304
6209,69,0.027629053220152855
6210,69,0.040797747671604156
6211,69,0.04635440558195114
6212,69,0.03136727586388588
6213,69,0.023806212469935417
6214,69,0.07200824469327927
6215,69,0.03156883642077446
6216,69,0.10152382403612137
6217,69,0.03275413438677788
6218,69,0.02640725113451481
6219,69,0.04243016615509987
6220,69,0.02845662645995617
6221,69,0.02783857099711895
6222,69,0.06935510039329529
6223,69,0.020148223266005516
6224,69,0.03351312875747681
6225,69,0.023744316771626472
6226,69,0.026813391596078873
6227,69,0.057814061641693115
6228,69,0.03176534175872803
6229,69,0.05489274859428406
6230,69,0.06058609113097191
6231,69,0.02874460071325302
6232,69,0.03102872334420681
6233,69,0.021320857107639313
6234,69,0.01795165054500103
6235,69,0.05265878885984421
6236,69,0.06471560150384903
6237,69,0.06227625906467438
6238,69,0.04063039273023605
6239,69,0.019374996423721313
6240,69,0.028263002634048462
6241,69,0.023996204137802124
6242,69,0.029601722955703735
6243,69,0.02914114110171795
6244,69,0.030247459188103676
6245,69,0.024603836238384247
6246,69,0.06543782353401184
6247,69,0.048553477972745895
6248,69,0.04851639270782471
6249,70,0.054367609322071075
6250,70,0.020728005096316338
6251,70,0.09714963287115097
6252,70,0.057104263454675674
6253,70,0.04124969616532326
6254,70,0.09328679740428925
6255,70,0.06025366485118866
6256,70,0.05191461741924286
6257,70,0.07800568640232086
6258,70,0.03401975706219673
6259,70,0.05987761542201042
6260,70,0.05611606314778328
6261,70,0.044704411178827286
6262,70,0.04526324197649956
6263,70,0.07959931343793869
6264,70,0.11468467861413956
6265,70,0.07952851057052612
6266,70,0.03980780392885208
6267,70,0.07178745418787003
6268,70,0.05136081576347351
6269,70,0.04248519614338875
6270,70,0.052168238908052444
6271,70,0.035153988748788834
6272,70,0.04343102499842644
6273,70,0.027881357818841934
6274,70,0.036348454654216766
6275,70,0.0586884468793869
6276,70,0.042939137667417526
6277,70,0.02884417399764061
6278,70,0.02327059768140316
6279,70,0.08895929157733917
6280,70,0.03349141404032707
6281,70,0.032057229429483414
6282,70,0.0789235532283783
6283,70,0.05187475308775902
6284,70,0.02628411166369915
6285,70,0.04769478738307953
6286,70,0.02243191935122013
6287,70,0.06450338661670685
6288,70,0.06298322975635529
6289,70,0.043685417622327805
6290,70,0.032406412065029144
6291,70,0.02392261102795601
6292,70,0.045235730707645416
6293,70,0.03739914670586586
6294,70,0.0909976214170456
6295,70,0.04297181963920593
6296,70,0.09744378924369812
6297,70,0.09246551990509033
6298,70,0.02900259755551815
6299,70,0.03516443073749542
6300,70,0.03630892187356949
6301,70,0.029599281027913094
6302,70,0.014700786210596561
6303,70,0.028446171432733536
6304,70,0.023128848522901535
6305,70,0.05605902150273323
6306,71,0.060286588966846466
6307,71,0.08319288492202759
6308,71,0.06403645873069763
6309,71,0.029587367549538612
6310,71,0.025653807446360588
6311,71,0.03506433218717575
6312,71,0.02077467553317547
6313,71,0.01769927516579628
6314,71,0.024484911933541298
6315,71,0.04665818065404892
6316,71,0.05645889416337013
6317,71,0.03163272887468338
6318,71,0.026026859879493713
6319,71,0.04698105528950691
6320,71,0.028142444789409637
6321,71,0.024450046941637993
6322,71,0.03063768334686756
6323,71,0.07782530039548874
6324,71,0.0309323500841856
6325,71,0.03356553614139557
6326,71,0.02766219526529312
6327,71,0.03726735711097717
6328,71,0.036411918699741364
6329,71,0.07535134255886078
6330,71,0.032411810010671616
6331,71,0.048949357122182846
6332,71,0.024683192372322083
6333,71,0.023490427061915398
6334,71,0.029215361922979355
6335,71,0.06800439208745956
6336,71,0.040820538997650146
6337,71,0.05543181300163269
6338,71,0.032816484570503235
6339,71,0.03234682232141495
6340,71,0.04342789947986603
6341,71,0.02408207394182682
6342,71,0.018453281372785568
6343,71,0.03312446549534798
6344,71,0.026394177228212357
6345,71,0.08790437132120132
6346,72,0.061986882239580154
6347,72,0.027998488396406174
6348,72,0.028175009414553642
6349,72,0.08661234378814697
6350,72,0.05471458286046982
6351,72,0.03688430413603783
6352,72,0.03529513627290726
6353,72,0.047220926731824875
6354,72,0.030679896473884583
6355,72,0.06967746466398239
6356,72,0.041273221373558044
6357,72,0.04772321879863739
6358,72,0.0326421745121479
6359,72,0.04040363430976868
6360,72,0.02964896336197853
6361,72,0.030109379440546036
6362,72,0.02668202854692936
6363,72,0.08279217779636383
6364,72,0.032747622579336166
6365,72,0.03176359459757805
6366,72,0.03485259413719177
6367,72,0.027261968702077866
6368,72,0.05708782374858856
6369,72,0.025652527809143066
6370,72,0.031506992876529694
6371,72,0.14445990324020386
6372,72,0.03829445689916611
6373,72,0.04472360014915466
6374,72,0.05600663647055626
6375,72,0.02614322118461132
6376,72,0.05956092104315758
6377,72,0.05605586990714073
6378,72,0.030749080702662468
6379,72,0.03625798225402832
6380,72,0.04268494248390198
6381,72,0.03595395013689995
6382,72,0.06020836904644966
6383,72,0.07747162133455276
6384,72,0.04194587469100952
6385,73,0.09026716649532318
6386,73,0.0795220211148262
6387,73,0.07566115260124207
6388,73,0.08469776809215546
6389,73,0.04982904717326164
6390,73,0.02279863879084587
6391,73,0.028456514701247215
6392,73,0.05029837414622307
6393,73,0.03795839473605156
6394,73,0.0335288867354393
6395,73,0.027419162914156914
6396,73,0.01836659573018551
6397,73,0.03844114765524864
6398,73,0.022161178290843964
6399,73,0.021228313446044922
6400,73,0.04106786102056503
6401,73,0.03704500570893288
6402,73,0.03271320462226868
6403,73,0.08763020485639572
6404,73,0.05875755101442337
6405,73,0.10036729276180267
6406,73,0.030691316351294518
6407,73,0.042953915894031525
6408,73,0.0740262046456337
6409,73,0.052426695823669434
6410,73,0.0889953002333641
6411,73,0.0713765025138855
6412,73,0.04258153587579727
6413,73,0.09975890070199966
6414,73,0.05404523015022278
6415,73,0.038678694516420364
6416,73,0.029007162898778915
6417,73,0.07510367035865784
6418,73,0.036311790347099304
6419,73,0.09503071010112762
6420,73,0.03536532446742058
6421,73,0.10426544398069382
6422,73,0.010314691811800003
6423,73,0.023811854422092438
6424,73,0.028245078399777412
6425,73,0.048467498272657394
6426,73,0.04321829974651337
6427,73,0.05869927257299423
6428,73,0.036240339279174805
6429,73,0.04871849715709686
6430,73,0.03015713393688202
6431,73,0.03995274752378464
6432,73,0.03214549273252487
6433,73,0.03179425373673439
6434,73,0.047929245978593826
6435,73,0.045330826193094254
6436,73,0.04654025286436081
6437,73,0.042375773191452026
6438,73,0.030849244445562363
6439,73,0.07908204197883606
6440,73,0.06888608634471893
6441,73,0.06459089368581772
6442,73,0.01781793124973774
6443,73,0.06940530240535736
6444,73,0.029405497014522552
6445,73,0.03394933044910431
6446,73,0.046334393322467804
6447,73,0.030506493523716927
6448,73,0.03417181223630905
6449,73,0.02678557112812996
6450,73,0.04597586393356323
6451,73,0.053730450570583344
6452,73,0.025526247918605804
6453,73,0.025770075619220734
6454,73,0.03794858977198601
6455,73,0.03784673660993576
6456,73,0.09005320072174072
6457,73,0.042854614555835724
6458,74,0.030832067131996155
6459,74,0.11862259358167648
6460,74,0.034974612295627594
6461,74,0.019487056881189346
6462,74,0.07042346894741058
6463,74,0.013212613761425018
6464,74,0.041474319994449615
6465,74,0.02849658764898777
6466,75,0.021987223997712135
6467,75,0.03232419118285179
6468,75,0.024612415581941605
6469,75,0.03328210860490799
6470,75,0.03109901025891304
6471,75,0.02318153902888298
6472,75,0.04238586127758026
6473,75,0.0808619037270546
6474,75,0.030234577134251595
6475,75,0.026991989463567734
6476,75,0.04020724445581436
6477,75,0.03527238219976425
6478,75,0.03855804726481438
6479,75,0.025290973484516144
6480,75,0.04056086763739586
6481,75,0.02840184047818184
6482,75,0.029984278604388237
6483,75,0.029499400407075882
6484,75,0.038417749106884
6485,75,0.04745277389883995
6486,75,0.06024853512644768
6487,75,0.04253124073147774
6488,75,0.048086728900671005
6489,75,0.055134367197752
6490,75,0.09429768472909927
6491,75,0.07787870615720749
6492,75,0.06197512894868851
6493,75,0.04373585060238838
6494,75,0.0470796599984169
6495,75,0.03871889412403107
6496,75,0.0663520097732544
6497,75,0.04457327723503113
6498,75,0.02092107944190502
6499,75,0.03643644228577614
6500,75,0.022048022598028183
6501,75,0.11843609809875488
6502,75,0.13229408860206604
6503,75,0.14555326104164124
6504,75,0.035261284559965134
6505,75,0.043820831924676895
6506,75,0.06439438462257385
6507,75,0.04246862232685089
6508,75,0.03724922239780426
6509,76,0.05218443274497986
6510,76,0.034588925540447235
6511,76,0.08648264408111572
6512,76,0.05280378460884094
6513,76,0.05823400244116783
6514,76,0.04296712949872017
6515,76,0.03223571181297302
6516,76,0.02822841890156269
6517,76,0.04269673675298691
6518,76,0.035929806530475616
6519,76,0.03321826830506325
6520,76,0.0396205298602581
6521,76,0.040658578276634216
6522,76,0.12336880713701248
6523,76,0.03407495096325874
6524,76,0.02597036398947239
6525,76,0.07678762823343277
6526,76,0.020262258127331734
6527,76,0.09804291278123856
6528,76,0.06047624349594116
6529,76,0.05085534229874611
6530,76,0.03983035683631897
6531,76,0.02329820767045021
6532,76,0.04488086700439453
6533,76,0.018049083650112152
6534,76,0.04549817740917206
6535,76,0.05085722729563713
6536,76,0.035079944878816605
6537,76,0.035968996584415436
6538,76,0.03039078786969185
6539,76,0.03674725070595741
6540,76,0.07747616618871689
6541,76,0.024740008637309074
6542,76,0.03123093582689762
6543,76,0.03515344113111496
6544,76,0.048957910388708115
6545,76,0.03735674172639847
6546,76,0.024642320349812508
6547,76,0.03046795353293419
6548,76,0.035187095403671265
6549,76,0.048067398369312286
6550,77,0.03728165104985237
6551,77,0.029485801234841347
6552,77,0.031000394374132156
6553,77,0.08953149616718292
6554,77,0.04372379183769226
6555,77,0.05984973907470703
6556,77,0.03800865635275841
6557,77,0.07657720148563385
6558,77,0.09786834567785263
6559,77,0.049891989678144455
6560,77,0.03931326046586037
6561,77,0.04223727062344551
6562,77,0.06596770882606506
6563,77,0.03487870842218399
6564,77,0.030644237995147705
6565,77,0.05509207025170326
6566,77,0.026555350050330162
6567,77,0.031981904059648514
6568,77,0.04795753210783005
6569,77,0.05565277859568596
6570,77,0.022028399631381035
6571,77,0.021851064637303352
6572,77,0.03862251713871956
6573,77,0.046643588691949844
6574,77,0.03347916528582573
6575,77,0.0787297785282135
6576,77,0.023625820875167847
6577,77,0.02221027761697769
6578,77,0.0347696878015995
6579,77,0.033051420003175735
6580,77,0.058834563940763474
6581,77,0.058442287147045135
6582,77,0.038441069424152374
6583,77,0.063323475420475
6584,77,0.08079028129577637
6585,77,0.05792475864291191
6586,77,0.029007872566580772
6587,78,0.04665101692080498
6588,78,0.029822008684277534
6589,78,0.024509789422154427
6590,78,0.03185567259788513
6591,78,0.0331878662109375
6592,78,0.027165144681930542
6593,78,0.05667249113321304
6594,78,0.023544542491436005
6595,78,0.033113885670900345
6596,78,0.051955293864011765
6597,78,0.0210604015737772
6598,78,0.06481502205133438
6599,78,0.04804253205657005
6600,78,0.07952295243740082
6601,78,0.021882686764001846
6602,78,0.04640994966030121
6603,78,0.06109081953763962
6604,78,0.020007340237498283
6605,78,0.01532138790935278
6606,78,0.020593924447894096
6607,78,0.03319012373685837
6608,78,0.06816785782575607
6609,78,0.03241194784641266
6610,78,0.05941805616021156
6611,78,0.02680596522986889
6612,78,0.026229899376630783
6613,78,0.02656322717666626
6614,78,0.029118692502379417
6615,78,0.03694574907422066
6616,78,0.021903423592448235
6617,78,0.04809679836034775
6618,78,0.031833816319704056
6619,78,0.03237006068229675
6620,78,0.048697587102651596
6621,78,0.03433503583073616
6622,78,0.06002620607614517
6623,78,0.023944463580846786
6624,78,0.030098576098680496
6625,78,0.05573779717087746
6626,78,0.04684250429272652
6627,78,0.04203443229198456
6628,78,0.035936735570430756
6629,78,0.07683073729276657
6630,78,0.0577455535531044
6631,78,0.022931652143597603
6632,78,0.03110833838582039
6633,78,0.09740623831748962
6634,78,0.06588442623615265
6635,78,0.03194531798362732
6636,78,0.08825533092021942
6637,78,0.03292067348957062
6638,78,0.0336625874042511
6639,78,0.05511339753866196
6640,78,0.029414108023047447
6641,78,0.05514029413461685
6642,78,0.06110945716500282
6643,78,0.026238156482577324
6644,78,0.03770497441291809
6645,78,0.03852972388267517
6646,78,0.03775188326835632
6647,78,0.0656554102897644
6648,79,0.07705112546682358
6649,79,0.01846848800778389
6650,79,0.021648738533258438
6651,79,0.05212583392858505
6652,79,0.029009884223341942
6653,79,0.10123299807310104
6654,79,0.024943729862570763
6655,79,0.027387306094169617
6656,79,0.044535938650369644
6657,79,0.06085644289851189
6658,79,0.024334155023097992
6659,79,0.02714397758245468
6660,79,0.021453654393553734
6661,79,0.030608491972088814
6662,79,0.027451667934656143
6663,79,0.055909715592861176
6664,79,0.050155311822891235
6665,79,0.039736855775117874
6666,79,0.05988030135631561
6667,79,0.039467792958021164
6668,79,0.03572384640574455
6669,79,0.031460970640182495
6670,79,0.022209709510207176
6671,79,0.027280619367957115
6672,79,0.02319401316344738
6673,79,0.026379182934761047
6674,79,0.024105938151478767
6675,79,0.03294960409402847
6676,79,0.03229061886668205
6677,79,0.0326983667910099
6678,79,0.03973379731178284
6679,79,0.08469979465007782
6680,79,0.025052104145288467
6681,79,0.06449835747480392
6682,79,0.03174271807074547
6683,80,0.04287748038768768
6684,80,0.03732364997267723
6685,80,0.03637698292732239
6686,80,0.0238837618380785
6687,80,0.0732397511601448
6688,80,0.03190925344824791
6689,80,0.08067785203456879
6690,80,0.0495605431497097
6691,80,0.08795204758644104
6692,80,0.028956592082977295
6693,80,0.04018740355968475
6694,80,0.016050945967435837
6695,80,0.030475808307528496
6696,80,0.02533169463276863
6697,80,0.017469089478254318
6698,80,0.019871925935149193
6699,80,0.021964414045214653
6700,80,0.02685580402612686
6701,80,0.024774374440312386
6702,80,0.025695201009511948
6703,80,0.03899659588932991
6704,80,0.028126977384090424
6705,80,0.08639946579933167
6706,80,0.04751959815621376
6707,80,0.037315454334020615
6708,80,0.018252741545438766
6709,80,0.04249296709895134
6710,80,0.03193330392241478
6711,80,0.05408002436161041
6712,80,0.040250033140182495
6713,80,0.04850532487034798
6714,80,0.04138251766562462
6715,80,0.05560697987675667
6716,80,0.026978380978107452
6717,80,0.058822982013225555
6718,80,0.050943367183208466
6719,80,0.05231109634041786
6720,80,0.04103280231356621
6721,81,0.029833529144525528
6722,81,0.02156546153128147
6723,81,0.04028994217514992
6724,81,0.05632394552230835
6725,81,0.054374340921640396
6726,81,0.0276548583060503
6727,81,0.04653842747211456
6728,81,0.06299054622650146
6729,82,0.03334338217973709
6730,82,0.062235213816165924
6731,82,0.02546348236501217
6732,82,0.041721079498529434
6733,82,0.02982156351208687
6734,82,0.02531631849706173
6735,82,0.038316305726766586
6736,82,0.019768688827753067
6737,82,0.030915312469005585
6738,82,0.03592653200030327
6739,82,0.027572497725486755
6740,82,0.04205138236284256
6741,82,0.02709382399916649
6742,82,0.020716805011034012
6743,82,0.037156447768211365
6744,82,0.06809079647064209
6745,82,0.082819864153862
6746,82,0.027201293036341667
6747,82,0.021770872175693512
6748,82,0.050455305725336075
6749,82,0.01706543192267418
6750,82,0.037717316299676895
6751,82,0.10960850119590759
6752,82,0.07279239594936371
6753,82,0.04026389867067337
6754,82,0.03445116803050041
6755,82,0.04014131426811218
6756,82,0.0717381164431572
6757,82,0.0838489681482315
6758,82,0.04133721813559532
6759,82,0.09061292558908463
6760,83,0.04758356884121895
6761,83,0.09487541019916534
6762,83,0.04997134208679199
6763,83,0.03228643536567688
6764,83,0.03387363627552986
6765,83,0.025961527600884438
6766,83,0.04565618187189102
6767,83,0.03161225467920303
6768,83,0.0321287140250206
6769,83,0.0381975881755352
6770,83,0.04508607089519501
6771,83,0.03922832012176514
6772,83,0.07791635394096375
6773,83,0.02986903488636017
6774,83,0.04116176441311836
6775,83,0.06286323070526123
6776,83,0.04035118967294693
6777,83,0.03998246043920517
6778,83,0.025936683639883995
6779,83,0.03081352449953556
6780,83,0.038983359932899475
6781,83,0.03850719705224037
6782,83,0.04676036909222603
6783,83,0.025613995268940926
6784,83,0.08720694482326508
6785,83,0.024217184633016586
6786,83,0.04597650468349457
6787,83,0.03421108052134514
6788,83,0.053771015256643295
6789,83,0.02894570864737034
6790,84,0.055706776678562164
6791,84,0.04057423025369644
6792,84,0.054350003600120544
6793,84,0.04723750427365303
6794,84,0.08082843571901321
6795,84,0.04545915871858597
6796,84,0.044222377240657806
6797,84,0.10254944860935211
6798,84,0.056577134877443314
6799,84,0.05245950073003769
6800,84,0.06404123455286026
6801,84,0.02871963568031788
6802,84,0.039476796984672546
6803,84,0.03469692915678024
6804,84,0.07753293216228485
6805,84,0.04357711970806122
6806,84,0.06024138256907463
6807,84,0.030025888234376907
6808,84,0.04289909452199936
6809,84,0.05550041049718857
6810,84,0.03280697762966156
6811,84,0.05888648331165314
6812,84,0.0341520719230175
6813,84,0.05948702618479729
6814,84,0.06991122663021088
6815,84,0.04630529507994652
6816,84,0.017249679192900658
6817,85,0.028604401275515556
6818,85,0.08208222687244415
6819,85,0.021389693021774292
6820,85,0.03517177700996399
6821,85,0.038890939205884933
6822,85,0.052641671150922775
6823,85,0.04639569669961929
6824,85,0.03317192196846008
6825,85,0.03935638815164566
6826,85,0.03965217247605324
6827,85,0.027122970670461655
6828,85,0.07639339566230774
6829,85,0.030072063207626343
6830,85,0.028516361489892006
6831,85,0.03973196819424629
6832,85,0.07305876165628433
6833,85,0.02784271351993084
6834,85,0.0295774657279253
6835,85,0.03517646715044975
6836,85,0.02882504276931286
6837,85,0.019644100219011307
6838,85,0.0384441614151001
6839,85,0.04270932078361511
6840,85,0.03814397752285004
6841,85,0.028741274029016495
6842,85,0.02363245002925396
6843,85,0.02493966370820999
6844,85,0.042569927871227264
6845,85,0.041298747062683105
6846,85,0.0419403612613678
6847,85,0.035346463322639465
6848,85,0.03385185822844505
6849,85,0.02490418404340744
6850,85,0.03435458242893219
6851,85,0.024922464042901993
6852,85,0.02690102718770504
6853,85,0.03298605605959892
6854,85,0.04162339121103287
6855,85,0.02786417119204998
6856,85,0.023372232913970947
6857,85,0.029905715957283974
6858,85,0.04324774071574211
6859,85,0.029906339943408966
6860,85,0.024049121886491776
6861,85,0.02025541104376316
6862,85,0.06818989664316177
6863,85,0.029970690608024597
6864,85,0.036002304404973984
6865,85,0.033265359699726105
6866,85,0.026057705283164978
6867,85,0.023792091757059097
6868,85,0.03386583924293518
6869,85,0.03599352762103081
6870,85,0.026502491906285286
6871,85,0.035732757300138474
6872,85,0.03814389929175377
6873,85,0.022813713178038597
6874,85,0.07410596311092377
6875,85,0.03978755325078964
6876,85,0.026189304888248444
6877,86,0.03538986295461655
6878,86,0.039258018136024475
6879,86,0.0226044412702322
6880,86,0.04382610693573952
6881,86,0.02665628306567669
6882,86,0.050287455320358276
6883,86,0.02976609393954277
6884,86,0.04031882807612419
6885,86,0.040146686136722565
6886,86,0.040242746472358704
6887,86,0.046437691897153854
6888,86,0.03175617754459381
6889,86,0.05612361431121826
6890,86,0.04331514239311218
6891,86,0.041370440274477005
6892,86,0.02590002305805683
6893,86,0.025252509862184525
6894,86,0.04252202808856964
6895,86,0.029188230633735657
6896,86,0.04049839451909065
6897,86,0.03565850853919983
6898,86,0.03506135940551758
6899,86,0.05570682883262634
6900,86,0.0242678914219141
6901,86,0.04439293593168259
6902,86,0.0525861456990242
6903,86,0.0451715812087059
6904,86,0.03468790650367737
6905,86,0.046915192157030106
6906,86,0.03448116034269333
6907,86,0.031242022290825844
6908,86,0.054820381104946136
6909,86,0.03722807392477989
6910,86,0.03484317660331726
6911,86,0.03427690640091896
6912,86,0.027899406850337982
6913,86,0.02664499171078205
6914,86,0.03660593181848526
6915,86,0.058487340807914734
6916,86,0.05792675539851189
6917,86,0.03272957727313042
6918,86,0.022000234574079514
6919,86,0.022961784154176712
6920,86,0.040366824716329575
6921,86,0.03428107500076294
6922,86,0.0224646907299757
6923,86,0.03341761976480484
6924,86,0.02390836924314499
6925,86,0.03670385852456093
6926,86,0.045463237911462784
6927,86,0.028240906074643135
6928,86,0.03992803022265434
6929,86,0.031285159289836884
6930,86,0.029264921322464943
6931,86,0.03869684785604477
6932,86,0.030545473098754883
6933,86,0.03323764353990555
6934,86,0.042653948068618774
6935,86,0.02633736841380596
6936,86,0.038584835827350616
6937,86,0.0625372976064682
6938,86,0.025456329807639122
6939,86,0.06250255554914474
6940,86,0.02286699041724205
6941,86,0.054772403091192245
6942,86,0.04293356090784073
6943,86,0.02009061723947525
6944,86,0.03969304636120796
6945,86,0.03568953648209572
6946,86,0.11286658048629761
6947,86,0.023727741092443466
6948,86,0.022905129939317703
6949,86,0.09220874309539795
6950,86,0.05784791707992554
6951,86,0.030509017407894135
6952,86,0.028307652100920677
6953,86,0.04502325505018234
6954,87,0.04500558227300644
6955,87,0.0548480786383152
6956,87,0.021184148266911507
6957,87,0.04362161457538605
6958,87,0.04622582346200943
6959,87,0.055663350969552994
6960,87,0.026471208781003952
6961,87,0.025623809546232224
6962,87,0.026051748543977737
6963,87,0.06405375152826309
6964,87,0.03200088068842888
6965,87,0.07146921008825302
6966,88,0.029176004230976105
6967,88,0.028789784759283066
6968,88,0.026919744908809662
6969,88,0.03648928925395012
6970,88,0.029071856290102005
6971,88,0.031042717397212982
6972,88,0.03848763182759285
6973,88,0.02490612119436264
6974,88,0.04210064932703972
6975,88,0.050352130085229874
6976,88,0.032919079065322876
6977,88,0.04454765468835831
6978,88,0.026708709076046944
6979,88,0.028130896389484406
6980,88,0.02745676413178444
6981,88,0.0320272222161293
6982,88,0.03550587221980095
6983,88,0.03480847552418709
6984,88,0.03655385226011276
6985,88,0.047082267701625824
6986,88,0.0434417687356472
6987,88,0.04568403214216232
6988,88,0.03651600331068039
6989,88,0.030850030481815338
6990,88,0.03708883374929428
6991,88,0.01876760832965374
6992,88,0.04117633029818535
6993,88,0.0369345024228096
6994,88,0.020810993388295174
6995,88,0.0595618300139904
6996,88,0.042709145694971085
6997,88,0.031950969249010086
6998,88,0.028524313122034073
6999,88,0.024601740762591362
7000,88,0.02485058084130287
7001,88,0.10827407240867615
7002,88,0.08095357567071915
7003,88,0.05642693489789963
7004,88,0.05940425395965576
7005,88,0.10280424356460571
7006,88,0.06195343658328056
7007,88,0.06407038867473602
7008,88,0.049126800149679184
7009,88,0.061287447810173035
7010,88,0.06433843076229095
7011,88,0.036884479224681854
7012,88,0.04142656922340393
7013,88,0.03730706498026848
7014,88,0.043885573744773865
7015,88,0.036326613277196884
7016,88,0.029767436906695366
7017,88,0.0634901225566864
7018,88,0.03061000257730484
7019,88,0.0673237219452858
7020,88,0.06317585706710815
7021,88,0.043101806193590164
7022,89,0.07542099058628082
7023,89,0.051249317824840546
7024,89,0.05722089111804962
7025,89,0.02818618342280388
7026,89,0.03739491105079651
7027,89,0.038269348442554474
7028,89,0.03731522336602211
7029,89,0.04408868029713631
7030,89,0.027608968317508698
7031,89,0.06407314538955688
7032,89,0.019510773941874504
7033,89,0.026639554649591446
7034,89,0.020842010155320168
7035,89,0.027955293655395508
7036,89,0.0311262346804142
7037,89,0.06948009878396988
7038,89,0.03687092289328575
7039,89,0.03686594218015671
7040,89,0.057636454701423645
7041,89,0.032750193029642105
7042,89,0.057035692036151886
7043,89,0.03539323806762695
7044,89,0.06596776843070984
7045,89,0.03159337490797043
7046,89,0.04284758120775223
7047,89,0.06697305291891098
7048,89,0.0350114181637764
7049,89,0.04528650641441345
7050,89,0.04118847846984863
7051,89,0.029322702437639236
7052,89,0.04153406247496605
7053,89,0.033595722168684006
7054,89,0.04265521094202995
7055,89,0.025747153908014297
7056,89,0.06680537760257721
7057,89,0.023808574303984642
7058,89,0.040923915803432465
7059,89,0.02968832477927208
7060,89,0.03365034982562065
7061,89,0.0414355993270874
7062,89,0.03549310564994812
7063,89,0.03139791265130043
7064,89,0.06737472116947174
7065,89,0.04246407747268677
7066,89,0.03869401663541794
7067,89,0.056580010801553726
7068,89,0.04054239019751549
7069,89,0.03907399997115135
7070,90,0.05757356435060501
7071,90,0.0378882996737957
7072,90,0.05049915611743927
7073,90,0.04919832944869995
7074,90,0.06409786641597748
7075,90,0.03220922872424126
7076,90,0.0425039641559124
7077,90,0.03348945826292038
7078,90,0.02676401287317276
7079,90,0.03330244868993759
7080,90,0.05979245901107788
7081,90,0.034364502876996994
7082,90,0.05116916447877884
7083,90,0.0543106347322464
7084,90,0.028238672763109207
7085,90,0.0666024312376976
7086,90,0.0380575992166996
7087,90,0.040819503366947174
7088,90,0.02722247689962387
7089,90,0.03847973421216011
7090,90,0.03423244133591652
7091,90,0.044978782534599304
7092,90,0.05359308421611786
7093,90,0.041162677109241486
7094,90,0.03459816426038742
7095,90,0.036472540348768234
7096,90,0.09374508261680603
7097,90,0.03948800265789032
7098,90,0.047786325216293335
7099,90,0.02023852989077568
7100,90,0.03032769449055195
7101,91,0.029051026329398155
7102,91,0.05097750946879387
7103,91,0.064500592648983
7104,91,0.033028166741132736
7105,91,0.0406070239841938
7106,91,0.025659384205937386
7107,91,0.026850774884223938
7108,91,0.02629348821938038
7109,91,0.03434665501117706
7110,91,0.029214641079306602
7111,91,0.036307089030742645
7112,91,0.029844822362065315
7113,91,0.02840108796954155
7114,91,0.05132419243454933
7115,91,0.04389365017414093
7116,91,0.032860979437828064
7117,91,0.039511509239673615
7118,91,0.027394648641347885
7119,91,0.03117925301194191
7120,91,0.028693607077002525
7121,91,0.06360867619514465
7122,91,0.026939965784549713
7123,91,0.03425173833966255
7124,91,0.04935889691114426
7125,91,0.03597559779882431
7126,91,0.059100933372974396
7127,91,0.03398449346423149
7128,91,0.04265516996383667
7129,91,0.03312835842370987
7130,91,0.0450473353266716
7131,91,0.040132276713848114
7132,91,0.05868535116314888
7133,91,0.03658132627606392
7134,91,0.03560679033398628
7135,91,0.04905547946691513
7136,91,0.04530744627118111
7137,91,0.03500768169760704
7138,91,0.03916729986667633
7139,92,0.04290693625807762
7140,92,0.03133333846926689
7141,92,0.037993237376213074
7142,92,0.04313823953270912
7143,92,0.07637986540794373
7144,92,0.03533758968114853
7145,92,0.03476162999868393
7146,92,0.026929471641778946
7147,92,0.027470258995890617
7148,92,0.03680475801229477
7149,92,0.02374597266316414
7150,92,0.030057167634367943
7151,92,0.03233003988862038
7152,92,0.03777303546667099
7153,92,0.03695937246084213
7154,92,0.04232315719127655
7155,92,0.040435995906591415
7156,92,0.02552911266684532
7157,92,0.02834518626332283
7158,92,0.03330229967832565
7159,92,0.04778514802455902
7160,92,0.04930426925420761
7161,92,0.024469584226608276
7162,92,0.03561710566282272
7163,92,0.030866920948028564
7164,92,0.04829758405685425
7165,92,0.0238623209297657
7166,92,0.03269651532173157
7167,92,0.029713083058595657
7168,92,0.06365843862295151
7169,92,0.03218602389097214
7170,92,0.038510505110025406
7171,92,0.033641327172517776
7172,93,0.06360369175672531
7173,93,0.05733408033847809
7174,93,0.05989417806267738
7175,93,0.029762694612145424
7176,93,0.07102571427822113
7177,93,0.0520508736371994
7178,93,0.07246339321136475
7179,93,0.054934222251176834
7180,93,0.027913613244891167
7181,93,0.06465953588485718
7182,93,0.027025917544960976
7183,93,0.03540539741516113
7184,93,0.04655575007200241
7185,93,0.06096205115318298
7186,93,0.03388801962137222
7187,93,0.044235747307538986
7188,93,0.024957211688160896
7189,93,0.03381286934018135
7190,93,0.054444458335638046
7191,93,0.024936864152550697
7192,93,0.036711882799863815
7193,93,0.07302290946245193
7194,93,0.024713173508644104
7195,93,0.0298052579164505
7196,93,0.02799457497894764
7197,93,0.030748773366212845
7198,93,0.0341455303132534
7199,93,0.04521321877837181
7200,93,0.03427131474018097
7201,93,0.022469855844974518
7202,93,0.03773735463619232
7203,93,0.055364686995744705
7204,93,0.03374546766281128
7205,93,0.033087871968746185
7206,93,0.04786086454987526
7207,93,0.025368038564920425
7208,93,0.043997250497341156
7209,93,0.028923319652676582
7210,93,0.024622051045298576
7211,93,0.048940010368824005
7212,93,0.03001769445836544
7213,94,0.0284372940659523
7214,94,0.03114590048789978
7215,94,0.037657804787158966
7216,94,0.0342647023499012
7217,94,0.03377802297472954
7218,94,0.04358373582363129
7219,94,0.02143498696386814
7220,94,0.025746718049049377
7221,94,0.03032226860523224
7222,94,0.051038146018981934
7223,94,0.037109579890966415
7224,94,0.03830980882048607
7225,94,0.05088505893945694
7226,94,0.03247775137424469
7227,94,0.05263261869549751
7228,94,0.036885086447000504
7229,94,0.0294553991407156
7230,94,0.05816955864429474
7231,94,0.03319065645337105
7232,94,0.027830135077238083
7233,94,0.02757291868329048
7234,94,0.04106900468468666
7235,94,0.02728666365146637
7236,94,0.030025770887732506
7237,94,0.03660645708441734
7238,94,0.03134012967348099
7239,94,0.03797024115920067
7240,94,0.015450360253453255
7241,94,0.040534332394599915
7242,94,0.04017425328493118
7243,94,0.0259416401386261
7244,94,0.023081835359334946
7245,94,0.031362637877464294
7246,94,0.07031688094139099
7247,94,0.03316376730799675
7248,94,0.025926794856786728
7249,94,0.02174210548400879
7250,94,0.030713286250829697
7251,95,0.14517842233181
7252,95,0.06221770867705345
7253,95,0.07663358002901077
7254,95,0.05010518059134483
7255,95,0.07309003919363022
7256,95,0.0667395293712616
7257,95,0.050597064197063446
7258,95,0.03074154071509838
7259,95,0.029312700033187866
7260,95,0.061752088367938995
7261,95,0.07182183116674423
7262,95,0.0647900328040123
7263,95,0.058058787137269974
7264,95,0.06775639951229095
7265,95,0.046391673386096954
7266,95,0.04546057805418968
7267,95,0.04983202740550041
7268,95,0.053893595933914185
7269,95,0.041266318410634995
7270,95,0.038608890026807785
7271,95,0.04429464787244797
7272,95,0.05174804851412773
7273,95,0.03851401060819626
7274,95,0.03632255271077156
7275,95,0.034501515328884125
7276,95,0.035611722618341446
7277,95,0.02932686172425747
7278,95,0.042091093957424164
7279,96,0.042043332010507584
7280,96,0.04847335442900658
7281,96,0.029422402381896973
7282,96,0.035175979137420654
7283,96,0.02520221471786499
7284,96,0.030119113624095917
7285,96,0.054424386471509933
7286,96,0.043665941804647446
7287,96,0.032747648656368256
7288,96,0.07974158227443695
7289,96,0.05667830631136894
7290,96,0.04372787103056908
7291,96,0.050945449620485306
7292,96,0.02890642359852791
7293,96,0.03350357711315155
7294,96,0.04415774717926979
7295,96,0.04123257100582123
7296,96,0.051373887807130814
7297,96,0.04973633214831352
7298,96,0.039409492164850235
7299,96,0.02597220614552498
7300,96,0.03934716433286667
7301,96,0.03274239972233772
7302,96,0.02227715775370598
7303,96,0.02537469193339348
7304,96,0.037106048315763474
7305,96,0.026365026831626892
7306,96,0.06396173685789108
7307,96,0.026616938412189484
7308,96,0.03249945864081383
7309,96,0.017773814499378204
7310,96,0.03395678102970123
7311,96,0.04087572917342186
7312,96,0.02620665170252323
7313,96,0.026905842125415802
7314,96,0.035020384937524796
7315,96,0.03272106125950813
7316,96,0.03699261695146561
7317,96,0.028080396354198456
7318,96,0.020479345694184303
7319,96,0.0272795632481575
7320,96,0.02114788629114628
7321,97,0.04290555790066719
7322,97,0.02745148539543152
7323,97,0.030527545139193535
7324,97,0.02619943954050541
7325,97,0.03569268062710762
7326,97,0.029333673417568207
7327,97,0.03601223602890968
7328,97,0.05309002846479416
7329,97,0.032212309539318085
7330,97,0.04772520810365677
7331,97,0.02224116399884224
7332,97,0.030741777271032333
7333,97,0.04253743588924408
7334,97,0.02572764828801155
7335,97,0.04592069238424301
7336,97,0.033788178116083145
7337,97,0.02820410765707493
7338,98,0.03170808404684067
7339,98,0.037627629935741425
7340,98,0.03424675762653351
7341,98,0.030657794326543808
7342,98,0.04017657786607742
7343,98,0.03468472138047218
7344,98,0.033096279948949814
7345,98,0.033018775284290314
7346,98,0.027581967413425446
7347,98,0.03353302925825119
7348,98,0.030351964756846428
7349,98,0.03191565349698067
7350,98,0.016096485778689384
7351,98,0.024427805095911026
7352,98,0.03808218985795975
7353,98,0.02497643046081066
7354,98,0.0777835100889206
7355,98,0.032093316316604614
7356,98,0.030561601743102074
7357,98,0.027420975267887115
7358,98,0.026218097656965256
7359,98,0.0284289438277483
7360,98,0.0225872490555048
7361,98,0.03417132794857025
7362,98,0.026303937658667564
7363,98,0.039448145776987076
7364,98,0.04321979731321335
7365,98,0.02501370571553707
7366,99,0.025383375585079193
7367,99,0.019612016156315804
7368,99,0.02167423628270626
7369,99,0.030166534706950188
7370,99,0.04262040555477142
7371,99,0.04038875922560692
7372,99,0.02842704951763153
7373,99,0.029258184134960175
7374,99,0.047131218016147614
7375,99,0.03870300203561783
7376,99,0.02429872564971447
7377,99,0.04059923067688942
7378,99,0.03708479553461075
7379,99,0.041022662073373795
7380,99,0.04835623875260353
7381,99,0.020838750526309013
7382,99,0.03210598975419998
7383,99,0.03214188292622566
7384,99,0.031903885304927826
7385,99,0.02289801463484764
7386,99,0.03899797424674034
7387,99,0.021993335336446762
7388,99,0.04114836826920509
7389,99,0.020437920466065407
7390,99,0.03522028028964996
7391,99,0.03500673547387123
7392,99,0.033584754914045334
7393,99,0.03777812793850899
7394,99,0.033584777265787125
7395,99,0.03436494991183281
7396,99,0.0328025221824646
7397,99,0.0443783663213253
7398,99,0.03601602837443352
7399,99,0.02702128142118454
7400,99,0.040231071412563324
7401,99,0.0315457358956337
7402,99,0.02749267965555191
7403,99,0.026135077700018883
7404,99,0.036285918205976486
7405,99,0.03852337598800659
7406,99,0.02368869259953499
7407,99,0.03390926867723465
7408,99,0.03717245161533356
7409,99,0.04230542108416557
7410,99,0.0414009653031826
7411,99,0.057635873556137085
7412,99,0.03928128629922867
7413,99,0.0383148267865181
7414,99,0.030963949859142303
7415,99,0.02401401475071907
7416,99,0.0315769799053669
7417,99,0.03418838605284691
7418,99,0.02899300679564476
7419,99,0.04550328478217125
7420,99,0.031195949763059616
7421,99,0.049608953297138214
7422,100,0.07375851273536682
7423,100,0.027088964357972145
7424,100,0.026476625353097916
7425,100,0.028667207807302475
7426,100,0.027718201279640198
7427,100,0.030571065843105316
7428,100,0.039631910622119904
7429,100,0.027335084974765778
7430,100,0.036376576870679855
7431,100,0.031702347099781036
7432,100,0.022504840046167374
7433,100,0.06324563920497894
7434,100,0.03420105576515198
7435,100,0.03621399775147438
7436,100,0.02131636068224907
7437,100,0.02952566184103489
7438,100,0.02261251211166382
7439,100,0.03910772502422333
7440,100,0.04432527720928192
7441,100,0.03443850576877594
7442,100,0.033390700817108154
7443,100,0.0405123233795166
7444,100,0.03338910639286041
7445,100,0.04504459351301193
7446,100,0.030638590455055237
7447,100,0.030461346730589867
7448,100,0.03512907400727272
7449,100,0.024230699986219406
7450,100,0.04298331215977669
7451,100,0.02984863705933094
7452,100,0.05887627601623535
7453,100,0.03649494796991348
7454,100,0.03648293763399124
7455,100,0.038754064589738846
7456,100,0.03366855904459953
7457,100,0.0208148006349802
7458,100,0.03139560669660568
7459,100,0.028155658394098282
7460,100,0.018350038677453995
7461,100,0.051980432122945786
7462,101,0.03379468992352486
7463,101,0.03791239857673645
7464,101,0.03147551789879799
7465,101,0.03707217052578926
7466,101,0.026057446375489235
7467,101,0.04201402887701988
7468,101,0.03776569291949272
7469,101,0.04648939147591591
7470,101,0.01723131351172924
7471,101,0.0328163206577301
7472,101,0.029575873166322708
7473,101,0.039062004536390305
7474,101,0.022640161216259003
7475,101,0.024609822779893875
7476,101,0.05202038586139679
7477,101,0.027535397559404373
7478,101,0.028072373941540718
7479,101,0.024139022454619408
7480,101,0.025056317448616028
7481,101,0.029178127646446228
7482,101,0.04271407797932625
7483,101,0.03702661395072937
7484,101,0.025127556174993515
7485,101,0.03392481803894043
7486,101,0.021957026794552803
7487,101,0.03756154328584671
7488,101,0.027949944138526917
7489,101,0.044133104383945465
7490,101,0.03919590637087822
7491,101,0.043712254613637924
7492,101,0.021322954446077347
7493,101,0.04247754067182541
7494,101,0.02238604426383972
7495,101,0.04519377276301384
7496,101,0.0385054387152195
7497,101,0.01686110906302929
7498,101,0.04927670583128929
7499,101,0.02974594011902809
7500,101,0.02755787968635559
7501,101,0.13393467664718628
7502,101,0.06470654159784317
7503,101,0.035716596990823746
7504,101,0.05505789816379547
7505,101,0.06517887860536575
7506,101,0.0738895982503891
7507,101,0.05009152740240097
7508,101,0.04722699522972107
7509,101,0.036718178540468216
7510,102,0.055722590535879135
7511,102,0.037616629153490067
7512,102,0.059656478464603424
7513,102,0.06233738362789154
7514,102,0.03877153620123863
7515,102,0.04706883057951927
7516,102,0.04046075791120529
7517,102,0.03190205618739128
7518,102,0.0523177906870842
7519,102,0.05579300969839096
7520,102,0.050845373421907425
7521,102,0.05687178298830986
7522,102,0.026555608958005905
7523,102,0.04103798046708107
7524,102,0.0411849245429039
7525,102,0.049664802849292755
7526,102,0.04953627288341522
7527,102,0.03623714670538902
7528,102,0.05766937881708145
7529,102,0.03504370525479317
7530,102,0.05245158076286316
7531,102,0.036960262805223465
7532,102,0.04736347496509552
7533,102,0.052478011697530746
7534,102,0.051700953394174576
7535,102,0.03426804766058922
7536,102,0.054447438567876816
7537,102,0.052066728472709656
7538,102,0.0342707484960556
7539,102,0.041792482137680054
7540,102,0.0600750558078289
7541,102,0.0409209206700325
7542,102,0.03578998148441315
7543,102,0.05207087844610214
7544,102,0.0659271776676178
7545,102,0.046669021248817444
7546,102,0.03580837324261665
7547,103,0.026369977742433548
7548,103,0.04962429776787758
7549,103,0.029869362711906433
7550,103,0.04209794104099274
7551,103,0.0533611960709095
7552,103,0.03531702235341072
7553,103,0.022031031548976898
7554,103,0.04250625520944595
7555,103,0.03998986631631851
7556,103,0.03676390275359154
7557,103,0.03626744821667671
7558,103,0.02598859928548336
7559,103,0.055792663246393204
7560,103,0.04405725747346878
7561,103,0.030911551788449287
7562,103,0.027653586119413376
7563,103,0.037952687591314316
7564,103,0.04908919706940651
7565,103,0.02556898072361946
7566,103,0.0457942821085453
7567,103,0.040542133152484894
7568,103,0.03981166332960129
7569,103,0.03772635757923126
7570,103,0.029127566143870354
7571,103,0.0345209538936615
7572,103,0.040235310792922974
7573,103,0.037257932126522064
7574,103,0.03895580396056175
7575,103,0.04674599692225456
7576,103,0.03758426755666733
7577,103,0.05241386592388153
7578,103,0.026071209460496902
7579,103,0.06637118756771088
7580,103,0.027822168543934822
7581,103,0.05124969780445099
7582,103,0.056150905787944794
7583,103,0.02652854286134243
7584,103,0.03357614204287529
7585,103,0.036779798567295074
7586,103,0.022456515580415726
7587,103,0.031101994216442108
7588,103,0.03668404370546341
7589,103,0.041635796427726746
7590,103,0.024760032072663307
7591,103,0.03721100836992264
7592,103,0.03858505189418793
7593,103,0.04233749955892563
7594,103,0.026254840195178986
7595,103,0.035246267914772034
7596,103,0.03416905924677849
7597,103,0.03011462837457657
7598,104,0.027682220563292503
7599,104,0.0397585891187191
7600,104,0.029463382437825203
7601,104,0.025798054412007332
7602,104,0.061769016087055206
7603,104,0.02662619948387146
7604,104,0.0570833720266819
7605,104,0.04725535959005356
7606,104,0.027536733075976372
7607,104,0.03799179568886757
7608,104,0.03113667666912079
7609,104,0.027811221778392792
7610,104,0.04019377753138542
7611,104,0.053939949721097946
7612,104,0.05636892840266228
7613,104,0.05609498918056488
7614,104,0.0445411279797554
7615,104,0.03896668553352356
7616,104,0.040827974677085876
7617,104,0.03517521545290947
7618,104,0.03843318670988083
7619,104,0.03742019832134247
7620,104,0.03937775641679764
7621,104,0.04117071256041527
7622,104,0.033255815505981445
7623,104,0.03538784012198448
7624,104,0.03823508322238922
7625,104,0.03060351498425007
7626,104,0.039537377655506134
7627,104,0.03964373096823692
7628,104,0.039071083068847656
7629,104,0.04161390662193298
7630,104,0.03114447370171547
7631,104,0.050132717937231064
7632,104,0.04996124655008316
7633,104,0.03534100204706192
7634,104,0.03781694173812866
7635,104,0.04201493412256241
7636,104,0.03199814632534981
7637,104,0.038354333490133286
7638,104,0.04046758636832237
7639,104,0.035809505730867386
7640,104,0.0460742749273777
7641,104,0.030237123370170593
7642,105,0.04441216588020325
7643,105,0.0335971936583519
7644,105,0.04481721669435501
7645,105,0.04174511134624481
7646,105,0.03449254110455513
7647,105,0.022212965413928032
7648,105,0.026068592444062233
7649,105,0.06233648210763931
7650,105,0.031771399080753326
7651,105,0.049896009266376495
7652,105,0.04355650767683983
7653,105,0.04847487062215805
7654,105,0.037895794957876205
7655,105,0.05366646870970726
7656,105,0.03312022238969803
7657,105,0.03632183372974396
7658,105,0.058656346052885056
7659,105,0.04658517614006996
7660,105,0.036283526569604874
7661,105,0.03887934982776642
7662,105,0.05174184590578079
7663,105,0.03955617919564247
7664,105,0.027801726013422012
7665,105,0.05198885127902031
7666,105,0.04867321252822876
7667,105,0.03884899988770485
7668,105,0.034554623067379
7669,105,0.030483581125736237
7670,105,0.0412028506398201
7671,105,0.036574091762304306
7672,105,0.027073517441749573
7673,105,0.031190302222967148
7674,105,0.023730725049972534
7675,105,0.0367325097322464
7676,105,0.0321710929274559
7677,105,0.03387468680739403
7678,105,0.029975000768899918
7679,105,0.03275265917181969
7680,105,0.02545526623725891
7681,105,0.037267036736011505
7682,105,0.03412583842873573
7683,105,0.04793272167444229
7684,105,0.034674033522605896
7685,105,0.04866979643702507
7686,105,0.028561165556311607
7687,106,0.029253331944346428
7688,106,0.04090024158358574
7689,106,0.027141254395246506
7690,106,0.04817818105220795
7691,106,0.05059297755360603
7692,106,0.032200366258621216
7693,106,0.03757829591631889
7694,106,0.03473825752735138
7695,106,0.032776251435279846
7696,106,0.041697897017002106
7697,106,0.04803037270903587
7698,106,0.032236646860837936
7699,106,0.049507640302181244
7700,106,0.023232053965330124
7701,106,0.03789028152823448
7702,106,0.04099971801042557
7703,106,0.029068976640701294
7704,106,0.055496230721473694
7705,106,0.03399038687348366
7706,106,0.04096332564949989
7707,106,0.04110115393996239
7708,106,0.06563244760036469
7709,106,0.0418851263821125
7710,106,0.05166305974125862
7711,106,0.03579934686422348
7712,106,0.045436639338731766
7713,106,0.043353646993637085
7714,106,0.037836045026779175
7715,106,0.02882026880979538
7716,106,0.03394177183508873
7717,106,0.0323808491230011
7718,106,0.024414192885160446
7719,106,0.03555053099989891
7720,106,0.03206687793135643
7721,106,0.03163642808794975
7722,106,0.02890937402844429
7723,106,0.0383949875831604
7724,106,0.025289129465818405
7725,106,0.08836955577135086
7726,107,0.028426561504602432
7727,107,0.03702987730503082
7728,107,0.028736522421240807
7729,107,0.03585093095898628
7730,107,0.039878129959106445
7731,107,0.026219414547085762
7732,107,0.029660772532224655
7733,107,0.03005041740834713
7734,107,0.023277848958969116
7735,107,0.05431263893842697
7736,107,0.04545874148607254
7737,107,0.054969072341918945
7738,107,0.0374608188867569
7739,107,0.03661291301250458
7740,107,0.027746276929974556
7741,107,0.028322355821728706
7742,107,0.03732699528336525
7743,107,0.04655156284570694
7744,107,0.036181457340717316
7745,107,0.0531952939927578
7746,107,0.02605367824435234
7747,107,0.033156007528305054
7748,107,0.034734781831502914
7749,108,0.03920590877532959
7750,108,0.04459691420197487
7751,108,0.0986810252070427
7752,108,0.07347780466079712
7753,108,0.04875049367547035
7754,108,0.04923861846327782
7755,108,0.06069011986255646
7756,108,0.07179509848356247
7757,109,0.07358697056770325
7758,109,0.0566992424428463
7759,109,0.07122328877449036
7760,109,0.061326734721660614
7761,109,0.07977674901485443
7762,109,0.04338565096259117
7763,109,0.061270322650671005
7764,109,0.05026930943131447
7765,109,0.0712793692946434
7766,109,0.03951019421219826
7767,109,0.066594198346138
7768,109,0.03789575397968292
7769,109,0.0836687758564949
7770,109,0.03810755908489227
7771,109,0.04844548925757408
7772,109,0.04346222057938576
7773,109,0.051497600972652435
7774,109,0.0685228556394577
7775,109,0.02631419524550438
7776,109,0.05671700835227966
7777,109,0.04342677816748619
7778,109,0.041253119707107544
7779,109,0.05007103085517883
7780,109,0.0460328534245491
7781,109,0.0569198802113533
7782,109,0.06450287997722626
7783,109,0.07230386883020401
7784,109,0.030389871448278427
7785,109,0.030979063361883163
7786,109,0.050241295248270035
7787,109,0.051349297165870667
7788,109,0.05602225288748741
7789,109,0.030078979209065437
7790,109,0.03352854400873184
7791,109,0.07714593410491943
7792,109,0.029945962131023407
7793,110,0.033581458032131195
7794,110,0.048131830990314484
7795,110,0.04710688069462776
7796,110,0.06671730428934097
7797,110,0.04232945293188095
7798,110,0.037587519735097885
7799,110,0.03438720852136612
7800,110,0.04425541311502457
7801,110,0.06594553589820862
7802,110,0.02859259396791458
7803,110,0.05019726976752281
7804,110,0.04469002038240433
7805,110,0.022991014644503593
7806,110,0.025498464703559875
7807,110,0.045416492968797684
7808,110,0.04578280821442604
7809,111,0.05126187577843666
7810,111,0.04702318459749222
7811,111,0.046864453703165054
7812,111,0.06861044466495514
7813,111,0.034099481999874115
7814,111,0.038481999188661575
7815,111,0.037467584013938904
7816,111,0.0623168908059597
7817,111,0.051033757627010345
7818,111,0.022388607263565063
7819,111,0.03371488302946091
7820,111,0.04037092998623848
7821,111,0.04456154629588127
7822,111,0.053033944219350815
7823,111,0.042874615639448166
7824,111,0.05522233620285988
7825,111,0.039393823593854904
7826,111,0.04930443316698074
7827,111,0.03571558743715286
7828,111,0.06505762040615082
7829,111,0.0480232909321785
7830,112,0.04694022983312607
7831,112,0.0360797680914402
7832,112,0.04545692354440689
7833,112,0.061509475111961365
7834,112,0.05438344180583954
7835,112,0.045729391276836395
7836,112,0.03356938809156418
7837,112,0.03376462310552597
7838,112,0.045943088829517365
7839,112,0.034840650856494904
7840,112,0.029883157461881638
7841,112,0.026396937668323517
7842,112,0.027994196861982346
7843,112,0.04875107854604721
7844,112,0.03111504390835762
7845,112,0.03166515380144119
7846,112,0.02313411235809326
7847,112,0.03161933273077011
7848,112,0.05026128143072128
7849,112,0.06953006237745285
7850,112,0.037831567227840424
7851,112,0.04601205140352249
7852,112,0.0309713464230299
7853,112,0.03503044322133064
7854,112,0.03531010448932648
7855,112,0.03264813870191574
7856,112,0.030576670542359352
7857,112,0.03245196118950844
7858,112,0.04667576402425766
7859,113,0.03908606991171837
7860,113,0.04241570830345154
7861,113,0.040028445422649384
7862,113,0.033354252576828
7863,113,0.05238397419452667
7864,113,0.05200663581490517
7865,113,0.04855891317129135
7866,113,0.031176965683698654
7867,113,0.05377189815044403
7868,113,0.029956575483083725
7869,113,0.04529372230172157
7870,113,0.0299507025629282
7871,113,0.03224232420325279
7872,113,0.027264602482318878
7873,113,0.043401770293712616
7874,113,0.04170317202806473
7875,113,0.038505516946315765
7876,113,0.04801113158464432
7877,113,0.029285740107297897
7878,113,0.03337312862277031
7879,113,0.03553750365972519
7880,113,0.030543368309736252
7881,113,0.052289217710494995
7882,113,0.036364588886499405
7883,113,0.02271631732583046
7884,113,0.04343453794717789
7885,113,0.04514993727207184
7886,113,0.06111646816134453
7887,113,0.03352107107639313
7888,113,0.04055464640259743
7889,113,0.05633118748664856
7890,113,0.04083556681871414
7891,113,0.02446778304874897
7892,113,0.03445430099964142
7893,114,0.03297264128923416
7894,114,0.05818884074687958
7895,114,0.05382978171110153
7896,114,0.04831784963607788
7897,114,0.03336898982524872
7898,114,0.03724624216556549
7899,114,0.043578267097473145
7900,114,0.06095070019364357
7901,114,0.02706214413046837
7902,114,0.0756060853600502
7903,114,0.03373963385820389
7904,114,0.06341832131147385
7905,114,0.05597400665283203
7906,114,0.043295279145240784
7907,114,0.034237492829561234
7908,114,0.023238785564899445
7909,114,0.0510067455470562
7910,114,0.0459313690662384
7911,114,0.031160125508904457
7912,114,0.04966755211353302
7913,114,0.04263905808329582
7914,114,0.037225350737571716
7915,114,0.035382822155952454
7916,115,0.024652309715747833
7917,115,0.04737371206283569
7918,115,0.04721226543188095
7919,115,0.029670609161257744
7920,115,0.03463970497250557
7921,115,0.03861364722251892
7922,115,0.027409452944993973
7923,115,0.04157528281211853
7924,115,0.023896461352705956
7925,115,0.040014009922742844
7926,115,0.03408442810177803
7927,115,0.03070533461868763
7928,115,0.06461039185523987
7929,115,0.04298130422830582
7930,115,0.03460259735584259
7931,115,0.04006973281502724
7932,115,0.036596402525901794
7933,115,0.029975902289152145
7934,115,0.04022800549864769
7935,115,0.04872426763176918
7936,115,0.049949683248996735
7937,115,0.025001052767038345
7938,115,0.05099628493189812
7939,115,0.03803575783967972
7940,115,0.046806465834379196
7941,115,0.050310168415308
7942,115,0.03194943815469742
7943,115,0.034493837505578995
7944,115,0.02263559401035309
7945,115,0.03765881061553955
7946,115,0.05200422555208206
7947,115,0.047751471400260925
7948,115,0.0338098481297493
7949,115,0.054991088807582855
7950,115,0.03825102001428604
7951,115,0.03615712746977806
7952,115,0.048514224588871
7953,115,0.06553826481103897
7954,115,0.06800906360149384
7955,115,0.061590149998664856
7956,115,0.02740965224802494
7957,115,0.025005420669913292
7958,115,0.03388385474681854
7959,115,0.05385405570268631
7960,115,0.03952247276902199
7961,115,0.05018899589776993
7962,116,0.05144361034035683
7963,116,0.020024413242936134
7964,116,0.026691846549510956
7965,116,0.046674586832523346
7966,116,0.03820478171110153
7967,116,0.04568231850862503
7968,116,0.028627855703234673
7969,116,0.05136138200759888
7970,116,0.04233376309275627
7971,116,0.06571780145168304
7972,116,0.06397519260644913
7973,116,0.0345793180167675
7974,116,0.051562294363975525
7975,116,0.07173644006252289
7976,116,0.04828402400016785
7977,116,0.04445989429950714
7978,116,0.04015148803591728
7979,116,0.04003829136490822
7980,116,0.050851691514253616
7981,116,0.06091921776533127
7982,116,0.06403923034667969
7983,116,0.03985496610403061
7984,116,0.03461409732699394
7985,116,0.037681128829717636
7986,116,0.03302107751369476
7987,116,0.04083884507417679
7988,116,0.048995234072208405
7989,116,0.04811221361160278
7990,116,0.037253398448228836
7991,116,0.027050983160734177
7992,116,0.02423698827624321
7993,117,0.04469405114650726
7994,117,0.048028364777565
7995,117,0.03406798094511032
7996,117,0.027462761849164963
7997,117,0.036289021372795105
7998,117,0.0643015131354332
7999,117,0.036157045513391495
8000,117,0.023790478706359863
8001,117,0.0977959930896759
8002,117,0.0945911854505539
8003,117,0.09210808575153351
8004,117,0.050156183540821075
8005,117,0.10009750723838806
8006,118,0.09507470577955246
8007,118,0.08938906341791153
8008,118,0.04735749587416649
8009,118,0.0597553476691246
8010,118,0.06261338293552399
8011,118,0.05473480001091957
8012,118,0.06469374150037766
8013,118,0.05859825387597084
8014,118,0.04577207192778587
8015,118,0.034488800913095474
8016,118,0.051675960421562195
8017,118,0.058770857751369476
8018,118,0.06793983280658722
8019,118,0.042512040585279465
8020,118,0.048003196716308594
8021,119,0.031320128589868546
8022,119,0.04647015780210495
8023,119,0.05199364572763443
8024,119,0.043882641941308975
8025,119,0.04787825420498848
8026,119,0.034190814942121506
8027,119,0.04990245774388313
8028,119,0.036735158413648605
8029,119,0.040291573852300644
8030,119,0.04475906863808632
8031,119,0.03669973090291023
8032,119,0.04325041174888611
8033,119,0.033981241285800934
8034,119,0.04305405914783478
8035,120,0.045875560492277145
8036,120,0.03337927907705307
8037,120,0.0434667132794857
8038,120,0.04757486656308174
8039,120,0.03344633802771568
8040,120,0.043071113526821136
8041,120,0.05378120765089989
8042,120,0.04109283909201622
8043,120,0.03935519605875015
8044,120,0.06771624833345413
8045,120,0.036028966307640076
8046,120,0.07724295556545258
8047,120,0.02911541797220707
8048,120,0.036311548203229904
8049,120,0.050202321261167526
8050,120,0.034638579934835434
8051,120,0.0318402461707592
8052,120,0.07084151357412338
8053,120,0.10002706944942474
8054,120,0.0449468195438385
8055,120,0.059967346489429474
8056,120,0.0412101075053215
8057,120,0.05945601686835289
8058,120,0.04570595920085907
8059,120,0.05982925742864609
8060,120,0.055748239159584045
8061,120,0.0532941035926342
8062,120,0.04453752934932709
8063,120,0.04426274076104164
8064,120,0.05500517040491104
8065,120,0.03580683469772339
8066,120,0.041692379862070084
8067,120,0.07192645221948624
8068,120,0.04911552369594574
8069,120,0.034774042665958405
8070,120,0.04912252724170685
8071,120,0.050487738102674484
8072,120,0.042760636657476425
8073,120,0.04403625801205635
8074,120,0.024566518142819405
8075,120,0.04162789508700371
8076,120,0.060039591044187546
8077,120,0.038274962455034256
8078,120,0.04815056174993515
8079,120,0.049683138728141785
8080,120,0.050156958401203156
8081,120,0.06294310092926025
8082,120,0.07193469256162643
8083,120,0.03832448273897171
8084,120,0.06243257597088814
8085,120,0.05214245989918709
8086,120,0.060393236577510834
8087,120,0.05004497990012169
8088,120,0.02893238328397274
8089,120,0.032661620527505875
8090,120,0.05507957935333252
8091,120,0.030005592852830887
8092,120,0.03233373537659645
8093,120,0.03378080576658249
8094,120,0.03734671697020531
8095,120,0.04420291259884834
8096,120,0.026036370545625687
8097,120,0.024375667795538902
8098,120,0.05893687158823013
8099,120,0.041956499218940735
8100,120,0.030271196737885475
8101,120,0.049145184457302094
8102,120,0.05619256570935249
8103,120,0.025800056755542755
8104,120,0.06270881742238998
8105,120,0.0389302559196949
8106,121,0.03704439476132393
8107,121,0.03008950501680374
8108,121,0.054140493273735046
8109,121,0.038408152759075165
8110,121,0.042757220566272736
8111,121,0.02466053143143654
8112,121,0.047480419278144836
8113,121,0.03722217306494713
8114,121,0.06154035031795502
8115,121,0.06567459553480148
8116,121,0.04381604865193367
8117,121,0.03314250335097313
8118,121,0.02811983786523342
8119,121,0.07159245759248734
8120,121,0.06084414944052696
8121,121,0.04919271916151047
8122,121,0.05117363482713699
8123,121,0.031589217483997345
8124,121,0.08392143249511719
8125,121,0.057278018444776535
8126,121,0.0733429491519928
8127,121,0.03340267390012741
8128,121,0.023075003176927567
8129,121,0.035876933485269547
8130,121,0.045683324337005615
8131,121,0.06563150882720947
8132,121,0.08666298538446426
8133,121,0.04796554148197174
8134,121,0.029146427288651466
8135,122,0.0339541882276535
8136,122,0.07958588004112244
8137,122,0.06270930171012878
8138,122,0.035589128732681274
8139,122,0.027563458308577538
8140,122,0.034822866320610046
8141,122,0.028540417551994324
8142,122,0.07037680596113205
8143,122,0.029971696436405182
8144,122,0.05896119028329849
8145,122,0.039082951843738556
8146,122,0.052176058292388916
8147,122,0.04147520288825035
8148,122,0.045558687299489975
8149,122,0.0291129257529974
8150,122,0.0238617155700922
8151,122,0.03454218804836273
8152,122,0.032146576792001724
8153,122,0.025610020384192467
8154,122,0.057557348161935806
8155,122,0.04785621538758278
8156,122,0.029527554288506508
8157,122,0.0382540337741375
8158,123,0.03456258028745651
8159,123,0.048829659819602966
8160,123,0.024746760725975037
8161,123,0.03280571848154068
8162,123,0.04975782334804535
8163,123,0.042026225477457047
8164,123,0.045736104249954224
8165,123,0.03596854209899902
8166,123,0.049340080469846725
8167,123,0.059341151267290115
8168,123,0.03743693605065346
8169,123,0.04773586243391037
8170,123,0.047585587948560715
8171,123,0.03284773975610733
8172,123,0.034713227301836014
8173,123,0.041392453014850616
8174,123,0.03949425742030144
8175,123,0.047967564314603806
8176,123,0.034284308552742004
8177,123,0.0611044280230999
8178,123,0.029618456959724426
8179,123,0.01911207288503647
8180,124,0.04213469848036766
8181,124,0.03718181699514389
8182,124,0.033924590796232224
8183,124,0.040480103343725204
8184,124,0.03751755505800247
8185,124,0.052815306931734085
8186,124,0.029970522969961166
8187,124,0.05230329558253288
8188,124,0.037003904581069946
8189,124,0.044464368373155594
8190,124,0.025927633047103882
8191,124,0.07466854900121689
8192,124,0.04983210563659668
8193,124,0.03458649665117264
8194,124,0.07752682268619537
8195,124,0.03806990385055542
8196,124,0.048788122832775116
8197,124,0.05027131736278534
8198,124,0.0517754927277565
8199,124,0.038345493376255035
8200,124,0.08211809396743774
8201,124,0.06150830537080765
8202,125,0.029066035524010658
8203,125,0.043209634721279144
8204,125,0.07792919874191284
8205,125,0.06282227486371994
8206,125,0.04194555804133415
8207,125,0.06302877515554428
8208,125,0.03587109223008156
8209,125,0.03385443612933159
8210,125,0.05782918259501457
8211,125,0.04987560957670212
8212,125,0.0405149981379509
8213,126,0.058187466114759445
8214,126,0.04616200178861618
8215,126,0.03384502977132797
8216,126,0.04513441026210785
8217,126,0.0397547222673893
8218,126,0.02189849130809307
8219,126,0.028365803882479668
8220,126,0.04454610124230385
8221,126,0.030547942966222763
8222,127,0.028925541788339615
8223,127,0.03835730999708176
8224,127,0.03903326019644737
8225,127,0.035104554146528244
8226,127,0.03579271584749222
8227,127,0.04043704271316528
8228,127,0.057551059871912
8229,127,0.03900093957781792
8230,127,0.04109190031886101
8231,127,0.026340292766690254
8232,127,0.02957071363925934
8233,127,0.06398122012615204
8234,127,0.038222525268793106
8235,127,0.039610955864191055
8236,127,0.051124248653650284
8237,127,0.03194473311305046
8238,127,0.06139029189944267
8239,127,0.03275660425424576
8240,127,0.03146004304289818
8241,127,0.049829527735710144
8242,127,0.030143452808260918
8243,127,0.05341388285160065
8244,127,0.10424774140119553
8245,127,0.06428088992834091
8246,128,0.02767263725399971
8247,128,0.028880449011921883
8248,128,0.04315051808953285
8249,128,0.03815491124987602
8250,128,0.05694226920604706
8251,128,0.1477416604757309
8252,128,0.09654995799064636
8253,128,0.06973478198051453
8254,128,0.0597534105181694
8255,128,0.04589429870247841
8256,128,0.08668913692235947
8257,128,0.1116628348827362
8258,128,0.08971782773733139
8259,128,0.041324544697999954
8260,128,0.040855370461940765
8261,128,0.08530723303556442
8262,128,0.07412886619567871
8263,128,0.06471481174230576
8264,128,0.05428791418671608
8265,128,0.033716846257448196
8266,128,0.04750411957502365
8267,128,0.04329473152756691
8268,128,0.06417088955640793
8269,128,0.07240492105484009
8270,129,0.05943179130554199
8271,129,0.07159800827503204
8272,129,0.038668423891067505
8273,129,0.04769188538193703
8274,129,0.07408347725868225
8275,129,0.06712297350168228
8276,129,0.04206852614879608
8277,129,0.04902523383498192
8278,129,0.045802466571331024
8279,129,0.09057147055864334
8280,129,0.04127466306090355
8281,129,0.06846848875284195
8282,129,0.11351042985916138
8283,129,0.07067884504795074
8284,129,0.08221247792243958
8285,129,0.07017043977975845
8286,129,0.07606235146522522
8287,129,0.056357305496931076
8288,129,0.046116191893815994
8289,129,0.040312718600034714
8290,129,0.038004618138074875
8291,129,0.034500110894441605
8292,129,0.0421113520860672
8293,129,0.0627942681312561
8294,129,0.07921542972326279
8295,129,0.039883680641651154
8296,129,0.05673503875732422
8297,129,0.029199495911598206
8298,129,0.07111524045467377
8299,129,0.046337809413671494
8300,129,0.0678076446056366
8301,129,0.08340790122747421
8302,129,0.03744024038314819
8303,129,0.07078351080417633
8304,129,0.03829289227724075
8305,129,0.05083897337317467
8306,129,0.041014477610588074
8307,129,0.033551957458257675
8308,129,0.03797179460525513
8309,129,0.03245602920651436
8310,129,0.03866526857018471
8311,129,0.073729008436203
8312,129,0.10645072162151337
8313,129,0.038012586534023285
8314,129,0.07493022084236145
8315,130,0.0643245056271553
8316,130,0.05482034385204315
8317,130,0.06917455792427063
8318,130,0.04529035463929176
8319,130,0.06587257981300354
8320,130,0.039959825575351715
8321,130,0.09731785953044891
8322,130,0.0681348517537117
8323,130,0.03317338600754738
8324,130,0.026301715523004532
8325,130,0.04583493247628212
8326,130,0.044786322861909866
8327,130,0.07962925732135773
8328,130,0.03496524319052696
8329,130,0.03181087225675583
8330,130,0.06038067117333412
8331,130,0.027709506452083588
8332,130,0.10671103000640869
8333,130,0.05418799817562103
8334,130,0.029179178178310394
8335,130,0.02876340225338936
8336,130,0.0769965723156929
8337,130,0.05883605033159256
8338,130,0.03536707162857056
8339,130,0.03967985138297081
8340,130,0.028033016249537468
8341,130,0.028292443603277206
8342,130,0.05810360610485077
8343,130,0.057958852499723434
8344,130,0.03443039953708649
8345,130,0.04494651034474373
8346,130,0.04246419295668602
8347,130,0.07448704540729523
8348,130,0.06696753203868866
8349,130,0.025676187127828598
8350,131,0.047688812017440796
8351,131,0.07833907753229141
8352,131,0.04175605624914169
8353,131,0.06563175469636917
8354,131,0.07053901255130768
8355,131,0.040031276643276215
8356,131,0.08892285823822021
8357,131,0.02545091323554516
8358,131,0.04987415298819542
8359,131,0.03857290372252464
8360,131,0.044694527983665466
8361,131,0.06121005117893219
8362,131,0.04078108072280884
8363,131,0.03405393660068512
8364,131,0.0338405966758728
8365,131,0.01977461762726307
8366,131,0.03596751019358635
8367,131,0.036660611629486084
8368,131,0.05607682839035988
8369,131,0.036397021263837814
8370,131,0.05504737049341202
8371,131,0.06094055995345116
8372,131,0.043764058500528336
8373,131,0.05593176931142807
8374,131,0.07315896451473236
8375,131,0.056463927030563354
8376,131,0.027437550947070122
8377,131,0.03428557142615318
8378,131,0.05324150249361992
8379,131,0.040825020521879196
8380,131,0.03344929590821266
8381,132,0.043657369911670685
8382,132,0.01871466264128685
8383,132,0.04167286679148674
8384,132,0.024953318759799004
8385,132,0.07412327080965042
8386,132,0.05577090382575989
8387,132,0.06719687581062317
8388,132,0.055793873965740204
8389,132,0.02988618239760399
8390,132,0.0813019797205925
8391,132,0.08613386005163193
8392,132,0.03337977081537247
8393,132,0.05605155974626541
8394,132,0.041436366736888885
8395,132,0.08900566399097443
8396,132,0.046446263790130615
8397,132,0.06149186193943024
8398,132,0.04548374563455582
8399,132,0.04051390290260315
8400,132,0.06049925833940506
8401,132,0.031512852758169174
8402,132,0.07841222733259201
8403,132,0.029381100088357925
8404,132,0.037474751472473145
8405,132,0.034462492913007736
8406,132,0.05668327584862709
8407,133,0.050577182322740555
8408,133,0.0414549894630909
8409,133,0.05017707869410515
8410,133,0.05612330883741379
8411,133,0.05408841744065285
8412,133,0.040940769016742706
8413,133,0.04658050090074539
8414,133,0.07011476159095764
8415,133,0.09012508392333984
8416,133,0.029181472957134247
8417,133,0.026537656784057617
8418,133,0.06406643986701965
8419,133,0.03495490923523903
8420,133,0.03735286369919777
8421,133,0.07749836146831512
8422,133,0.03521033003926277
8423,133,0.057771842926740646
8424,133,0.06423944979906082
8425,133,0.036487217992544174
8426,133,0.09161733090877533
8427,133,0.05709781497716904
8428,133,0.0355486124753952
8429,133,0.03455139324069023
8430,133,0.0450262650847435
8431,133,0.05127577483654022
8432,133,0.04924358054995537
8433,133,0.028626699000597
8434,133,0.02876293659210205
8435,133,0.044508084654808044
8436,134,0.04998806491494179
8437,134,0.029142700135707855
8438,134,0.02065327577292919
8439,134,0.06287236511707306
8440,134,0.049351029098033905
8441,134,0.054621621966362
8442,134,0.05833172798156738
8443,134,0.05404956266283989
8444,135,0.06979873031377792
8445,135,0.04838535562157631
8446,135,0.060683295130729675
8447,135,0.034446023404598236
8448,135,0.054262660443782806
8449,135,0.03943033516407013
8450,135,0.05160439759492874
8451,135,0.03217766433954239
8452,135,0.059286944568157196
8453,135,0.068587526679039
8454,135,0.14236332476139069
8455,135,0.034405384212732315
8456,135,0.06854408234357834
8457,135,0.04761739447712898
8458,135,0.03872956708073616
8459,135,0.04876521974802017
8460,135,0.04063969850540161
8461,135,0.04504114389419556
8462,135,0.02691132389008999
8463,135,0.03460127115249634
8464,135,0.02145378850400448
8465,135,0.026691971346735954
8466,135,0.0833463966846466
8467,135,0.029583780094981194
8468,135,0.025830263271927834
8469,135,0.03269825875759125
8470,135,0.05128705874085426
8471,136,0.07730105519294739
8472,136,0.04899795353412628
8473,136,0.04345673322677612
8474,136,0.053041424602270126
8475,136,0.05519172549247742
8476,136,0.08296111971139908
8477,136,0.04556844383478165
8478,136,0.02944166213274002
8479,136,0.04522481560707092
8480,136,0.11099597811698914
8481,136,0.03975342586636543
8482,136,0.040620408952236176
8483,136,0.05910935625433922
8484,136,0.07523272931575775
8485,136,0.04050836339592934
8486,136,0.06720246374607086
8487,136,0.032803114503622055
8488,136,0.034346792846918106
8489,136,0.03816906362771988
8490,136,0.022098809480667114
8491,136,0.06266295909881592
8492,136,0.04773162305355072
8493,136,0.06993237882852554
8494,136,0.060788433998823166
8495,136,0.034710537642240524
8496,136,0.03461284935474396
8497,136,0.0606440044939518
8498,136,0.03897403925657272
8499,136,0.05734759941697121
8500,136,0.04111817106604576
8501,136,0.1726180762052536
8502,136,0.11977624148130417
8503,136,0.06767046451568604
8504,136,0.048425063490867615
8505,136,0.08045084774494171
8506,136,0.1326681673526764
8507,137,0.04780779033899307
8508,137,0.05111522600054741
8509,137,0.05812270939350128
8510,137,0.04840550944209099
8511,137,0.07438644766807556
8512,137,0.08733464777469635
8513,137,0.06960126757621765
8514,137,0.04233356565237045
8515,137,0.07366124540567398
8516,137,0.07865311950445175
8517,137,0.06584310531616211
8518,137,0.1141267642378807
8519,137,0.04603208601474762
8520,137,0.12578919529914856
8521,137,0.03941074758768082
8522,137,0.12164515256881714
8523,137,0.04436095803976059
8524,137,0.05947749316692352
8525,137,0.04150261729955673
8526,137,0.03099285438656807
8527,137,0.07591716200113297
8528,137,0.05118413642048836
8529,137,0.05734342336654663
8530,137,0.06956718862056732
8531,137,0.05056479200720787
8532,137,0.06682668626308441
8533,137,0.07431473582983017
8534,137,0.029633279889822006
8535,137,0.07427550107240677
8536,137,0.03639250621199608
8537,137,0.039337094873189926
8538,137,0.0982714369893074
8539,137,0.02412724867463112
8540,137,0.07701051980257034
8541,137,0.08234301209449768
8542,137,0.040518052875995636
8543,137,0.05206044018268585
8544,137,0.0746273398399353
8545,137,0.03588438406586647
8546,137,0.07131331413984299
8547,137,0.07392624020576477
8548,137,0.07742401957511902
8549,137,0.03957332670688629
8550,137,0.04471864923834801
8551,137,0.05992383509874344
8552,137,0.07016272097826004
8553,137,0.0353858508169651
8554,137,0.053633883595466614
8555,138,0.03975122421979904
8556,138,0.031184537336230278
8557,138,0.05871327221393585
8558,138,0.03085242584347725
8559,138,0.051449719816446304
8560,138,0.03943980485200882
8561,138,0.04535580798983574
8562,138,0.09293857216835022
8563,138,0.03149789571762085
8564,138,0.04340367019176483
8565,138,0.07418172061443329
8566,138,0.0638544037938118
8567,138,0.04573995992541313
8568,138,0.06490011513233185
8569,138,0.037482406944036484
8570,138,0.03485067933797836
8571,138,0.05753253772854805
8572,138,0.05429937317967415
8573,139,0.06793950498104095
8574,139,0.051006827503442764
8575,139,0.04118097200989723
8576,139,0.06705182790756226
8577,139,0.03823993727564812
8578,139,0.047588564455509186
8579,139,0.059621840715408325
8580,139,0.03809676691889763
8581,139,0.035276882350444794
8582,139,0.08099782466888428
8583,139,0.08948729187250137
8584,139,0.05345901846885681
8585,139,0.10903468728065491
8586,139,0.05261942744255066
8587,139,0.02887595444917679
8588,139,0.07428006082773209
8589,139,0.039446502923965454
8590,139,0.038340043276548386
8591,139,0.05071313679218292
8592,139,0.055461540818214417
8593,139,0.08550311625003815
8594,139,0.03333335369825363
8595,139,0.03520900756120682
8596,139,0.04026106745004654
8597,140,0.05570252239704132
8598,140,0.04999538138508797
8599,140,0.04143919423222542
8600,140,0.03968369588255882
8601,140,0.07234837859869003
8602,140,0.034039705991744995
8603,140,0.0812976285815239
8604,140,0.04166507348418236
8605,140,0.06971421837806702
8606,140,0.033936865627765656
8607,140,0.10298304259777069
8608,140,0.10643568634986877
8609,140,0.03651886060833931
8610,140,0.06690474599599838
8611,140,0.02253931201994419
8612,140,0.04924962297081947
8613,140,0.07463552057743073
8614,140,0.036862026900053024
8615,140,0.034846216440200806
8616,140,0.06859944015741348
8617,140,0.05414257571101189
8618,140,0.08503525704145432
8619,140,0.04356725513935089
8620,140,0.03668603673577309
8621,140,0.06821833550930023
8622,140,0.029036320745944977
8623,140,0.031548723578453064
8624,140,0.06004807725548744
8625,141,0.029792344197630882
8626,141,0.08094169199466705
8627,141,0.0555679127573967
8628,141,0.07817590981721878
8629,141,0.03331698849797249
8630,141,0.022511577233672142
8631,141,0.050090037286281586
8632,141,0.044224660843610764
8633,141,0.0642315074801445
8634,141,0.03138336166739464
8635,141,0.09640871733427048
8636,141,0.08161414414644241
8637,141,0.024882085621356964
8638,141,0.058486457914114
8639,141,0.0541800931096077
8640,141,0.0436922162771225
8641,141,0.04341026023030281
8642,141,0.06395521759986877
8643,141,0.05301923304796219
8644,141,0.06190105155110359
8645,141,0.05104340240359306
8646,141,0.04318457096815109
8647,142,0.03783046454191208
8648,142,0.04061070829629898
8649,142,0.09844929724931717
8650,142,0.07618828117847443
8651,142,0.02805350162088871
8652,142,0.04160700738430023
8653,142,0.04020433500409126
8654,142,0.022842148318886757
8655,142,0.057532452046871185
8656,142,0.09332147240638733
8657,142,0.04578806832432747
8658,142,0.04643762856721878
8659,142,0.07803093641996384
8660,142,0.02238198183476925
8661,142,0.03488713502883911
8662,142,0.06272121518850327
8663,142,0.029014501720666885
8664,142,0.06578969955444336
8665,142,0.041516780853271484
8666,142,0.11375492066144943
8667,142,0.06400321424007416
8668,142,0.033947236835956573
8669,142,0.038904398679733276
8670,142,0.06373605132102966
8671,142,0.05454391986131668
8672,142,0.027023734524846077
8673,142,0.04494360461831093
8674,142,0.03162176162004471
8675,142,0.06690651178359985
8676,142,0.06532655656337738
8677,142,0.039582524448633194
8678,142,0.044073063880205154
8679,142,0.03432653844356537
8680,142,0.03484448045492172
8681,142,0.08476712554693222
8682,142,0.03256944939494133
8683,142,0.03334515914320946
8684,142,0.030086884275078773
8685,142,0.03662141412496567
8686,142,0.027194533497095108
8687,142,0.05274425819516182
8688,142,0.04297209903597832
8689,142,0.03597179800271988
8690,142,0.0386776477098465
8691,143,0.029686501249670982
8692,143,0.05601091682910919
8693,143,0.05153317004442215
8694,143,0.04980648308992386
8695,143,0.04552498459815979
8696,143,0.07908449321985245
8697,143,0.033298760652542114
8698,143,0.042505692690610886
8699,143,0.06328850239515305
8700,143,0.06522330641746521
8701,143,0.03200824186205864
8702,143,0.04307802394032478
8703,143,0.0329473577439785
8704,143,0.06359601765871048
8705,143,0.031834475696086884
8706,143,0.045871321111917496
8707,143,0.07067133486270905
8708,143,0.04007963091135025
8709,143,0.0402325801551342
8710,143,0.06396912783384323
8711,143,0.03919478878378868
8712,143,0.13604600727558136
8713,143,0.03107699379324913
8714,143,0.027917128056287766
8715,143,0.07736635208129883
8716,143,0.03908523544669151
8717,143,0.06746432930231094
8718,143,0.04496067762374878
8719,143,0.03189978003501892
8720,143,0.10469088703393936
8721,143,0.051555387675762177
8722,143,0.07042612135410309
8723,143,0.060748737305402756
8724,143,0.036533173173666
8725,143,0.059204187244176865
8726,143,0.030169276520609856
8727,143,0.03879811242222786
8728,143,0.03981424868106842
8729,143,0.05124754458665848
8730,143,0.042457565665245056
8731,143,0.050600647926330566
8732,143,0.04667556285858154
8733,143,0.035836294293403625
8734,144,0.04858670383691788
8735,144,0.037943653762340546
8736,144,0.03200246021151543
8737,144,0.03826427459716797
8738,144,0.03336929902434349
8739,144,0.09957757592201233
8740,144,0.062445275485515594
8741,144,0.05346798896789551
8742,144,0.04385147988796234
8743,144,0.03222429007291794
8744,144,0.03788144886493683
8745,144,0.03210021182894707
8746,144,0.07169169187545776
8747,144,0.06512481719255447
8748,144,0.0639248713850975
8749,144,0.02900124341249466
8750,144,0.10802078247070312
8751,144,0.17471745610237122
8752,144,0.13442225754261017
8753,144,0.09823718667030334
8754,144,0.06463214010000229
8755,144,0.10794098675251007
8756,144,0.13415534794330597
8757,144,0.06843668222427368
8758,144,0.13372932374477386
8759,144,0.06777678430080414
8760,144,0.09180768579244614
8761,144,0.13216149806976318
8762,144,0.06806772202253342
8763,144,0.07642341405153275
8764,144,0.059493694454431534
8765,144,0.0824345201253891
8766,145,0.04284022003412247
8767,145,0.0786890909075737
8768,145,0.09665233641862869
8769,145,0.0923924371600151
8770,145,0.08545480668544769
8771,145,0.041646745055913925
8772,145,0.05492236837744713
8773,145,0.07011982053518295
8774,145,0.053645119071006775
8775,145,0.07161172479391098
8776,145,0.07449652999639511
8777,145,0.09690668433904648
8778,145,0.052552416920661926
8779,145,0.03587851673364639
8780,145,0.03915378078818321
8781,145,0.06138017401099205
8782,145,0.07704760879278183
8783,145,0.04181162267923355
8784,145,0.07604216784238815
8785,145,0.05480106174945831
8786,145,0.07501711696386337
8787,145,0.04705824702978134
8788,145,0.06682559102773666
8789,145,0.025391435250639915
8790,145,0.0535639151930809
8791,146,0.04083561152219772
8792,146,0.08077333867549896
8793,146,0.03379137068986893
8794,146,0.10735759139060974
8795,146,0.09389564394950867
8796,146,0.07256180047988892
8797,146,0.07950085401535034
8798,146,0.0439707450568676
8799,146,0.04345809668302536
8800,146,0.03201598674058914
8801,146,0.12395760416984558
8802,146,0.17280209064483643
8803,146,0.03429242968559265
8804,146,0.07184973359107971
8805,146,0.06119870766997337
8806,146,0.07421265542507172
8807,146,0.08081840723752975
8808,146,0.07627306878566742
8809,146,0.06995159387588501
8810,146,0.06727508455514908
8811,146,0.04627889394760132
8812,146,0.09221237152814865
8813,146,0.05509425699710846
8814,146,0.13277937471866608
8815,146,0.08968420326709747
8816,146,0.1415082812309265
8817,146,0.043853819370269775
8818,146,0.11473633348941803
8819,146,0.02893269620835781
8820,147,0.05256937816739082
8821,147,0.07125109434127808
8822,147,0.0658918246626854
8823,147,0.060706157237291336
8824,147,0.047119151800870895
8825,147,0.11803334206342697
8826,147,0.06724265962839127
8827,147,0.031343985348939896
8828,147,0.08659526705741882
8829,147,0.08059750497341156
8830,147,0.0995200127363205
8831,147,0.03468569740653038
8832,147,0.06838162988424301
8833,147,0.03199094533920288
8834,147,0.06970921158790588
8835,147,0.042442187666893005
8836,147,0.04976869374513626
8837,147,0.06584040820598602
8838,147,0.07185350358486176
8839,147,0.07553527504205704
8840,147,0.07054240256547928
8841,147,0.033443670719861984
8842,147,0.07921187579631805
8843,147,0.04287654906511307
8844,147,0.03342343866825104
8845,147,0.04008251428604126
8846,147,0.028633786365389824
8847,147,0.031467076390981674
8848,147,0.02527850866317749
8849,147,0.06664834171533585
8850,147,0.03956320881843567
8851,147,0.031693365424871445
8852,147,0.07638470828533173
8853,147,0.04031983017921448
8854,147,0.04166632890701294
8855,147,0.09507237374782562
8856,147,0.062338605523109436
8857,147,0.04077715054154396
8858,147,0.0973331555724144
8859,147,0.0367618165910244
8860,147,0.030395740643143654
8861,148,0.03723457455635071
8862,148,0.04421456530690193
8863,148,0.08533108234405518
8864,148,0.061959244310855865
8865,148,0.028658557683229446
8866,148,0.029772408306598663
8867,148,0.04587940126657486
8868,148,0.04553692042827606
8869,148,0.05354961380362511
8870,148,0.03180796280503273
8871,148,0.030860546976327896
8872,148,0.10397621989250183
8873,148,0.035811349749565125
8874,148,0.041063353419303894
8875,148,0.024365365505218506
8876,148,0.03434280306100845
8877,148,0.040320031344890594
8878,148,0.11336154490709305
8879,148,0.051696471869945526
8880,148,0.042369402945041656
8881,149,0.06491856276988983
8882,149,0.03372713178396225
8883,149,0.054075274616479874
8884,149,0.05412682145833969
8885,149,0.06938313692808151
8886,149,0.14022891223430634
8887,149,0.05288948118686676
8888,149,0.044010888785123825
8889,149,0.04579155519604683
8890,149,0.062993623316288
8891,149,0.06480976939201355
8892,149,0.12438780069351196
8893,149,0.09793528914451599
8894,149,0.030791249126195908
8895,149,0.06987138837575912
8896,149,0.0399906300008297
8897,149,0.04198574647307396
8898,149,0.060797616839408875
8899,150,0.041480377316474915
8900,150,0.060042787343263626
8901,150,0.05789254605770111
8902,150,0.055320072919130325
8903,150,0.028664134442806244
8904,150,0.04371758550405502
8905,150,0.07464607805013657
8906,150,0.05300363898277283
8907,150,0.036225661635398865
8908,150,0.05922827124595642
8909,150,0.06641708314418793
8910,150,0.038669608533382416
8911,150,0.040957011282444
8912,150,0.05762839317321777
8913,150,0.10084540396928787
8914,150,0.07310905307531357
8915,150,0.07114490121603012
8916,150,0.03713127598166466
8917,150,0.06508227437734604
8918,151,0.02829913981258869
8919,151,0.026681262999773026
8920,151,0.027194581925868988
8921,151,0.07577324658632278
8922,151,0.04251691326498985
8923,151,0.050719648599624634
8924,151,0.06933801621198654
8925,151,0.033256206661462784
8926,151,0.029273955151438713
8927,151,0.03349074721336365
8928,151,0.036961596459150314
8929,151,0.04103783518075943
8930,151,0.027133291587233543
8931,151,0.03829938918352127
8932,152,0.045998044312000275
8933,152,0.0821758508682251
8934,152,0.09060011059045792
8935,152,0.03933050110936165
8936,152,0.06327398866415024
8937,152,0.03342030569911003
8938,152,0.07194529473781586
8939,152,0.08367076516151428
8940,152,0.0422787144780159
8941,152,0.03503153473138809
8942,152,0.10020894557237625
8943,152,0.053734440356492996
8944,152,0.036933839321136475
8945,152,0.038433559238910675
8946,152,0.06210316717624664
8947,152,0.04085036739706993
8948,152,0.06245538219809532
8949,152,0.04917215555906296
8950,152,0.05273422971367836
8951,152,0.14167730510234833
8952,152,0.03727182000875473
8953,152,0.03676268085837364
8954,152,0.05316006392240524
8955,152,0.02618572860956192
8956,153,0.06809037923812866
8957,153,0.0267358236014843
8958,153,0.06454679369926453
8959,153,0.030651943758130074
8960,153,0.1017361506819725
8961,153,0.02981564961373806
8962,153,0.12128531187772751
8963,153,0.07546081393957138
8964,153,0.08654841780662537
8965,153,0.07156243920326233
8966,153,0.04193868488073349
8967,153,0.04255013167858124
8968,153,0.09829174727201462
8969,153,0.0556502491235733
8970,153,0.03046587109565735
8971,153,0.07225283980369568
8972,153,0.04887966811656952
8973,153,0.06416980922222137
8974,153,0.02918301336467266
8975,153,0.03632694482803345
8976,153,0.12198235094547272
8977,153,0.027741115540266037
8978,153,0.08240111172199249
8979,153,0.03902486711740494
8980,153,0.04514192417263985
8981,153,0.03167357295751572
8982,153,0.03847619891166687
8983,153,0.059239983558654785
8984,153,0.06052147224545479
8985,153,0.0726422667503357
8986,153,0.02875843457877636
8987,153,0.07242981344461441
8988,153,0.06518875807523727
8989,153,0.0597689226269722
8990,153,0.057474248111248016
8991,153,0.036432959139347076
8992,153,0.07548725605010986
8993,153,0.0346095934510231
8994,154,0.06742948293685913
8995,154,0.037925656884908676
8996,154,0.03757641464471817
8997,154,0.0971936583518982
8998,154,0.06317633390426636
8999,154,0.04352114349603653
9000,154,0.06980343163013458
9001,154,0.12370315939188004
9002,154,0.054884523153305054
9003,154,0.06282500177621841
9004,154,0.07402445375919342
9005,154,0.10076265037059784
9006,154,0.08365225046873093
9007,154,0.08057983964681625
9008,154,0.08296345174312592
9009,154,0.05389164388179779
9010,154,0.0819639042019844
9011,154,0.11334597319364548
9012,154,0.09717753529548645
9013,154,0.1171012669801712
9014,154,0.09990067034959793
9015,154,0.04519250988960266
9016,154,0.08287189155817032
9017,154,0.05482911318540573
9018,155,0.05789317190647125
9019,155,0.09245520085096359
9020,155,0.04095820337533951
9021,155,0.04424476996064186
9022,155,0.09300684183835983
9023,155,0.10310167074203491
9024,155,0.044845107942819595
9025,155,0.0765572115778923
9026,155,0.03361105918884277
9027,155,0.08119823038578033
9028,155,0.06022951751947403
9029,155,0.07807043939828873
9030,155,0.02959347888827324
9031,155,0.06541500985622406
9032,155,0.11289320886135101
9033,155,0.06653397530317307
9034,155,0.04003036394715309
9035,155,0.07905656099319458
9036,155,0.15278173983097076
9037,155,0.06920172274112701
9038,155,0.08824082463979721
9039,155,0.09731650352478027
9040,155,0.046833258122205734
9041,155,0.06879204511642456
9042,155,0.08378754556179047
9043,155,0.060888759791851044
9044,155,0.03948947787284851
9045,155,0.09406352788209915
9046,155,0.03929919749498367
9047,155,0.04804893583059311
9048,155,0.06406690180301666
9049,155,0.035726673901081085
9050,155,0.0470152273774147
9051,155,0.04786069691181183
9052,155,0.04276497662067413
9053,155,0.04094026982784271
9054,155,0.07082957774400711
9055,155,0.05537480488419533
9056,155,0.07642632722854614
9057,156,0.08355948328971863
9058,156,0.07200684398412704
9059,156,0.04365465044975281
9060,156,0.0414527952671051
9061,156,0.03149285167455673
9062,156,0.033615317195653915
9063,156,0.03500811755657196
9064,156,0.06608285754919052
9065,156,0.033892672508955
9066,156,0.06424801796674728
9067,156,0.10578957200050354
9068,156,0.044403817504644394
9069,156,0.07017865777015686
9070,156,0.06743068993091583
9071,156,0.16609856486320496
9072,156,0.11462961137294769
9073,156,0.050885993987321854
9074,156,0.08520384877920151
9075,156,0.09225568175315857
9076,156,0.06242448836565018
9077,156,0.045238614082336426
9078,157,0.05177997052669525
9079,157,0.0779532641172409
9080,157,0.04146990925073624
9081,157,0.05897193402051926
9082,157,0.05029882490634918
9083,157,0.03526196628808975
9084,157,0.10749424993991852
9085,157,0.03263052925467491
9086,157,0.033117372542619705
9087,157,0.031845394521951675
9088,157,0.042987529188394547
9089,157,0.07802628725767136
9090,157,0.03061406873166561
9091,157,0.03531310334801674
9092,157,0.09062180668115616
9093,157,0.0874197855591774
9094,157,0.02810126543045044
9095,157,0.039097607135772705
9096,157,0.09582642465829849
9097,157,0.06650339812040329
9098,157,0.03108917735517025
9099,157,0.0333574041724205
9100,157,0.07579939812421799
9101,157,0.06905309110879898
9102,157,0.04029170423746109
9103,157,0.09722751379013062
9104,157,0.038120005279779434
9105,157,0.04380376264452934
9106,158,0.0323718897998333
9107,158,0.07733994722366333
9108,158,0.032259952276945114
9109,158,0.03993403539061546
9110,158,0.09645891189575195
9111,158,0.09603489935398102
9112,158,0.06867236644029617
9113,158,0.08140848577022552
9114,158,0.03109721839427948
9115,158,0.09140068292617798
9116,158,0.10989990830421448
9117,158,0.06861516088247299
9118,158,0.07461878657341003
9119,158,0.08113746345043182
9120,158,0.06510653346776962
9121,158,0.042109888046979904
9122,158,0.0802677646279335
9123,158,0.11058110743761063
9124,158,0.045989975333213806
9125,158,0.03807923570275307
9126,158,0.046539001166820526
9127,158,0.10733646899461746
9128,158,0.07785431295633316
9129,159,0.12187089025974274
9130,159,0.09004083275794983
9131,159,0.052890900522470474
9132,159,0.03973248973488808
9133,159,0.039043769240379333
9134,159,0.06684380024671555
9135,159,0.07813331484794617
9136,159,0.06735245883464813
9137,159,0.04497144743800163
9138,159,0.08270610123872757
9139,159,0.035742245614528656
9140,159,0.049488261342048645
9141,159,0.03958864510059357
9142,159,0.06764450669288635
9143,159,0.14841851592063904
9144,159,0.02958231419324875
9145,159,0.031916629523038864
9146,159,0.05377907305955887
9147,159,0.04379264637827873
9148,159,0.03402426838874817
9149,159,0.05221664533019066
9150,159,0.04841577261686325
9151,160,0.04154327139258385
9152,160,0.08777011185884476
9153,160,0.03208205848932266
9154,160,0.03359295427799225
9155,160,0.07579708844423294
9156,160,0.04183952137827873
9157,160,0.10247194766998291
9158,160,0.0348682627081871
9159,160,0.032767653465270996
9160,160,0.07036426663398743
9161,160,0.05124666541814804
9162,160,0.0766461119055748
9163,160,0.06349444389343262
9164,160,0.03924647718667984
9165,160,0.03443627804517746
9166,160,0.054390694946050644
9167,160,0.022380951792001724
9168,160,0.0858631581068039
9169,160,0.055900122970342636
9170,160,0.06823378056287766
9171,161,0.1013866513967514
9172,161,0.11148467659950256
9173,161,0.033379510045051575
9174,161,0.11485884338617325
9175,161,0.026875630021095276
9176,161,0.031745508313179016
9177,161,0.027044475078582764
9178,161,0.10150022059679031
9179,161,0.07701336592435837
9180,161,0.09710361063480377
9181,161,0.07497186213731766
9182,161,0.07042604684829712
9183,161,0.0653829425573349
9184,161,0.03677532821893692
9185,161,0.05785239487886429
9186,161,0.03628329560160637
9187,161,0.08492179960012436
9188,161,0.06465339660644531
9189,162,0.032177384942770004
9190,162,0.06447122991085052
9191,162,0.060351818799972534
9192,162,0.06318850815296173
9193,162,0.021068764850497246
9194,162,0.10126648098230362
9195,162,0.03832940757274628
9196,162,0.04060846567153931
9197,162,0.09640218317508698
9198,162,0.10307547450065613
9199,162,0.056633446365594864
9200,162,0.030010569840669632
9201,162,0.06392602622509003
9202,162,0.05042513459920883
9203,162,0.06181643158197403
9204,162,0.024037137627601624
9205,162,0.08923178911209106
9206,162,0.06147397309541702
9207,162,0.03742107003927231
9208,162,0.052448637783527374
9209,162,0.16890820860862732
9210,162,0.12302719056606293
9211,162,0.03082255832850933
9212,162,0.043016403913497925
9213,162,0.10637135058641434
9214,162,0.051205966621637344
9215,162,0.07413095980882645
9216,162,0.11129552125930786
9217,162,0.019304733723402023
9218,162,0.04139621928334236
9219,162,0.036710646003484726
9220,162,0.06907643377780914
9221,162,0.13496118783950806
9222,162,0.029932061210274696
9223,162,0.08125734329223633
9224,162,0.10905793309211731
9225,162,0.0767335295677185
9226,162,0.1414269357919693
9227,162,0.03292153403162956
9228,162,0.02789989672601223
9229,162,0.0687040463089943
9230,162,0.09605537354946136
9231,162,0.03750874102115631
9232,162,0.09543710201978683
9233,162,0.08940338343381882
9234,162,0.03896135091781616
9235,162,0.045130591839551926
9236,162,0.043119288980960846
9237,162,0.059755608439445496
9238,162,0.03812450170516968
9239,162,0.04134654626250267
9240,162,0.0771675556898117
9241,162,0.03182569146156311
9242,163,0.13185647130012512
9243,163,0.0600682869553566
9244,163,0.02792903035879135
9245,163,0.08136261999607086
9246,163,0.10954441875219345
9247,163,0.0575946606695652
9248,163,0.0367656834423542
9249,163,0.08767689764499664
9250,163,0.03129202127456665
9251,163,0.10728273540735245
9252,163,0.06304606050252914
9253,163,0.0528133325278759
9254,163,0.10697309672832489
9255,163,0.0878516137599945
9256,163,0.05490560829639435
9257,163,0.060916248708963394
9258,163,0.03277864679694176
9259,163,0.04538833722472191
9260,163,0.08965504169464111
9261,163,0.07022690027952194
9262,163,0.08965682238340378
9263,163,0.09282389283180237
9264,163,0.08272402733564377
9265,163,0.09701988846063614
9266,163,0.0882343128323555
9267,164,0.09198951721191406
9268,164,0.04064718633890152
9269,164,0.0406043641269207
9270,164,0.035383522510528564
9271,164,0.0732366070151329
9272,164,0.0406591035425663
9273,164,0.14872011542320251
9274,164,0.07981050759553909
9275,164,0.07757828384637833
9276,164,0.06718740612268448
9277,164,0.06866040825843811
9278,164,0.04265506565570831
9279,164,0.12208061665296555
9280,164,0.08230739086866379
9281,164,0.03278595954179764
9282,164,0.038222625851631165
9283,164,0.05142165720462799
9284,164,0.06962159276008606
9285,164,0.05890442803502083
9286,165,0.10943691432476044
9287,165,0.10408915579319
9288,165,0.03535847365856171
9289,165,0.033799752593040466
9290,165,0.037369996309280396
9291,165,0.0799875259399414
9292,165,0.08956968039274216
9293,165,0.07005390524864197
9294,165,0.08083932101726532
9295,165,0.08904259651899338
9296,165,0.04831216484308243
9297,165,0.07175762951374054
9298,165,0.0350244976580143
9299,165,0.09811902791261673
9300,165,0.08134575188159943
9301,165,0.05714607238769531
9302,165,0.08524908125400543
9303,165,0.0652628242969513
9304,165,0.04240558296442032
9305,165,0.12276890128850937
9306,165,0.032779447734355927
9307,165,0.07254200428724289
9308,165,0.07942797243595123
9309,165,0.041071657091379166
9310,165,0.12611787021160126
9311,165,0.03524037078022957
9312,165,0.08474940806627274
9313,165,0.10602902621030807
9314,165,0.055647969245910645
9315,165,0.04799767956137657
9316,166,0.03920256718993187
9317,166,0.025618383660912514
9318,166,0.10444272309541702
9319,166,0.037968672811985016
9320,166,0.09418515115976334
9321,166,0.07168436795473099
9322,166,0.06537104398012161
9323,166,0.04479198902845383
9324,166,0.0818750336766243
9325,166,0.09361973404884338
9326,166,0.028444867581129074
9327,166,0.046496979892253876
9328,166,0.08195732533931732
9329,166,0.04042740538716316
9330,166,0.11317986249923706
9331,166,0.08062859624624252
9332,166,0.03403846547007561
9333,166,0.03451346606016159
9334,166,0.08603759855031967
9335,166,0.09795169532299042
9336,166,0.14120692014694214
9337,166,0.03682640194892883
9338,166,0.035613756626844406
9339,166,0.029025230556726456
9340,166,0.04035239666700363
9341,166,0.10793277621269226
9342,166,0.04128763824701309
9343,166,0.06583407521247864
9344,166,0.046359628438949585
9345,166,0.06465001404285431
9346,166,0.04713427647948265
9347,166,0.04536576196551323
9348,166,0.0575934574007988
9349,166,0.07257916778326035
9350,166,0.04426774010062218
9351,166,0.021778607740998268
9352,166,0.029638297855854034
9353,166,0.07486764341592789
9354,166,0.037038061767816544
9355,166,0.08471419662237167
9356,166,0.11918139457702637
9357,166,0.10935992002487183
9358,166,0.04358735308051109
9359,166,0.032873474061489105
9360,166,0.024909045547246933
9361,166,0.0861731618642807
9362,166,0.10700361430644989
9363,166,0.07298147678375244
9364,166,0.02723797596991062
9365,166,0.09660038352012634
9366,167,0.10374052822589874
9367,167,0.0359112024307251
9368,167,0.07182444632053375
9369,167,0.10123278945684433
9370,167,0.09705383330583572
9371,167,0.08138441294431686
9372,167,0.06621413677930832
9373,167,0.0538807213306427
9374,167,0.06956347823143005
9375,167,0.071064293384552
9376,167,0.06773559004068375
9377,168,0.02871323935687542
9378,168,0.07289672642946243
9379,168,0.08138240873813629
9380,168,0.0640246570110321
9381,168,0.0379038080573082
9382,168,0.08776988089084625
9383,168,0.041139375418424606
9384,168,0.029412891715765
9385,168,0.18119989335536957
9386,168,0.1487952470779419
9387,168,0.07342842221260071
9388,168,0.034422557801008224
9389,168,0.03700551018118858
9390,168,0.04075583070516586
9391,168,0.10720023512840271
9392,168,0.19339706003665924
9393,168,0.09623662382364273
9394,168,0.07226584106683731
9395,168,0.09687888622283936
9396,168,0.03490696847438812
9397,168,0.03380275145173073
9398,168,0.0740378350019455
9399,168,0.06317219138145447
9400,168,0.06332270801067352
9401,168,0.06281361728906631
9402,168,0.06951068341732025
9403,168,0.07852765917778015
9404,168,0.04121585190296173
9405,168,0.12729500234127045
9406,168,0.03690353408455849
9407,168,0.07331207394599915
9408,168,0.04202545806765556
9409,168,0.09908585250377655
9410,168,0.0655340850353241
9411,168,0.0300250556319952
9412,168,0.08738131821155548
9413,169,0.12781217694282532
9414,169,0.09326761215925217
9415,169,0.1021237000823021
9416,169,0.08459688723087311
9417,169,0.05106041580438614
9418,169,0.11143510043621063
9419,169,0.0882347822189331
9420,169,0.06351675093173981
9421,169,0.06954894959926605
9422,169,0.10139819979667664
9423,169,0.09759627282619476
9424,169,0.1611214429140091
9425,169,0.08131306618452072
9426,169,0.08319675922393799
9427,169,0.1264243721961975
9428,169,0.09260879456996918
9429,169,0.13983497023582458
9430,170,0.03220420330762863
9431,170,0.03764238953590393
9432,170,0.035178154706954956
9433,170,0.04419403895735741
9434,170,0.07657632231712341
9435,170,0.07308604568243027
9436,170,0.0711507797241211
9437,170,0.12778502702713013
9438,170,0.07252500206232071
9439,170,0.05104949325323105
9440,170,0.046822693198919296
9441,170,0.06157418340444565
9442,170,0.04170863702893257
9443,170,0.08347386866807938
9444,170,0.15155518054962158
9445,170,0.03168714791536331
9446,170,0.11601752042770386
9447,170,0.038755714893341064
9448,170,0.031116057187318802
9449,170,0.039578597992658615
9450,170,0.06959103792905807
9451,170,0.10263210535049438
9452,170,0.09560178965330124
9453,170,0.0687287226319313
9454,170,0.03362627327442169
9455,170,0.0348784402012825
9456,170,0.08476631343364716
9457,170,0.08059867471456528
9458,170,0.10550503432750702
9459,171,0.04528075456619263
9460,171,0.06191875785589218
9461,171,0.04037143290042877
9462,171,0.06660918146371841
9463,171,0.06457135826349258
9464,171,0.12252016365528107
9465,171,0.11182665824890137
9466,171,0.03730818256735802
9467,171,0.036871954798698425
9468,171,0.07674071937799454
9469,171,0.03900613635778427
9470,171,0.1190904900431633
9471,171,0.038493093103170395
9472,171,0.042770106345415115
9473,171,0.11370378732681274
9474,171,0.10912401229143143
9475,171,0.07678414136171341
9476,171,0.03727903589606285
9477,171,0.06818751245737076
9478,171,0.11979183554649353
9479,171,0.027192620560526848
9480,171,0.15057019889354706
9481,171,0.03112330473959446
9482,171,0.02618550695478916
9483,172,0.09610603749752045
9484,172,0.037452444434165955
9485,172,0.025655819103121758
9486,172,0.03324330598115921
9487,172,0.024975797161459923
9488,172,0.03188944607973099
9489,172,0.03437938541173935
9490,172,0.07420334219932556
9491,172,0.0365850105881691
9492,172,0.07308103889226913
9493,172,0.08295688778162003
9494,172,0.028651313856244087
9495,172,0.09052155166864395
9496,172,0.03164713457226753
9497,172,0.033786021173000336
9498,172,0.029444478452205658
9499,172,0.06957942247390747
9500,172,0.06550303101539612
9501,172,0.1338772177696228
9502,172,0.08365051448345184
9503,173,0.03865387663245201
9504,173,0.06607818603515625
9505,173,0.06618320941925049
9506,173,0.06703189760446548
9507,173,0.12959717214107513
9508,173,0.07564687728881836
9509,173,0.13059964776039124
9510,173,0.10750492662191391
9511,173,0.0946623831987381
9512,173,0.07158036530017853
9513,173,0.04408576712012291
9514,173,0.0801662728190422
9515,173,0.036371804773807526
9516,173,0.04733005166053772
9517,173,0.04008684307336807
9518,173,0.10586357861757278
9519,173,0.045880649238824844
9520,173,0.03674691915512085
9521,174,0.13876745104789734
9522,174,0.05083773285150528
9523,174,0.09331832826137543
9524,174,0.03944035619497299
9525,174,0.0802076980471611
9526,174,0.1285140961408615
9527,174,0.026414930820465088
9528,174,0.0495089516043663
9529,174,0.09147897362709045
9530,174,0.10138453543186188
9531,174,0.0801195502281189
9532,174,0.0832533985376358
9533,174,0.04120112583041191
9534,174,0.03674132376909256
9535,174,0.06263638287782669
9536,174,0.10977096855640411
9537,174,0.03471337631344795
9538,174,0.08763210475444794
9539,174,0.07557893544435501
9540,174,0.028552016243338585
9541,174,0.04596760496497154
9542,174,0.03441264480352402
9543,174,0.10503747314214706
9544,174,0.07489006966352463
9545,174,0.1251702606678009
9546,174,0.047988422214984894
9547,174,0.07635712623596191
9548,174,0.10468188673257828
9549,174,0.07374294102191925
9550,174,0.0898834764957428
9551,174,0.07522880285978317
9552,174,0.04812827706336975
9553,174,0.07163134217262268
9554,174,0.04015928879380226
9555,174,0.041389867663383484
9556,174,0.08738847821950912
9557,175,0.0316929966211319
9558,175,0.1080949604511261
9559,175,0.09373550117015839
9560,175,0.08613741397857666
9561,175,0.16012844443321228
9562,175,0.08782181888818741
9563,175,0.12133949249982834
9564,175,0.13795748353004456
9565,175,0.06453058123588562
9566,175,0.08717085421085358
9567,175,0.03720569238066673
9568,175,0.16526947915554047
9569,175,0.034754324704408646
9570,175,0.09567072987556458
9571,175,0.03535856306552887
9572,175,0.07916531711816788
9573,175,0.06786604225635529
9574,175,0.14332923293113708
9575,175,0.04116993397474289
9576,175,0.09452088922262192
9577,175,0.038898617029190063
9578,175,0.07858992367982864
9579,175,0.1133541539311409
9580,175,0.03037836216390133
9581,175,0.07624763250350952
9582,175,0.09085440635681152
9583,175,0.11325149983167648
9584,175,0.07911346852779388
9585,175,0.06994270533323288
9586,176,0.04679848998785019
9587,176,0.1648172289133072
9588,176,0.07731346040964127
9589,176,0.0403997004032135
9590,176,0.06837449222803116
9591,176,0.13342253863811493
9592,176,0.07409287989139557
9593,176,0.04366102069616318
9594,176,0.055650338530540466
9595,176,0.04104204848408699
9596,176,0.03557353839278221
9597,176,0.1372489035129547
9598,176,0.024931281805038452
9599,176,0.023829087615013123
9600,176,0.1304742693901062
9601,176,0.08861017227172852
9602,176,0.048364147543907166
9603,176,0.032475609332323074
9604,176,0.07626233249902725
9605,176,0.07287206500768661
9606,176,0.03391828387975693
9607,176,0.09758704155683517
9608,176,0.1157824844121933
9609,176,0.06118813902139664
9610,177,0.06922444701194763
9611,177,0.037398893386125565
9612,177,0.055772565305233
9613,177,0.05365056172013283
9614,177,0.06807015836238861
9615,177,0.07186319679021835
9616,177,0.04656291380524635
9617,177,0.08583964407444
9618,177,0.03585001081228256
9619,177,0.08583224564790726
9620,177,0.15008041262626648
9621,177,0.02214771695435047
9622,177,0.06927639991044998
9623,177,0.09824918955564499
9624,177,0.035381708294153214
9625,177,0.09792745113372803
9626,177,0.032118476927280426
9627,177,0.06769093871116638
9628,177,0.04638037830591202
9629,177,0.09723833948373795
9630,177,0.08691003173589706
9631,177,0.02776920795440674
9632,177,0.03600385785102844
9633,177,0.08335470408201218
9634,177,0.0429982990026474
9635,177,0.047799743711948395
9636,177,0.02959788218140602
9637,177,0.07355371117591858
9638,177,0.04800761491060257
9639,177,0.14129538834095
9640,177,0.06012331694364548
9641,177,0.02347627654671669
9642,177,0.1462785005569458
9643,177,0.06379227340221405
9644,178,0.033603355288505554
9645,178,0.036068785935640335
9646,178,0.05081257224082947
9647,178,0.11255662888288498
9648,178,0.03035285510122776
9649,178,0.10451911389827728
9650,178,0.0712832361459732
9651,178,0.10959777981042862
9652,178,0.09808000922203064
9653,178,0.11434926837682724
9654,178,0.14093124866485596
9655,178,0.09067068994045258
9656,178,0.036323949694633484
9657,178,0.06325843185186386
9658,178,0.08842635899782181
9659,178,0.09485702961683273
9660,178,0.0757528766989708
9661,178,0.08183133602142334
9662,178,0.08978743106126785
9663,178,0.09191776067018509
9664,178,0.08107408881187439
9665,178,0.09206969290971756
9666,178,0.03996267542243004
9667,178,0.039466701447963715
9668,178,0.08112218976020813
9669,178,0.07717843353748322
9670,178,0.02927248552441597
9671,179,0.03370000049471855
9672,179,0.07485144585371017
9673,179,0.08317007124423981
9674,179,0.03847713768482208
9675,179,0.030150141566991806
9676,179,0.08224882185459137
9677,179,0.05766011029481888
9678,179,0.06602220982313156
9679,179,0.029208475723862648
9680,179,0.02824910171329975
9681,179,0.13644176721572876
9682,179,0.0470859669148922
9683,179,0.10353151708841324
9684,179,0.10626032948493958
9685,179,0.12252070754766464
9686,179,0.09416651725769043
9687,179,0.13947337865829468
9688,179,0.033150505274534225
9689,179,0.07808635383844376
9690,179,0.07582409679889679
9691,179,0.07315556704998016
9692,179,0.023578081279993057
9693,179,0.032263386994600296
9694,179,0.0784311443567276
9695,179,0.15008550882339478
9696,179,0.04689682275056839
9697,179,0.027034763246774673
9698,180,0.07504524290561676
9699,180,0.08671246469020844
9700,180,0.024856194853782654
9701,180,0.02915036305785179
9702,180,0.07843416184186935
9703,180,0.03673329949378967
9704,180,0.06028253585100174
9705,180,0.09376191347837448
9706,180,0.03738192468881607
9707,180,0.10459695011377335
9708,180,0.07607405632734299
9709,180,0.029769117012619972
9710,180,0.033608678728342056
9711,180,0.03517192602157593
9712,180,0.07407432794570923
9713,180,0.025838665664196014
9714,180,0.07049982249736786
9715,180,0.06277109682559967
9716,181,0.02762451581656933
9717,181,0.0675860047340393
9718,181,0.08017483353614807
9719,181,0.03765467181801796
9720,181,0.12390683591365814
9721,181,0.030676862224936485
9722,181,0.02611665613949299
9723,181,0.060098692774772644
9724,181,0.06066242977976799
9725,181,0.06958664208650589
9726,181,0.03276775777339935
9727,181,0.029341328889131546
9728,181,0.07840307056903839
9729,182,0.0560346320271492
9730,182,0.09331503510475159
9731,182,0.08618208765983582
9732,182,0.08179261535406113
9733,182,0.06445898115634918
9734,182,0.0729190856218338
9735,182,0.045135531574487686
9736,182,0.040734387934207916
9737,182,0.04505554959177971
9738,182,0.10910499095916748
9739,182,0.029500018805265427
9740,182,0.0805770680308342
9741,182,0.05431223288178444
9742,182,0.027913615107536316
9743,182,0.02613723650574684
9744,182,0.07214812934398651
9745,182,0.02897617220878601
9746,182,0.12636667490005493
9747,182,0.07765470445156097
9748,182,0.04053694009780884
9749,182,0.0931028351187706
9750,182,0.037054337561130524
9751,182,0.0703718289732933
9752,182,0.08755573630332947
9753,182,0.07948318868875504
9754,182,0.05769266188144684
9755,182,0.10805481672286987
9756,182,0.03918888792395592
9757,182,0.0760282427072525
9758,183,0.0455826036632061
9759,183,0.1690809428691864
9760,183,0.10493230819702148
9761,183,0.09335702657699585
9762,183,0.10262274742126465
9763,183,0.10731954127550125
9764,183,0.13283516466617584
9765,183,0.03997088968753815
9766,183,0.0894477367401123
9767,183,0.0818808302283287
9768,183,0.04699709638953209
9769,183,0.035616520792245865
9770,183,0.03734598681330681
9771,183,0.08536966890096664
9772,183,0.08988842368125916
9773,183,0.03433586657047272
9774,183,0.07971235364675522
9775,184,0.031522732228040695
9776,184,0.0949968621134758
9777,184,0.0826549381017685
9778,184,0.04172533005475998
9779,184,0.02462959475815296
9780,184,0.07836585491895676
9781,184,0.027976399287581444
9782,184,0.03509989008307457
9783,184,0.12496589869260788
9784,184,0.08159322291612625
9785,184,0.06862353533506393
9786,184,0.10910400748252869
9787,184,0.03734591603279114
9788,184,0.22808924317359924
9789,184,0.03203195333480835
9790,184,0.11135787516832352
9791,184,0.03379311412572861
9792,184,0.15009720623493195
9793,184,0.029252924025058746
9794,184,0.06578616797924042
9795,184,0.04976802319288254
9796,184,0.039749063551425934
9797,184,0.03665967658162117
9798,184,0.06828755885362625
9799,184,0.0743827298283577
9800,185,0.13897208869457245
9801,185,0.06177642196416855
9802,185,0.05970541015267372
9803,185,0.08467233926057816
9804,185,0.05356548726558685
9805,185,0.10115804523229599
9806,185,0.1328844577074051
9807,185,0.12965677678585052
9808,185,0.04834902659058571
9809,185,0.10978598892688751
9810,185,0.07227987796068192
9811,185,0.05012168362736702
9812,185,0.11872857064008713
9813,185,0.03802927955985069
9814,185,0.04786840081214905
9815,185,0.09326962381601334
9816,185,0.07419794797897339
9817,185,0.07062050700187683
9818,185,0.050400760024785995
9819,185,0.07113248109817505
9820,185,0.02324836701154709
9821,185,0.12960605323314667
9822,185,0.025783054530620575
9823,185,0.12100895494222641
9824,185,0.1464289277791977
9825,186,0.1144120916724205
9826,186,0.0421111062169075
9827,186,0.07728328555822372
9828,186,0.03947438672184944
9829,186,0.037207938730716705
9830,186,0.08264492452144623
9831,186,0.040660932660102844
9832,186,0.04348208010196686
9833,186,0.07495062798261642
9834,186,0.030765727162361145
9835,186,0.08714323490858078
9836,186,0.07797315716743469
9837,186,0.07932837307453156
9838,186,0.029363557696342468
9839,186,0.048569533973932266
9840,186,0.044838909059762955
9841,186,0.07908909022808075
9842,186,0.04310948774218559
9843,186,0.14382120966911316
9844,186,0.029401924461126328
9845,186,0.03476334363222122
9846,186,0.0277984868735075
9847,186,0.031454067677259445
9848,186,0.07968969643115997
9849,186,0.032021407037973404
9850,186,0.02777452953159809
9851,186,0.06286156177520752
9852,187,0.07225175201892853
9853,187,0.10569927841424942
9854,187,0.07114879041910172
9855,187,0.10783329606056213
9856,187,0.10410061478614807
9857,187,0.0847613662481308
9858,187,0.04142728075385094
9859,187,0.10650158673524857
9860,187,0.031728778034448624
9861,187,0.041138291358947754
9862,187,0.07857993990182877
9863,187,0.0762210488319397
9864,188,0.12142869830131531
9865,188,0.02526511251926422
9866,188,0.07314126938581467
9867,188,0.07223779708147049
9868,188,0.02646845206618309
9869,188,0.032918207347393036
9870,188,0.029231403023004532
9871,188,0.1159752607345581
9872,188,0.12389426678419113
9873,188,0.08228575438261032
9874,188,0.07354164868593216
9875,188,0.19717217981815338
9876,188,0.02552199549973011
9877,188,0.08534196019172668
9878,188,0.050388094037771225
9879,188,0.0705564022064209
9880,188,0.09263109415769577
9881,188,0.03443042188882828
9882,188,0.027355004101991653
9883,188,0.03462863713502884
9884,188,0.1220754086971283
9885,188,0.033675406128168106
9886,189,0.040257781744003296
9887,189,0.08747412264347076
9888,189,0.08436863124370575
9889,189,0.0632232278585434
9890,189,0.027971599251031876
9891,189,0.04287102445960045
9892,189,0.12257679551839828
9893,189,0.03048582375049591
9894,189,0.06663497537374496
9895,189,0.028251441195607185
9896,189,0.03901345655322075
9897,189,0.04964118450880051
9898,189,0.1119774878025055
9899,189,0.03197669982910156
9900,189,0.08340809494256973
9901,189,0.1067500188946724
9902,189,0.10564075410366058
9903,189,0.15009096264839172
9904,189,0.07310661673545837
9905,189,0.03085538186132908
9906,189,0.09925961494445801
9907,189,0.0479583814740181
9908,189,0.1987890601158142
9909,189,0.0700589120388031
9910,190,0.11962303519248962
9911,190,0.03642170503735542
9912,190,0.03221463784575462
9913,190,0.07736723870038986
9914,190,0.0724072977900505
9915,190,0.03200322389602661
9916,190,0.11924204230308533
9917,190,0.027032263576984406
9918,190,0.103158138692379
9919,190,0.03668679669499397
9920,190,0.07296165823936462
9921,190,0.07449419796466827
9922,190,0.051831282675266266
9923,190,0.07173273712396622
9924,190,0.0358286052942276
9925,190,0.1282421499490738
9926,190,0.08864906430244446
9927,190,0.08412429690361023
9928,190,0.043740831315517426
9929,190,0.11728092283010483
9930,190,0.03544357046484947
9931,190,0.02339032292366028
9932,190,0.05378890037536621
9933,191,0.06639935821294785
9934,191,0.08475912362337112
9935,191,0.05666644871234894
9936,191,0.09044761210680008
9937,191,0.0959186926484108
9938,191,0.08265134692192078
9939,191,0.1161455437541008
9940,191,0.08138701319694519
9941,191,0.1602325588464737
9942,191,0.04105065017938614
9943,191,0.03944813832640648
9944,191,0.06933718174695969
9945,191,0.09446559846401215
9946,191,0.03044769912958145
9947,191,0.03915823996067047
9948,191,0.10657672584056854
9949,191,0.029061373323202133
9950,191,0.10721150040626526
9951,191,0.09958488494157791
9952,191,0.13759547472000122
9953,191,0.04033944010734558
9954,191,0.06782157719135284
9955,191,0.08182577788829803
9956,191,0.040063630789518356
9957,191,0.07761254161596298
9958,192,0.1093239039182663
9959,192,0.031715720891952515
9960,192,0.04401450604200363
9961,192,0.03709216043353081
9962,192,0.06654652208089828
9963,192,0.06576602905988693
9964,192,0.023476848378777504
9965,192,0.05706021189689636
9966,192,0.09824824333190918
9967,192,0.11579982191324234
9968,192,0.05529392138123512
9969,192,0.040170129388570786
9970,192,0.02409696951508522
9971,192,0.1128053143620491
9972,192,0.058375582098960876
9973,192,0.08789971470832825
9974,192,0.0773802250623703
9975,192,0.0851481705904007
9976,192,0.041386645287275314
9977,192,0.06990906596183777
9978,192,0.06584396213293076
9979,192,0.03964564949274063
9980,192,0.07966838777065277
9981,193,0.035552654415369034
9982,193,0.08667308837175369
9983,193,0.037210721522569656
9984,193,0.08916082978248596
9985,193,0.0750051885843277
9986,193,0.03008279949426651
9987,193,0.12239127606153488
9988,193,0.10645177215337753
9989,193,0.04822738468647003
9990,193,0.11292216181755066
9991,193,0.061058640480041504
9992,193,0.07485433667898178
9993,193,0.18870747089385986
9994,193,0.1236899346113205
9995,193,0.08068455755710602
9996,193,0.06952513754367828
9997,193,0.12263602763414383
9998,193,0.058010298758745193
9999,193,0.0770108550786972
10000,193,0.03901529684662819
10001,193,0.1036158949136734
10002,193,0.039130888879299164
10003,193,0.20910507440567017
10004,193,0.07462485879659653
10005,193,0.05373464152216911
10006,193,0.08461225032806396
10007,193,0.05051786080002785
10008,193,0.029970241710543633
10009,193,0.1535302996635437
10010,193,0.07033316045999527
10011,193,0.11453306674957275
10012,193,0.10775269567966461
10013,193,0.07576251029968262
10014,193,0.08542273938655853
10015,193,0.09510179609060287
10016,193,0.0950205996632576
10017,193,0.0825766995549202
10018,193,0.07489081472158432
10019,194,0.17459583282470703
10020,194,0.04989727586507797
10021,194,0.06395520269870758
10022,194,0.10178011655807495
10023,194,0.13032959401607513
10024,194,0.04165096580982208
10025,194,0.061634380370378494
10026,194,0.18456809222698212
10027,194,0.08957650512456894
10028,194,0.08290376514196396
10029,194,0.07510866224765778
10030,194,0.07997354865074158
10031,194,0.07918423414230347
10032,194,0.04215295612812042
10033,194,0.12052968144416809
10034,194,0.036304641515016556
10035,194,0.09658096730709076
10036,194,0.17527222633361816
10037,194,0.1077403798699379
10038,194,0.046466756612062454
10039,194,0.1017177551984787
10040,194,0.04010939970612526
10041,194,0.03061702288687229
10042,194,0.038693867623806
10043,194,0.033985286951065063
10044,194,0.12287408858537674
10045,194,0.03778151050209999
10046,194,0.02726600505411625
10047,194,0.17186126112937927
10048,194,0.05638124793767929
10049,194,0.03350229933857918
10050,195,0.12672655284404755
10051,195,0.15439248085021973
10052,195,0.11779191344976425
10053,195,0.08968067169189453
10054,195,0.12518808245658875
10055,195,0.030544215813279152
10056,195,0.07548314332962036
10057,195,0.07001921534538269
10058,195,0.11901268362998962
10059,195,0.10756823420524597
10060,195,0.029770372435450554
10061,195,0.03752627596259117
10062,195,0.09256687015295029
10063,195,0.040874894708395004
10064,195,0.06809978187084198
10065,195,0.07890355587005615
10066,195,0.031161794438958168
10067,195,0.053713008761405945
10068,195,0.13744395971298218
10069,195,0.2009710967540741
10070,195,0.030887603759765625
10071,195,0.02468397468328476
10072,195,0.02187979780137539
10073,195,0.042580246925354004
10074,196,0.1129700168967247
10075,196,0.06980074197053909
10076,196,0.12036532908678055
10077,196,0.056485503911972046
10078,196,0.1679394692182541
10079,196,0.03956196829676628
10080,196,0.030937734991312027
10081,196,0.0401296503841877
10082,196,0.042539793998003006
10083,196,0.03829588741064072
10084,196,0.07346495985984802
10085,196,0.025199608877301216
10086,196,0.031888872385025024
10087,196,0.031249098479747772
10088,196,0.12498705089092255
10089,196,0.07733547687530518
10090,196,0.058456674218177795
10091,196,0.09282298386096954
10092,196,0.06322522461414337
10093,196,0.0395946279168129
10094,196,0.031124260276556015
10095,196,0.11450862884521484
10096,196,0.030438316985964775
10097,196,0.03820699825882912
10098,196,0.1737862378358841
10099,196,0.07980300486087799
10100,196,0.173305943608284
10101,196,0.06182887405157089
10102,196,0.03399471938610077
10103,196,0.24158920347690582
10104,196,0.07266157120466232
10105,196,0.035427968949079514
10106,196,0.08360841870307922
10107,196,0.10452888160943985
10108,196,0.07552517205476761
10109,196,0.07610981911420822
10110,196,0.07462719082832336
10111,196,0.05766547843813896
10112,196,0.029753679409623146
10113,196,0.03983350843191147
10114,196,0.04806660860776901
10115,196,0.0800815150141716
10116,196,0.08288298547267914
10117,196,0.03935355320572853
10118,196,0.2789900004863739
10119,196,0.06940003484487534
10120,196,0.10749504715204239
10121,196,0.030978383496403694
10122,197,0.06969542056322098
10123,197,0.15106546878814697
10124,197,0.041896920651197433
10125,197,0.08234935253858566
10126,197,0.03007911518216133
10127,197,0.034472543746232986
10128,197,0.12406818568706512
10129,197,0.03455432876944542
10130,197,0.1892043501138687
10131,197,0.0847599133849144
10132,197,0.0662836804986
10133,197,0.033099185675382614
10134,197,0.10360512882471085
10135,197,0.09376614540815353
10136,197,0.12840327620506287
10137,197,0.03956805169582367
10138,197,0.043691541999578476
10139,197,0.07179464399814606
10140,197,0.10551129281520844
10141,197,0.08102720975875854
10142,197,0.0820382758975029
10143,197,0.10771922022104263
10144,197,0.04453425481915474
10145,197,0.0993340015411377
10146,197,0.06334145367145538
10147,197,0.16975753009319305
10148,197,0.1849377155303955
10149,198,0.19149601459503174
10150,198,0.08057539165019989
10151,198,0.12272895127534866
10152,198,0.03288700431585312
10153,198,0.07278092205524445
10154,198,0.08307050913572311
10155,198,0.11181808263063431
10156,198,0.07139287143945694
10157,198,0.03461895510554314
10158,198,0.07742950320243835
10159,198,0.036675285547971725
10160,198,0.041748691350221634
10161,198,0.17881163954734802
10162,198,0.03926875442266464
10163,198,0.07860808819532394
10164,198,0.03062703087925911
10165,198,0.13438847661018372
10166,199,0.03734870254993439
10167,199,0.04345159977674484
10168,199,0.03439045324921608
10169,199,0.046282462775707245
10170,199,0.07687680423259735
10171,199,0.07533124089241028
10172,199,0.09168439358472824
10173,199,0.025850053876638412
10174,199,0.03800009563565254
10175,199,0.029385613277554512
10176,199,0.18143725395202637
10177,199,0.1296963393688202
10178,199,0.04157347232103348
10179,199,0.07303950935602188
10180,199,0.08526737987995148
10181,199,0.03625858575105667
10182,199,0.02190178632736206
10183,199,0.12082798779010773
10184,199,0.04860126972198486
10185,199,0.04871774837374687
10186,199,0.029620040208101273
10187,199,0.072852224111557
10188,199,0.06507829576730728
10189,199,0.032775670289993286
10190,199,0.07166605442762375
10191,199,0.027370993047952652
10192,199,0.06752178817987442
10193,199,0.06611078977584839
10194,199,0.08541332930326462
10195,199,0.26347172260284424
10196,199,0.19907298684120178
10197,199,0.06974460929632187
10198,199,0.03174986690282822
10199,199,0.03542482480406761
10200,199,0.11877270042896271
10201,199,0.11055874824523926
10202,199,0.10932909697294235
10203,199,0.11641910672187805
10204,199,0.0684562623500824
10205,199,0.04655510187149048
10206,199,0.1795760542154312
10207,199,0.07566739618778229
10208,199,0.08245991170406342
10209,199,0.06013663858175278
10210,199,0.12773720920085907
10211,199,0.0916760191321373
10212,199,0.09624002873897552
10213,199,0.09062797576189041
10214,199,0.032523300498723984
10215,200,0.041366830468177795
10216,200,0.12442847341299057
10217,200,0.02775033563375473
10218,200,0.07124980539083481
10219,200,0.16460125148296356
10220,200,0.03342611715197563
10221,200,0.06835702061653137
10222,200,0.08194463700056076
10223,200,0.037067148834466934
10224,200,0.07386618852615356
10225,200,0.05605373531579971
10226,200,0.040503520518541336
10227,200,0.12179257720708847
10228,200,0.09491625428199768
10229,200,0.06917548924684525
10230,200,0.04079060256481171
10231,200,0.11719698458909988
10232,200,0.04041973128914833
10233,200,0.05052414536476135
10234,201,0.07062683999538422
10235,201,0.12585324048995972
10236,201,0.06434152275323868
10237,201,0.12142051011323929
10238,201,0.03000979870557785
10239,201,0.12106481939554214
10240,201,0.073300302028656
10241,201,0.037032146006822586
10242,201,0.11231003701686859
10243,201,0.07263731211423874
10244,201,0.09362161159515381
10245,201,0.033957839012145996
10246,201,0.06821347773075104
10247,201,0.035443391650915146
10248,201,0.03731284663081169
10249,201,0.042128439992666245
10250,201,0.07537805289030075
10251,201,0.11847418546676636
10252,201,0.0901811346411705
10253,201,0.12002549320459366
10254,201,0.1144997850060463
10255,201,0.12888909876346588
10256,201,0.07619750499725342
10257,201,0.1259767860174179
10258,201,0.09030420333147049
10259,201,0.1306222826242447
10260,201,0.1879318356513977
10261,201,0.048076704144477844
10262,201,0.1874399185180664
10263,201,0.12717990577220917
10264,201,0.18242263793945312
10265,201,0.08474379777908325
10266,201,0.09641829133033752
10267,201,0.04991314560174942
10268,201,0.048019882291555405
10269,201,0.03716500476002693
10270,201,0.0644206702709198
10271,201,0.1579839140176773
10272,201,0.027211317792534828
10273,201,0.04048456996679306
10274,201,0.13351690769195557
10275,201,0.020628493279218674
10276,202,0.10688884556293488
10277,202,0.043275319039821625
10278,202,0.12545105814933777
10279,202,0.08864635229110718
10280,202,0.023185130208730698
10281,202,0.08203040808439255
10282,202,0.0783497765660286
10283,202,0.07785080373287201
10284,202,0.09587976336479187
10285,202,0.1720699518918991
10286,202,0.1305662840604782
10287,202,0.07845453917980194
10288,202,0.030516890808939934
10289,202,0.2074267864227295
10290,202,0.11174902319908142
10291,202,0.07576524466276169
10292,202,0.0370449461042881
10293,202,0.03473358601331711
10294,202,0.03720516711473465
10295,202,0.01610485464334488
10296,203,0.03837071359157562
10297,203,0.06095092371106148
10298,203,0.08135847747325897
10299,203,0.07273375242948532
10300,203,0.0856017917394638
10301,203,0.09455153346061707
10302,203,0.08338186144828796
10303,203,0.15942825376987457
10304,203,0.18845707178115845
10305,203,0.12949347496032715
10306,203,0.07803012430667877
10307,203,0.040744416415691376
10308,203,0.08053945749998093
10309,203,0.035135723650455475
10310,203,0.07743978500366211
10311,203,0.02469646744430065
10312,203,0.11882594227790833
10313,203,0.040603045374155045
10314,203,0.04610829055309296
10315,203,0.17335711419582367
10316,203,0.12183982133865356
10317,203,0.06809070706367493
10318,203,0.07766619324684143
10319,203,0.07609474658966064
10320,203,0.17050448060035706
10321,204,0.13745121657848358
10322,204,0.03384265676140785
10323,204,0.0710899606347084
10324,204,0.03929479047656059
10325,204,0.11304543912410736
10326,204,0.03374610096216202
10327,204,0.08741026371717453
10328,204,0.03813464194536209
10329,204,0.15480132400989532
10330,204,0.08270812034606934
10331,204,0.03125130385160446
10332,204,0.03607062250375748
10333,204,0.030721113085746765
10334,204,0.0314355194568634
10335,204,0.179997518658638
10336,204,0.06866131722927094
10337,204,0.07201816141605377
10338,204,0.11467810720205307
10339,204,0.0825652927160263
10340,204,0.02919788286089897
10341,204,0.16343417763710022
10342,204,0.08728283643722534
10343,204,0.08570677042007446
10344,204,0.033129893243312836
10345,204,0.03590422123670578
10346,204,0.08684738725423813
10347,204,0.07382412254810333
10348,204,0.07136812061071396
10349,204,0.07956297695636749
10350,205,0.06669709086418152
10351,205,0.10069093108177185
10352,205,0.07664665579795837
10353,205,0.037128619849681854
10354,205,0.08612032979726791
10355,205,0.08202459663152695
10356,205,0.026038505136966705
10357,205,0.10825043171644211
10358,205,0.07704000174999237
10359,205,0.07672814279794693
10360,205,0.08673293888568878
10361,205,0.17198985815048218
10362,205,0.03644721210002899
10363,205,0.03551550209522247
10364,205,0.034186508506536484
10365,205,0.04571722447872162
10366,205,0.12509462237358093
10367,205,0.028584102168679237
10368,205,0.07328713685274124
10369,205,0.03245578706264496
10370,205,0.04706861078739166
10371,205,0.2682999074459076
10372,205,0.023986833170056343
10373,205,0.028454098850488663
10374,205,0.08388779312372208
10375,205,0.08054668456315994
10376,205,0.12269742786884308
10377,206,0.1195269301533699
10378,206,0.07036798447370529
10379,206,0.06393121182918549
10380,206,0.1250007003545761
10381,206,0.1736181229352951
10382,206,0.07282472401857376
10383,206,0.04840795323252678
10384,206,0.024342922493815422
10385,206,0.022572729736566544
10386,206,0.05124877393245697
10387,206,0.07748793810606003
10388,206,0.08063644915819168
10389,206,0.023064397275447845
10390,206,0.0912233293056488
10391,206,0.11607994139194489
10392,206,0.08294393122196198
10393,206,0.130121111869812
10394,206,0.06874598562717438
10395,206,0.0745939165353775
10396,206,0.11269214749336243
10397,206,0.07085675001144409
10398,206,0.034473761916160583
10399,206,0.027695182710886
10400,206,0.17303617298603058
10401,206,0.240308940410614
10402,206,0.12277485430240631
10403,206,0.030829498544335365
10404,206,0.0864940732717514
10405,207,0.09603545814752579
10406,207,0.028049837797880173
10407,207,0.03586457297205925
10408,207,0.02873111516237259
10409,207,0.0813746228814125
10410,207,0.24212412536144257
10411,207,0.0325155034661293
10412,207,0.12423881888389587
10413,207,0.129637211561203
10414,208,0.029588483273983
10415,208,0.04238090664148331
10416,208,0.04015733301639557
10417,208,0.08518704026937485
10418,208,0.13226047158241272
10419,208,0.021223656833171844
10420,208,0.06860649585723877
10421,208,0.040144696831703186
10422,209,0.13227564096450806
10423,209,0.13568782806396484
10424,209,0.2146032154560089
10425,209,0.022615758702158928
10426,209,0.03727225959300995
10427,209,0.110172800719738
10428,209,0.14234204590320587
10429,209,0.028184084221720695
10430,209,0.07322366535663605
10431,209,0.02890806831419468
10432,209,0.06881813704967499
10433,209,0.08225615322589874
10434,209,0.12043191492557526
10435,209,0.026608148589730263
10436,209,0.13916249573230743
10437,209,0.028702586889266968
10438,209,0.02971237152814865
10439,209,0.13939878344535828
10440,209,0.025319697335362434
10441,209,0.09138010442256927
10442,209,0.12001525610685349
10443,209,0.22617745399475098
10444,209,0.08319435268640518
10445,209,0.12011432647705078
10446,209,0.1450636386871338
10447,209,0.15038634836673737
10448,209,0.11822862178087234
10449,209,0.10852286219596863
10450,210,0.033416684716939926
10451,210,0.14137814939022064
10452,210,0.028687171638011932
10453,210,0.027802739292383194
10454,210,0.08580508083105087
10455,210,0.06732018291950226
10456,210,0.03704804182052612
10457,210,0.03921736776828766
10458,210,0.08112480491399765
10459,210,0.07246631383895874
10460,210,0.11843612790107727
10461,210,0.07436507195234299
10462,210,0.1112387403845787
10463,210,0.032895881682634354
10464,210,0.12988191843032837
10465,210,0.038937460631132126
10466,210,0.03044956550002098
10467,210,0.044454313814640045
10468,210,0.02322372980415821
10469,210,0.028843965381383896
10470,210,0.13123218715190887
10471,210,0.31280142068862915
10472,210,0.06968489289283752
10473,210,0.03650397062301636
10474,210,0.09270476549863815
10475,210,0.054629553109407425
10476,210,0.1661420315504074
10477,210,0.0651535615324974
10478,211,0.14533546566963196
10479,211,0.07939229905605316
10480,211,0.12402936816215515
10481,211,0.02720682881772518
10482,211,0.07338847219944
10483,211,0.1095626950263977
10484,211,0.10886884480714798
10485,211,0.07402878254652023
10486,211,0.08068516105413437
10487,211,0.08300098031759262
10488,211,0.17010512948036194
10489,211,0.1588832139968872
10490,211,0.07669712603092194
10491,211,0.1866082102060318
10492,211,0.04775456339120865
10493,211,0.03755331411957741
10494,211,0.08884349465370178
10495,211,0.06612198054790497
10496,211,0.08040781319141388
10497,211,0.039860181510448456
10498,212,0.07021111249923706
10499,212,0.11012706160545349
10500,212,0.07151038944721222
10501,212,0.06247251480817795
10502,212,0.056733593344688416
10503,212,0.033873096108436584
10504,212,0.10142211616039276
10505,212,0.23009292781352997
10506,212,0.043684832751750946
10507,212,0.08506596833467484
10508,212,0.11821310222148895
10509,212,0.06769812107086182
10510,212,0.05131855234503746
10511,212,0.03632050007581711
10512,212,0.05046936497092247
10513,212,0.03538709133863449
10514,212,0.030945703387260437
10515,212,0.10199090838432312
10516,212,0.03294902667403221
10517,212,0.07378073781728745
10518,212,0.12794777750968933
10519,212,0.1317462921142578
10520,212,0.12364450097084045
10521,212,0.07585713267326355
10522,212,0.1386459916830063
10523,212,0.2420693039894104
10524,213,0.03184635937213898
10525,213,0.02530338242650032
10526,213,0.03578297048807144
10527,213,0.03878852352499962
10528,213,0.1299949586391449
10529,213,0.029325775802135468
10530,213,0.062425289303064346
10531,213,0.07913001626729965
10532,213,0.089688740670681
10533,213,0.03460419923067093
10534,213,0.027503453195095062
10535,213,0.10285091400146484
10536,213,0.042022764682769775
10537,213,0.07054510712623596
10538,213,0.03370196372270584
10539,214,0.08427663147449493
10540,214,0.035061340779066086
10541,214,0.07977090030908585
10542,214,0.07553435862064362
10543,214,0.04957764595746994
10544,214,0.08993886411190033
10545,214,0.07782578468322754
10546,214,0.08132323622703552
10547,214,0.08325517922639847
10548,214,0.07352772355079651
10549,214,0.1309364140033722
10550,214,0.03881341218948364
10551,214,0.03676052764058113
10552,214,0.0365750715136528
10553,214,0.08601339161396027
10554,214,0.06906653940677643
10555,214,0.0881882831454277
10556,214,0.031836215406656265
10557,214,0.03375879302620888
10558,214,0.0437808483839035
10559,214,0.1120423823595047
10560,214,0.12077246606349945
10561,214,0.13901667296886444
10562,214,0.03661155328154564
10563,215,0.09375668317079544
10564,215,0.0392901711165905
10565,215,0.1308947503566742
10566,215,0.1883031129837036
10567,215,0.14724531769752502
10568,215,0.13355371356010437
10569,215,0.07754386961460114
10570,215,0.06882312148809433
10571,215,0.0630318894982338
10572,215,0.0866372138261795
10573,215,0.03520636633038521
10574,215,0.03255923092365265
10575,215,0.07723921537399292
10576,215,0.033601436764001846
10577,215,0.08738173544406891
10578,215,0.07427918910980225
10579,215,0.12443248182535172
10580,215,0.08510004729032516
10581,215,0.06798698008060455
10582,215,0.028019405901432037
10583,215,0.07735652476549149
10584,215,0.03125707432627678
10585,215,0.08390044420957565
10586,215,0.09525465220212936
10587,215,0.09196503460407257
10588,215,0.031114164739847183
10589,215,0.03643545135855675
10590,215,0.08494556695222855
10591,216,0.035018641501665115
10592,216,0.09021613001823425
10593,216,0.12910927832126617
10594,216,0.02959645725786686
10595,216,0.13354994356632233
10596,216,0.12993553280830383
10597,216,0.12061714380979538
10598,216,0.1762465387582779
10599,216,0.1435621678829193
10600,216,0.12551099061965942
10601,216,0.031051402911543846
10602,216,0.04326459765434265
10603,216,0.08435036242008209
10604,216,0.03637700527906418
10605,216,0.14423437416553497
10606,216,0.03834715858101845
10607,216,0.11961889266967773
10608,216,0.11337173730134964
10609,216,0.08193300664424896
10610,216,0.15986740589141846
10611,216,0.10279238969087601
10612,216,0.18137192726135254
10613,216,0.035463847219944
10614,216,0.03316990286111832
10615,217,0.07541581988334656
10616,217,0.019811760634183884
10617,217,0.07546015083789825
10618,217,0.025533562526106834
10619,217,0.032486166805028915
10620,217,0.08054911345243454
10621,217,0.03693709149956703
10622,217,0.04403550922870636
10623,217,0.03414268419146538
10624,217,0.09221698343753815
10625,217,0.13398370146751404
10626,217,0.24320398271083832
10627,217,0.026567142456769943
10628,217,0.07841423153877258
10629,217,0.07769107818603516
10630,217,0.07547850906848907
10631,217,0.039248570799827576
10632,217,0.049013908952474594
10633,217,0.12992055714130402
10634,217,0.07413558661937714
10635,218,0.23321758210659027
10636,218,0.02756456471979618
10637,218,0.08528417348861694
10638,218,0.03024698793888092
10639,218,0.027647076174616814
10640,218,0.09571005403995514
10641,218,0.09632711112499237
10642,218,0.042060937732458115
10643,218,0.12309843301773071
10644,218,0.07904905080795288
10645,218,0.1185184046626091
10646,218,0.07811804860830307
10647,218,0.13121908903121948
10648,218,0.11852580308914185
10649,218,0.03445611894130707
10650,218,0.07484652101993561
10651,218,0.08010458201169968
10652,218,0.1234796792268753
10653,218,0.029380835592746735
10654,219,0.04693828150629997
10655,219,0.12605945765972137
10656,219,0.09028583765029907
10657,219,0.02801809087395668
10658,219,0.027307884767651558
10659,219,0.12117726355791092
10660,219,0.12034890800714493
10661,219,0.0348343625664711
10662,219,0.021777652204036713
10663,219,0.1918027400970459
10664,219,0.09334838390350342
10665,219,0.168757364153862
10666,219,0.061322860419750214
10667,219,0.04331373795866966
10668,219,0.1481439769268036
10669,220,0.17357833683490753
10670,220,0.038261864334344864
10671,220,0.07735627144575119
10672,220,0.13317415118217468
10673,220,0.12424081563949585
10674,220,0.10705575346946716
10675,220,0.15902835130691528
10676,220,0.20832842588424683
10677,220,0.12678058445453644
10678,220,0.03845610097050667
10679,220,0.04840574041008949
10680,220,0.19557762145996094
10681,220,0.0331888385117054
10682,220,0.12245213985443115
10683,220,0.03982701152563095
10684,220,0.03418406844139099
10685,220,0.03472856059670448
10686,220,0.021008847281336784
10687,220,0.03460107371211052
10688,221,0.028219887986779213
10689,221,0.22736170887947083
10690,221,0.12432572990655899
10691,221,0.032005488872528076
10692,221,0.10349468886852264
10693,221,0.07881224900484085
10694,221,0.04615997150540352
10695,221,0.03258584067225456
10696,221,0.12847812473773956
10697,221,0.12477698922157288
10698,221,0.031987421214580536
10699,221,0.08288967609405518
10700,221,0.0822124183177948
10701,221,0.028426051139831543
10702,221,0.033505864441394806
10703,221,0.026217786595225334
10704,221,0.032588470727205276
10705,221,0.08094573765993118
10706,221,0.1382174789905548
10707,221,0.02855147048830986
10708,221,0.025181151926517487
10709,221,0.09868203103542328
10710,222,0.17911234498023987
10711,222,0.071041040122509
10712,222,0.07189267128705978
10713,222,0.0328398160636425
10714,222,0.0862458124756813
10715,222,0.027382846921682358
10716,222,0.10697994381189346
10717,222,0.029312124475836754
10718,222,0.08641587197780609
10719,222,0.023274971172213554
10720,222,0.19360333681106567
10721,222,0.09565877914428711
10722,222,0.03183164820075035
10723,222,0.09885446727275848
10724,222,0.07413407415151596
10725,222,0.12425307929515839
10726,222,0.14519166946411133
10727,222,0.14104816317558289
10728,222,0.07882372289896011
10729,222,0.080891914665699
10730,222,0.06364458799362183
10731,222,0.026712125167250633
10732,222,0.12112873047590256
10733,222,0.09873838722705841
10734,223,0.06771699339151382
10735,223,0.04374019429087639
10736,223,0.03668034076690674
10737,223,0.02734692022204399
10738,223,0.07744327932596207
10739,223,0.07980488985776901
10740,223,0.08028483390808105
10741,223,0.03088625892996788
10742,223,0.07222440093755722
10743,223,0.13877421617507935
10744,223,0.0225520059466362
10745,223,0.09911192208528519
10746,223,0.03876534849405289
10747,223,0.08586380630731583
10748,223,0.2285478711128235
10749,223,0.03083820268511772
10750,223,0.12127344310283661
10751,223,0.15246257185935974
10752,223,0.08785855025053024
10753,223,0.24437783658504486
10754,223,0.04015504568815231
10755,223,0.04494282603263855
10756,223,0.05917136371135712
10757,223,0.19336378574371338
10758,223,0.14729759097099304
10759,223,0.22896848618984222
10760,223,0.03761247545480728
10761,223,0.24549590051174164
10762,223,0.08772973716259003
10763,223,0.06342661380767822
10764,223,0.14502353966236115
10765,223,0.1341397762298584
10766,223,0.03598039597272873
10767,224,0.10222648084163666
10768,224,0.03411448746919632
10769,224,0.06762579083442688
10770,224,0.0892186164855957
10771,224,0.028539875522255898
10772,224,0.03531559556722641
10773,224,0.0911894291639328
10774,224,0.025949493050575256
10775,224,0.09546411037445068
10776,224,0.02675088867545128
10777,224,0.184588223695755
10778,224,0.13381704688072205
10779,224,0.04390527307987213
10780,224,0.08183548599481583
10781,224,0.10441448539495468
10782,224,0.04830605164170265
10783,224,0.03975480794906616
10784,224,0.0943896621465683
10785,224,0.14555977284908295
10786,224,0.08228050172328949
10787,224,0.0867207944393158
10788,224,0.20846328139305115
10789,224,0.07645715773105621
10790,224,0.08802827447652817
10791,224,0.10807764530181885
10792,224,0.08936592936515808
10793,224,0.160227432847023
10794,224,0.19310376048088074
10795,225,0.08619242161512375
10796,225,0.04344689100980759
10797,225,0.03418844938278198
10798,225,0.17824319005012512
10799,225,0.15137244760990143
10800,225,0.1908409297466278
10801,225,0.13236267864704132
10802,225,0.13405664265155792
10803,226,0.12303891032934189
10804,226,0.08600065112113953
10805,226,0.09340152889490128
10806,226,0.0836654081940651
10807,226,0.05934138968586922
10808,226,0.0897039920091629
10809,226,0.02921132743358612
10810,226,0.14555558562278748
10811,226,0.10854047536849976
10812,226,0.050536807626485825
10813,226,0.08540701866149902
10814,226,0.051658522337675095
10815,226,0.03700723871588707
10816,226,0.0418124757707119
10817,226,0.026338132098317146
10818,226,0.07710731029510498
10819,226,0.0936833992600441
10820,226,0.10340270400047302
10821,227,0.13452431559562683
10822,227,0.07492107897996902
10823,227,0.17416685819625854
10824,227,0.07776210457086563
10825,227,0.07748644053936005
10826,227,0.029884912073612213
10827,227,0.036100633442401886
10828,227,0.029038675129413605
10829,227,0.14444118738174438
10830,227,0.028216039761900902
10831,227,0.13590654730796814
10832,227,0.08241394907236099
10833,227,0.11534886062145233
10834,227,0.13745667040348053
10835,227,0.08930367231369019
10836,227,0.08706770092248917
10837,227,0.0363212414085865
10838,227,0.08089745044708252
10839,227,0.030592553317546844
10840,228,0.11612480878829956
10841,228,0.0889199897646904
10842,228,0.029971934854984283
10843,228,0.03883018344640732
10844,228,0.08710357546806335
10845,228,0.0976831391453743
10846,228,0.11821901798248291
10847,228,0.19449776411056519
10848,228,0.09130305051803589
10849,228,0.13603132963180542
10850,228,0.23420558869838715
10851,228,0.1375357061624527
10852,228,0.08377914875745773
10853,228,0.09540256857872009
10854,228,0.08728212118148804
10855,229,0.029400665313005447
10856,229,0.09622069448232651
10857,229,0.14730679988861084
10858,229,0.09802938252687454
10859,229,0.13551020622253418
10860,229,0.11693456023931503
10861,229,0.09574960917234421
10862,229,0.029385900124907494
10863,229,0.027502642944455147
10864,229,0.11448170989751816
10865,229,0.07575009018182755
10866,229,0.026735996827483177
10867,229,0.03508404642343521
10868,229,0.0366402268409729
10869,229,0.0962269976735115
10870,229,0.13510259985923767
10871,229,0.2585078775882721
10872,229,0.1573759764432907
10873,229,0.13512973487377167
10874,229,0.03649575263261795
10875,229,0.07899700105190277
10876,229,0.08181684464216232
10877,229,0.02283167466521263
10878,229,0.1905418187379837
10879,229,0.07920090854167938
10880,229,0.09044220298528671
10881,229,0.12088167667388916
10882,229,0.1017497330904007
10883,229,0.1740836352109909
10884,230,0.12616859376430511
10885,230,0.07998063415288925
10886,230,0.054837968200445175
10887,230,0.08602957427501678
10888,230,0.14851514995098114
10889,230,0.09640499949455261
10890,230,0.12100078910589218
10891,230,0.09635791927576065
10892,230,0.18105928599834442
10893,230,0.11200281977653503
10894,230,0.040036626160144806
10895,230,0.0437622144818306
10896,230,0.0960349440574646
10897,230,0.1257358342409134
10898,230,0.1207779049873352
10899,230,0.05844338983297348
10900,230,0.11317279189825058
10901,230,0.030002642422914505
10902,230,0.09443286061286926
10903,230,0.09110792726278305
10904,230,0.1464439481496811
10905,230,0.04282370209693909
10906,230,0.052891794592142105
10907,230,0.04475582391023636
10908,230,0.19393271207809448
10909,230,0.18964658677577972
10910,231,0.10541877895593643
10911,231,0.10220879316329956
10912,231,0.07537734508514404
10913,231,0.1914161890745163
10914,231,0.08561256527900696
10915,231,0.030519146472215652
10916,231,0.07895065099000931
10917,231,0.1447938084602356
10918,231,0.0804605484008789
10919,231,0.08643282204866409
10920,231,0.03732411935925484
10921,231,0.026937376707792282
10922,231,0.02841862291097641
10923,231,0.24516570568084717
10924,231,0.14681820571422577
10925,231,0.12755146622657776
10926,231,0.05263382941484451
10927,231,0.0833924189209938
10928,231,0.10055053234100342
10929,231,0.05704319477081299
10930,231,0.08654522895812988
10931,232,0.023449983447790146
10932,232,0.12069537490606308
10933,232,0.09253127872943878
10934,232,0.08775359392166138
10935,232,0.03029111959040165
10936,232,0.08184773474931717
10937,232,0.0792369544506073
10938,232,0.09366428852081299
10939,232,0.046356506645679474
10940,232,0.17501768469810486
10941,232,0.11675642430782318
10942,232,0.13444331288337708
10943,233,0.02601485513150692
10944,233,0.09632421284914017
10945,233,0.14827431738376617
10946,233,0.09606245905160904
10947,233,0.08717623353004456
10948,233,0.11063067615032196
10949,233,0.09101061522960663
10950,233,0.0798686146736145
10951,233,0.11262765526771545
10952,233,0.09086690098047256
10953,233,0.07723164558410645
10954,233,0.17484600841999054
10955,234,0.04344504326581955
10956,234,0.036765098571777344
10957,234,0.17059040069580078
10958,234,0.05189315974712372
10959,234,0.11252433806657791
10960,234,0.0866067185997963
10961,234,0.029570966958999634
10962,234,0.07660528272390366
10963,234,0.030092982575297356
10964,234,0.04270017519593239
10965,234,0.10273599624633789
10966,234,0.13900798559188843
10967,234,0.09781686216592789
10968,234,0.027737772092223167
10969,234,0.033113397657871246
10970,234,0.2398197054862976
10971,234,0.19760948419570923
10972,234,0.2181679606437683
10973,234,0.026687074452638626
10974,234,0.03366459906101227
10975,234,0.03265189751982689
10976,234,0.12648174166679382
10977,234,0.2112203985452652
10978,234,0.08704394102096558
10979,234,0.09148035198450089
10980,234,0.06696905940771103
10981,234,0.03156011551618576
10982,234,0.14633944630622864
10983,234,0.10729558020830154
10984,235,0.13121071457862854
10985,235,0.18055453896522522
10986,235,0.13055677711963654
10987,235,0.07583864033222198
10988,235,0.0820411741733551
10989,235,0.11740413308143616
10990,235,0.037990741431713104
10991,235,0.12840324640274048
10992,235,0.0899646058678627
10993,235,0.07947912812232971
10994,235,0.09166324883699417
10995,235,0.13792282342910767
10996,235,0.03899717330932617
10997,235,0.09023632109165192
10998,235,0.18710288405418396
10999,235,0.08930574357509613
11000,235,0.08412478119134903
11001,235,0.08568211644887924
11002,235,0.19257280230522156
11003,235,0.09345196932554245
11004,235,0.04311757534742355
11005,235,0.09324642270803452
11006,235,0.15667195618152618
11007,235,0.09867437183856964
11008,236,0.10562878847122192
11009,236,0.17688114941120148
11010,236,0.15527772903442383
11011,236,0.0903039425611496
11012,236,0.0407940149307251
11013,236,0.0936124324798584
11014,236,0.04056978225708008
11015,236,0.17391088604927063
11016,236,0.05120329558849335
11017,236,0.03979816287755966
11018,236,0.02968009002506733
11019,236,0.07928499579429626
11020,236,0.029656965285539627
11021,236,0.1611965000629425
11022,236,0.08685579895973206
11023,236,0.2599286437034607
11024,236,0.19336667656898499
11025,236,0.07147663831710815
11026,236,0.14311327040195465
11027,236,0.04350747540593147
11028,236,0.03770701214671135
11029,236,0.18665006756782532
11030,236,0.0379054881632328
11031,236,0.18697626888751984
11032,236,0.18930314481258392
11033,237,0.13179568946361542
11034,237,0.08408335596323013
11035,237,0.0784466341137886
11036,237,0.18725261092185974
11037,237,0.03460540622472763
11038,237,0.09649962186813354
11039,237,0.03970424085855484
11040,237,0.11910069733858109
11041,238,0.0354609414935112
11042,238,0.08813367038965225
11043,238,0.04585963860154152
11044,238,0.0319867841899395
11045,238,0.1120617538690567
11046,238,0.218139186501503
11047,238,0.1330459862947464
11048,238,0.07834281027317047
11049,238,0.02053344063460827
11050,238,0.14373859763145447
11051,238,0.18846692144870758
11052,238,0.0814845860004425
11053,238,0.14932562410831451
11054,238,0.14415746927261353
11055,238,0.029336130246520042
11056,238,0.030862243846058846
11057,239,0.0903116837143898
11058,239,0.07022568583488464
11059,239,0.09414175152778625
11060,239,0.14105385541915894
11061,239,0.033641308546066284
11062,239,0.08377324789762497
11063,239,0.07831913232803345
11064,239,0.049859460443258286
11065,239,0.08922678232192993
11066,239,0.08891469240188599
11067,239,0.08211209625005722
11068,239,0.03740132972598076
11069,239,0.08546770364046097
11070,239,0.10256575793027878
11071,239,0.037738095968961716
11072,239,0.03882088512182236
11073,239,0.07251399010419846
11074,239,0.029514426365494728
11075,239,0.043820858001708984
11076,239,0.08580617606639862
11077,240,0.03530655801296234
11078,240,0.12001323699951172
11079,240,0.031693410128355026
11080,240,0.09320083260536194
11081,240,0.050610486418008804
11082,240,0.07903829962015152
11083,240,0.1393326222896576
11084,240,0.12891626358032227
11085,240,0.07731414586305618
11086,240,0.09515708684921265
11087,240,0.13214606046676636
11088,240,0.037552181631326675
11089,240,0.02665497176349163
11090,240,0.071322001516819
11091,240,0.09373636543750763
11092,240,0.08274463564157486
11093,240,0.1179688349366188
11094,241,0.13636617362499237
11095,241,0.11822295933961868
11096,241,0.1420479565858841
11097,241,0.05126108601689339
11098,241,0.15318769216537476
11099,241,0.07804910838603973
11100,241,0.08895044773817062
11101,241,0.23506227135658264
11102,241,0.1166512593626976
11103,241,0.13643793761730194
11104,241,0.09344267845153809
11105,241,0.17329593002796173
11106,241,0.14892177283763885
11107,241,0.09398633241653442
11108,241,0.19702409207820892
11109,241,0.08915367722511292
11110,241,0.030003231018781662
11111,241,0.047058045864105225
11112,241,0.07914181053638458
11113,241,0.02366761863231659
11114,242,0.041561879217624664
11115,242,0.09016654640436172
11116,242,0.1334197223186493
11117,242,0.07343193143606186
11118,242,0.0390155166387558
11119,242,0.0829215794801712
11120,242,0.1922481507062912
11121,242,0.0955287516117096
11122,242,0.1062559187412262
11123,242,0.031260810792446136
11124,242,0.09018911421298981
11125,242,0.08701914548873901
11126,242,0.0307780671864748
11127,242,0.1397545486688614
11128,242,0.07753109931945801
11129,242,0.13223958015441895
11130,242,0.028274720534682274
11131,242,0.13090009987354279
11132,242,0.04552512243390083
11133,242,0.04099207744002342
11134,242,0.03995346650481224
11135,242,0.03989345580339432
11136,242,0.13852684199810028
11137,242,0.12705957889556885
11138,243,0.08247606456279755
11139,243,0.086273692548275
11140,243,0.08909553289413452
11141,243,0.08200105279684067
11142,243,0.08355605602264404
11143,243,0.11605323851108551
11144,243,0.17765209078788757
11145,243,0.12380685657262802
11146,243,0.11676345020532608
11147,243,0.022241178900003433
11148,243,0.15788884460926056
11149,243,0.1373194456100464
11150,243,0.08915767818689346
11151,243,0.041357312351465225
11152,243,0.031517691910266876
11153,243,0.1968553066253662
11154,243,0.037577200680971146
11155,243,0.09674710035324097
11156,243,0.18855129182338715
11157,243,0.09370388835668564
11158,243,0.20609772205352783
11159,243,0.0886862501502037
11160,243,0.08811718225479126
11161,244,0.037049032747745514
11162,244,0.13444773852825165
11163,244,0.1352611631155014
11164,244,0.08431287109851837
11165,244,0.13331596553325653
11166,244,0.07553395628929138
11167,244,0.09585314989089966
11168,244,0.025261681526899338
11169,244,0.023318259045481682
11170,244,0.08630679547786713
11171,244,0.15572558343410492
11172,244,0.026143496856093407
11173,244,0.08853858709335327
11174,244,0.11238905042409897
11175,244,0.275611937046051
11176,244,0.0758986845612526
11177,244,0.027510400861501694
11178,244,0.030849745497107506
11179,244,0.09267847239971161
11180,244,0.13429760932922363
11181,244,0.12939807772636414
11182,245,0.1269196718931198
11183,245,0.1222691461443901
11184,245,0.06787197291851044
11185,245,0.1510564684867859
11186,245,0.03168431296944618
11187,245,0.1601727157831192
11188,245,0.09738089889287949
11189,245,0.09272504597902298
11190,245,0.08425447344779968
11191,245,0.092830590903759
11192,246,0.02723219059407711
11193,246,0.1444014012813568
11194,246,0.034173086285591125
11195,246,0.1377687305212021
11196,246,0.09329710155725479
11197,246,0.09001841396093369
11198,246,0.039357081055641174
11199,246,0.108427032828331
11200,246,0.03162354975938797
11201,246,0.0889650210738182
11202,246,0.1804664433002472
11203,246,0.036248721182346344
11204,246,0.03292078524827957
11205,246,0.1377539485692978
11206,246,0.03122561424970627
11207,246,0.08328805863857269
11208,246,0.04949052259325981
11209,246,0.17860263586044312
11210,246,0.03773408755660057
11211,246,0.13643231987953186
11212,246,0.05569608509540558
11213,246,0.0390818789601326
11214,246,0.0777047872543335
11215,246,0.13421732187271118
11216,246,0.04148377478122711
11217,246,0.04159773141145706
11218,246,0.0943894311785698
11219,247,0.1112353503704071
11220,247,0.22879688441753387
11221,247,0.13961242139339447
11222,247,0.0442492850124836
11223,247,0.19582369923591614
11224,247,0.025671331211924553
11225,247,0.07856767624616623
11226,247,0.0746089518070221
11227,247,0.19229526817798615
11228,247,0.08249125629663467
11229,247,0.07373173534870148
11230,247,0.02729197032749653
11231,248,0.09499333053827286
11232,248,0.03978889435529709
11233,248,0.08525826036930084
11234,248,0.023240236565470695
11235,248,0.07580263167619705
11236,248,0.03211509436368942
11237,248,0.11758318543434143
11238,248,0.06727654486894608
11239,248,0.09117325395345688
11240,248,0.08809676021337509
11241,248,0.08146998286247253
11242,248,0.08211386948823929
11243,249,0.09350553154945374
11244,249,0.1765296459197998
11245,249,0.08037136495113373
11246,249,0.12913812696933746
11247,249,0.03806765377521515
11248,249,0.09211216121912003
11249,249,0.17851917445659637
11250,249,0.07824798673391342
11251,249,0.07572957128286362
11252,249,0.07644392549991608
11253,249,0.13814012706279755
11254,249,0.029893962666392326
11255,249,0.3150940537452698
11256,249,0.04529497027397156
11257,249,0.030283747240900993
11258,249,0.03771204501390457
11259,249,0.1930622160434723
11260,249,0.037774063646793365
11261,249,0.07569213211536407
11262,249,0.03888837993144989
11263,250,0.1422405242919922
11264,250,0.14968769252300262
11265,250,0.02658325433731079
11266,250,0.14899928867816925
11267,250,0.12795758247375488
11268,250,0.0880887433886528
11269,250,0.1451958268880844
11270,250,0.10024285316467285
11271,251,0.18718035519123077
11272,251,0.09733718633651733
11273,251,0.13757002353668213
11274,251,0.142588809132576
11275,251,0.14805041253566742
11276,251,0.029020629823207855
11277,251,0.14651638269424438
11278,251,0.09774413704872131
11279,251,0.15106113255023956
11280,251,0.04337938874959946
11281,251,0.09051195532083511
11282,251,0.03327782452106476
11283,251,0.03099624253809452
11284,251,0.22306348383426666
11285,251,0.11343014240264893
11286,251,0.08829628676176071
11287,251,0.0721551775932312
11288,252,0.03603888303041458
11289,252,0.20183363556861877
11290,252,0.1307130604982376
11291,252,0.02867952547967434
11292,252,0.07343636453151703
11293,252,0.1377032995223999
11294,252,0.04197859391570091
11295,252,0.1329982578754425
11296,252,0.1645691841840744
11297,252,0.08477974683046341
11298,252,0.08404182642698288
11299,252,0.09763864427804947
11300,252,0.13998548686504364
11301,252,0.06727379560470581
11302,252,0.037352487444877625
11303,252,0.08381831645965576
11304,252,0.1278167963027954
11305,252,0.09652715176343918
11306,252,0.1007499098777771
11307,252,0.13038374483585358
11308,253,0.07220065593719482
11309,253,0.19612956047058105
11310,253,0.02774217538535595
11311,253,0.07971175014972687
11312,253,0.13075725734233856
11313,253,0.25342410802841187
11314,253,0.2744782269001007
11315,253,0.04837267845869064
11316,253,0.07768668234348297
11317,253,0.07644636929035187
11318,253,0.13549205660820007
11319,253,0.05391190946102142
11320,253,0.09040885418653488
11321,253,0.08049934357404709
11322,253,0.1806505024433136
11323,253,0.041199665516614914
11324,253,0.08205531537532806
11325,253,0.021237045526504517
11326,253,0.1409962922334671
11327,253,0.08991436660289764
11328,253,0.1338493674993515
11329,253,0.09278865903615952
11330,253,0.07517484575510025
11331,253,0.07581700384616852
11332,254,0.03130953758955002
11333,254,0.08498330414295197
11334,254,0.031760796904563904
11335,254,0.03357652947306633
11336,254,0.026171287521719933
11337,254,0.08257701247930527
11338,254,0.02464776299893856
11339,254,0.03826657310128212
11340,254,0.0677165761590004
11341,254,0.03393685072660446
11342,254,0.04194264858961105
11343,254,0.07007868587970734
11344,254,0.12683361768722534
11345,254,0.05306166037917137
11346,254,0.13357022404670715
11347,254,0.1489250361919403
11348,254,0.04193149134516716
11349,254,0.1509336531162262
11350,254,0.03054109402000904
11351,254,0.08065688610076904
11352,254,0.2111688256263733
11353,254,0.13907603919506073
11354,254,0.07996109127998352
11355,254,0.14506226778030396
11356,254,0.14564724266529083
11357,254,0.0880286693572998
11358,254,0.08452614396810532
11359,254,0.24225640296936035
11360,255,0.11119134724140167
11361,255,0.09276063740253448
11362,255,0.07142287492752075
11363,255,0.044865768402814865
11364,255,0.08486863970756531
11365,255,0.08399996161460876
11366,255,0.07650398463010788
11367,255,0.14074383676052094
11368,255,0.08623185753822327
11369,255,0.04499335587024689
11370,255,0.08385173976421356
11371,255,0.034113042056560516
11372,255,0.081692636013031
11373,255,0.09421028941869736
11374,255,0.13860315084457397
11375,255,0.09178648889064789
11376,255,0.09548833966255188
11377,255,0.04480253905057907
11378,255,0.04645776376128197
11379,255,0.04073997959494591
11380,255,0.13747698068618774
11381,255,0.08047520369291306
11382,255,0.030084334313869476
11383,255,0.07725255191326141
11384,255,0.02860536053776741
11385,255,0.08890706300735474
11386,255,0.08704665303230286
11387,255,0.14142847061157227
11388,255,0.08103133738040924
11389,255,0.13428552448749542
11390,255,0.07032804191112518
11391,255,0.03520876169204712
11392,255,0.027260616421699524
11393,255,0.034096747636795044
11394,255,0.08896425366401672
11395,255,0.08099061250686646
11396,255,0.02701580710709095
11397,256,0.08385856449604034
11398,256,0.027813855558633804
11399,256,0.03998538479208946
11400,256,0.08854091167449951
11401,256,0.032731860876083374
11402,256,0.08660982549190521
11403,256,0.030494699254631996
11404,256,0.037800274789333344
11405,256,0.19764509797096252
11406,256,0.13389089703559875
11407,256,0.13389632105827332
11408,256,0.06798608601093292
11409,256,0.041084691882133484
11410,256,0.10547205060720444
11411,256,0.09445357322692871
11412,256,0.06362607330083847
11413,256,0.026660677045583725
11414,256,0.04889790713787079
11415,256,0.02560098096728325
11416,256,0.03658610209822655
11417,256,0.06986606121063232
11418,256,0.09086134284734726
11419,257,0.02374514378607273
11420,257,0.034599658101797104
11421,257,0.043807901442050934
11422,257,0.12545712292194366
11423,257,0.14061570167541504
11424,257,0.032352544367313385
11425,257,0.02795528993010521
11426,257,0.08029945194721222
11427,257,0.027109166607260704
11428,257,0.1327497661113739
11429,257,0.07451773434877396
11430,257,0.0764075294137001
11431,257,0.08684709668159485
11432,257,0.025890212506055832
11433,257,0.08639388531446457
11434,257,0.12982366979122162
11435,257,0.08002724498510361
11436,257,0.089328333735466
11437,257,0.2478944957256317
11438,257,0.036253903061151505
11439,257,0.08137710392475128
11440,257,0.08250267803668976
11441,257,0.1824241280555725
11442,258,0.19241878390312195
11443,258,0.039305172860622406
11444,258,0.1368878036737442
11445,258,0.08468872308731079
11446,258,0.08270971477031708
11447,258,0.09716348350048065
11448,258,0.1488007754087448
11449,258,0.13644221425056458
11450,258,0.029463525861501694
11451,258,0.08509822934865952
11452,258,0.038159117102622986
11453,258,0.0385693684220314
11454,258,0.1314341127872467
11455,258,0.14345166087150574
11456,258,0.032640744000673294
11457,258,0.02621210180222988
11458,258,0.19309395551681519
11459,258,0.08660497516393661
11460,258,0.09400118142366409
11461,258,0.1410326063632965
11462,259,0.08131124079227448
11463,259,0.09162621945142746
11464,259,0.16876521706581116
11465,259,0.0823378935456276
11466,259,0.035763420164585114
11467,259,0.08971528708934784
11468,259,0.082333043217659
11469,259,0.08855760842561722
11470,259,0.02612658031284809
11471,259,0.08687685430049896
11472,259,0.2790240943431854
11473,259,0.03407060354948044
11474,259,0.09203679859638214
11475,259,0.04422461614012718
11476,259,0.030841592699289322
11477,259,0.08078233152627945
11478,259,0.0754881352186203
11479,259,0.26740899682044983
11480,259,0.18271824717521667
11481,259,0.14523917436599731
11482,259,0.1382213681936264
11483,259,0.028764311224222183
11484,259,0.022358998656272888
11485,259,0.23772966861724854
11486,259,0.08063723891973495
11487,259,0.14057296514511108
11488,259,0.028371702879667282
11489,259,0.1903027445077896
11490,259,0.11142946779727936
11491,259,0.11758539825677872
11492,259,0.09109435975551605
11493,259,0.03290657699108124
11494,259,0.10811691731214523
11495,259,0.028347644954919815
11496,259,0.1802961528301239
11497,259,0.09032987803220749
11498,259,0.31471285223960876
11499,259,0.030000075697898865
11500,259,0.16970983147621155
11501,259,0.058279018849134445
11502,259,0.1182299554347992
11503,260,0.13967879116535187
11504,260,0.18099558353424072
11505,260,0.09048053622245789
11506,260,0.14326584339141846
11507,260,0.046322863548994064
11508,260,0.1512657254934311
11509,260,0.1952895075082779
11510,260,0.02925415150821209
11511,260,0.04404408112168312
11512,260,0.2051726132631302
11513,260,0.30477041006088257
11514,260,0.10099393129348755
11515,260,0.08055398613214493
11516,260,0.12992358207702637
11517,260,0.08764206618070602
11518,260,0.14723682403564453
11519,260,0.13126453757286072
11520,260,0.18921919167041779
11521,260,0.14269599318504333
11522,260,0.07516200840473175
11523,260,0.0463603176176548
11524,260,0.08183032274246216
11525,260,0.14139321446418762
11526,260,0.047233689576387405
11527,260,0.045557256788015366
11528,260,0.1434309184551239
11529,260,0.025921307504177094
11530,260,0.11797089874744415
11531,260,0.04748702794313431
11532,260,0.08581528067588806
11533,260,0.09282835572957993
11534,260,0.09239792078733444
11535,261,0.08385728299617767
11536,261,0.029611939564347267
11537,261,0.16102346777915955
11538,261,0.08681079745292664
11539,261,0.2099430114030838
11540,261,0.1295175850391388
11541,261,0.09995177388191223
11542,261,0.24711410701274872
11543,262,0.09494593739509583
11544,262,0.08776844292879105
11545,262,0.02765900082886219
11546,262,0.13086649775505066
11547,262,0.09521752595901489
11548,262,0.08960802853107452
11549,262,0.0711946114897728
11550,262,0.04260942339897156
11551,262,0.1931309551000595
11552,262,0.031626105308532715
11553,262,0.07645756006240845
11554,262,0.2555483877658844
11555,262,0.03305800259113312
11556,262,0.0729144811630249
11557,262,0.303924024105072
11558,262,0.12066313624382019
11559,262,0.08751299977302551
11560,262,0.0932498499751091
11561,262,0.08215571194887161
11562,262,0.04070132225751877
11563,262,0.07894045114517212
11564,262,0.12441638112068176
11565,262,0.033299945294857025
11566,262,0.09875571727752686
11567,262,0.03377886861562729
11568,262,0.0719478577375412
11569,262,0.07431341707706451
11570,263,0.024432120844721794
11571,263,0.21925723552703857
11572,263,0.08131752908229828
11573,263,0.07867072522640228
11574,263,0.1665675938129425
11575,263,0.25077369809150696
11576,263,0.040249451994895935
11577,263,0.07290249317884445
11578,263,0.07881884276866913
11579,263,0.0839102491736412
11580,263,0.04240109771490097
11581,263,0.12402322888374329
11582,264,0.025165509432554245
11583,264,0.03410256281495094
11584,264,0.09131532907485962
11585,264,0.033374685794115067
11586,264,0.039308156818151474
11587,264,0.08769543468952179
11588,264,0.12917347252368927
11589,264,0.03686124458909035
11590,264,0.0980180874466896
11591,264,0.02720651403069496
11592,264,0.0674331858754158
11593,264,0.08514846861362457
11594,264,0.03051113151013851
11595,264,0.02622108906507492
11596,264,0.031995221972465515
11597,264,0.12731395661830902
11598,264,0.03025454469025135
11599,264,0.14017069339752197
11600,265,0.0893634706735611
11601,265,0.2478799670934677
11602,265,0.13317154347896576
11603,265,0.040217433124780655
11604,265,0.02333012782037258
11605,265,0.03189770504832268
11606,265,0.07901328057050705
11607,265,0.14862768352031708
11608,265,0.17882323265075684
11609,265,0.03187093138694763
11610,265,0.1233896017074585
11611,265,0.12337756901979446
11612,265,0.0802096351981163
11613,265,0.12639592587947845
11614,265,0.021133041009306908
11615,266,0.1814078390598297
11616,266,0.17387214303016663
11617,266,0.08238513022661209
11618,266,0.027255892753601074
11619,266,0.3511965274810791
11620,266,0.18388649821281433
11621,266,0.15502600371837616
11622,266,0.15392868220806122
11623,266,0.03077547997236252
11624,266,0.03130250424146652
11625,266,0.17904314398765564
11626,266,0.03643788397312164
11627,266,0.031799569725990295
11628,266,0.0288864616304636
11629,266,0.030578866600990295
11630,267,0.14271290600299835
11631,267,0.14607107639312744
11632,267,0.08324156701564789
11633,267,0.14705133438110352
11634,267,0.08292755484580994
11635,267,0.10380786657333374
11636,267,0.06621097773313522
11637,267,0.10098139196634293
11638,267,0.03523571416735649
11639,267,0.18590757250785828
11640,267,0.016063665971159935
11641,267,0.1447220742702484
11642,267,0.02833637036383152
11643,267,0.1507306694984436
11644,267,0.13451585173606873
11645,267,0.022541331127285957
11646,267,0.019936665892601013
11647,267,0.08033634722232819
11648,268,0.04143088683485985
11649,268,0.08806820958852768
11650,268,0.18956811726093292
11651,268,0.09551738947629929
11652,268,0.08813296258449554
11653,268,0.08685622364282608
11654,268,0.031066836789250374
11655,268,0.2076806277036667
11656,268,0.022480418905615807
11657,268,0.08792788535356522
11658,268,0.022401973605155945
11659,268,0.026657508686184883
11660,268,0.13933774828910828
11661,268,0.04168965294957161
11662,268,0.10022422671318054
11663,268,0.1307961344718933
11664,268,0.08588451147079468
11665,268,0.14191167056560516
11666,268,0.09501451253890991
11667,268,0.03944515809416771
11668,268,0.089536651968956
11669,268,0.03462862968444824
11670,268,0.07031016796827316
11671,269,0.07023294270038605
11672,269,0.08090908825397491
11673,269,0.10113562643527985
11674,269,0.03053538128733635
11675,269,0.1495402753353119
11676,269,0.031582266092300415
11677,269,0.07570537179708481
11678,269,0.1922105997800827
11679,270,0.19722400605678558
11680,270,0.027588922530412674
11681,270,0.027070190757513046
11682,270,0.025682372972369194
11683,270,0.19616559147834778
11684,270,0.1352396309375763
11685,270,0.08688445389270782
11686,270,0.040908921509981155
11687,270,0.02414904721081257
11688,270,0.07696224749088287
11689,270,0.07806601375341415
11690,270,0.02179163508117199
11691,270,0.035310737788677216
11692,270,0.2499776929616928
11693,270,0.038669779896736145
11694,270,0.03321211785078049
11695,270,0.08825189620256424
11696,270,0.0694132149219513
11697,270,0.08093205094337463
11698,270,0.13115805387496948
11699,270,0.04431695491075516
11700,270,0.08306026458740234
11701,270,0.07728497684001923
11702,270,0.23894387483596802
11703,270,0.08517111092805862
11704,270,0.023426569998264313
11705,271,0.09894704073667526
11706,271,0.08996933698654175
11707,271,0.09781927615404129
11708,271,0.09898799657821655
11709,271,0.24050402641296387
11710,271,0.14435267448425293
11711,271,0.08836212009191513
11712,271,0.02681959606707096
11713,271,0.21863244473934174
11714,271,0.08637291193008423
11715,271,0.03246040269732475
11716,271,0.08146970719099045
11717,271,0.03336231783032417
11718,271,0.1386748105287552
11719,272,0.13450156152248383
11720,272,0.022006090730428696
11721,272,0.1298895627260208
11722,272,0.02937064692378044
11723,272,0.14773282408714294
11724,272,0.10059739649295807
11725,272,0.0933363139629364
11726,272,0.17735446989536285
11727,272,0.15960870683193207
11728,272,0.046324510127305984
11729,272,0.14192940294742584
11730,272,0.18857653439044952
11731,272,0.033545222133398056
11732,272,0.18598739802837372
11733,272,0.09270232170820236
11734,272,0.23750606179237366
11735,272,0.03768191114068031
11736,272,0.08115049451589584
11737,272,0.1347113996744156
11738,272,0.03641708195209503
11739,272,0.03253593668341637
11740,272,0.1188720241189003
11741,272,0.1346237063407898
11742,272,0.08182011544704437
11743,272,0.08962026983499527
11744,273,0.03905491903424263
11745,273,0.13831780850887299
11746,273,0.26468425989151
11747,273,0.04820259287953377
11748,273,0.08459784090518951
11749,273,0.18831783533096313
11750,273,0.031220808625221252
11751,273,0.1441807746887207
11752,273,0.03515134006738663
11753,273,0.03614497929811478
11754,273,0.034775979816913605
11755,273,0.1475004255771637
11756,273,0.18399561941623688
11757,273,0.09671439975500107
11758,273,0.0322551503777504
11759,273,0.1525147557258606
11760,273,0.04182793200016022
11761,273,0.03280746564269066
11762,273,0.03194259852170944
11763,273,0.08069028705358505
11764,273,0.03385312482714653
11765,274,0.08106863498687744
11766,274,0.13625279068946838
11767,274,0.13636234402656555
11768,274,0.0873521938920021
11769,274,0.13263526558876038
11770,274,0.08825848996639252
11771,274,0.08934566378593445
11772,274,0.033159591257572174
11773,274,0.14240103960037231
11774,274,0.07481803745031357
11775,274,0.020602239295840263
11776,274,0.07785823941230774
11777,274,0.09608433395624161
11778,274,0.08413535356521606
11779,274,0.205636128783226
11780,274,0.12372609227895737
11781,274,0.13693609833717346
11782,274,0.025463376194238663
11783,274,0.1326989233493805
11784,274,0.10630463808774948
11785,274,0.08698298782110214
11786,275,0.08278524875640869
11787,275,0.09459639340639114
11788,275,0.3156586289405823
11789,275,0.13563139736652374
11790,275,0.033873047679662704
11791,275,0.16237019002437592
11792,275,0.07992790639400482
11793,275,0.1338120847940445
11794,275,0.03154353052377701
11795,275,0.10486816614866257
11796,275,0.24060368537902832
11797,275,0.03046816773712635
11798,275,0.08285684138536453
11799,275,0.143157497048378
11800,275,0.025906464084982872
11801,275,0.0868946835398674
11802,275,0.08572268486022949
11803,275,0.08276733011007309
11804,275,0.02673640102148056
11805,275,0.02706453762948513
11806,275,0.12213429808616638
11807,276,0.12671394646167755
11808,276,0.1048959493637085
11809,276,0.07693221420049667
11810,276,0.0748852863907814
11811,276,0.18254902958869934
11812,276,0.08583943545818329
11813,276,0.09334123134613037
11814,276,0.07546467334032059
11815,276,0.07788709551095963
11816,276,0.029352806508541107
11817,276,0.09643986076116562
11818,276,0.18841837346553802
11819,276,0.09324464201927185
11820,276,0.11257588118314743
11821,276,0.09076594561338425
11822,276,0.03481940180063248
11823,277,0.03585604205727577
11824,277,0.1252700686454773
11825,277,0.20087526738643646
11826,277,0.1263190656900406
11827,277,0.21371892094612122
11828,277,0.13428694009780884
11829,277,0.2481367588043213
11830,277,0.06247060373425484
11831,277,0.1971399188041687
11832,277,0.1431121975183487
11833,277,0.1381049007177353
11834,277,0.02346581406891346
11835,277,0.1923619955778122
11836,277,0.03063826449215412
11837,277,0.13292405009269714
11838,277,0.20604442059993744
11839,277,0.19500382244586945
11840,277,0.03362569957971573
11841,277,0.07767948508262634
11842,278,0.08399280160665512
11843,278,0.09847036004066467
11844,278,0.021647870540618896
11845,278,0.08492612838745117
11846,278,0.17720691859722137
11847,278,0.08633074164390564
11848,278,0.1290491223335266
11849,278,0.09147447347640991
11850,278,0.13554754853248596
11851,278,0.2556796073913574
11852,278,0.033694468438625336
11853,278,0.023153958842158318
11854,278,0.06737665086984634
11855,278,0.018655747175216675
11856,279,0.06665271520614624
11857,279,0.12757457792758942
11858,279,0.0382060781121254
11859,279,0.08082994818687439
11860,279,0.12282589823007584
11861,279,0.08389407396316528
11862,279,0.138433039188385
11863,279,0.1619679182767868
11864,279,0.024575425311923027
11865,279,0.13611479103565216
11866,279,0.2399415671825409
11867,279,0.07574586570262909
11868,279,0.0804232656955719
11869,279,0.1292358785867691
11870,279,0.15607023239135742
11871,279,0.25026586651802063
11872,279,0.018213540315628052
11873,279,0.11577899008989334
11874,279,0.09084443747997284
11875,279,0.03406582400202751
11876,279,0.045748062431812286
11877,279,0.07630980014801025
11878,279,0.22891627252101898
11879,280,0.02693285420536995
11880,280,0.25653594732284546
11881,280,0.08566568046808243
11882,280,0.14430640637874603
11883,280,0.04248909652233124
11884,280,0.14793801307678223
11885,280,0.139013409614563
11886,280,0.025727160274982452
11887,280,0.044706445187330246
11888,280,0.11291151493787766
11889,280,0.13400544226169586
11890,280,0.035163115710020065
11891,280,0.0887717753648758
11892,280,0.028268124908208847
11893,280,0.20110905170440674
11894,280,0.0884195864200592
11895,280,0.253805011510849
11896,280,0.041803307831287384
11897,280,0.04645655304193497
11898,280,0.03014441207051277
11899,280,0.1760166883468628
11900,280,0.02368374913930893
11901,281,0.2101108431816101
11902,281,0.14652776718139648
11903,281,0.02849377691745758
11904,281,0.18864817917346954
11905,281,0.13451862335205078
11906,281,0.09588051587343216
11907,281,0.029237214475870132
11908,281,0.07654246687889099
11909,281,0.1253116875886917
11910,281,0.09255768358707428
11911,281,0.03495736047625542
11912,281,0.0829635038971901
11913,281,0.09480702131986618
11914,281,0.13996364176273346
11915,281,0.08113878220319748
11916,281,0.02371629700064659
11917,281,0.07808684557676315
11918,281,0.07564570009708405
11919,281,0.046643033623695374
11920,281,0.13207942247390747
11921,281,0.08932028710842133
11922,281,0.03574008494615555
11923,281,0.13864785432815552
11924,281,0.1376296877861023
11925,281,0.1345222294330597
11926,281,0.026907654479146004
11927,281,0.33703091740608215
11928,281,0.02658458612859249
11929,281,0.0767083466053009
11930,282,0.07931555062532425
11931,282,0.13887806236743927
11932,282,0.09220333397388458
11933,282,0.06939905136823654
11934,282,0.08350721746683121
11935,282,0.19532273709774017
11936,282,0.13508188724517822
11937,282,0.15056189894676208
11938,282,0.06805235147476196
11939,282,0.08232835680246353
11940,282,0.08372648805379868
11941,282,0.08391884714365005
11942,282,0.09250906854867935
11943,282,0.08864499628543854
11944,282,0.025992587208747864
11945,282,0.08677882701158524
11946,283,0.09010839462280273
11947,283,0.024716641753911972
11948,283,0.14377112686634064
11949,283,0.022688649594783783
11950,283,0.08807361125946045
11951,283,0.1432170867919922
11952,283,0.022862020879983902
11953,283,0.1432623565196991
11954,283,0.0170547217130661
11955,283,0.2006767839193344
11956,283,0.07414954900741577
11957,283,0.12068808078765869
11958,283,0.024213941767811775
11959,283,0.09419692307710648
11960,283,0.1999610960483551
11961,283,0.08632373809814453
11962,283,0.13611209392547607
11963,284,0.13550233840942383
11964,284,0.128698468208313
11965,284,0.21713557839393616
11966,284,0.09405727684497833
11967,284,0.07813955098390579
11968,284,0.08322151005268097
11969,284,0.1323430836200714
11970,284,0.08461815118789673
11971,284,0.08763924241065979
11972,284,0.12228057533502579
11973,284,0.04759902507066727
11974,284,0.08953092992305756
11975,284,0.028300952166318893
11976,284,0.028393814340233803
11977,284,0.14446862041950226
11978,284,0.021269550547003746
11979,284,0.028570815920829773
11980,284,0.13770133256912231
11981,284,0.10637759417295456
11982,284,0.018322806805372238
11983,284,0.021796120330691338
11984,284,0.17672017216682434
11985,284,0.07272624224424362
11986,284,0.03765439987182617
11987,284,0.14387360215187073
11988,284,0.032520879060029984
11989,284,0.2442920058965683
11990,284,0.18431416153907776
11991,284,0.18121501803398132
11992,284,0.01980620063841343
11993,284,0.09122921526432037
11994,284,0.150720477104187
11995,284,0.12288595736026764
11996,285,0.09393094480037689
11997,285,0.25385770201683044
11998,285,0.13156792521476746
11999,285,0.2164442539215088
12000,285,0.07963398098945618
12001,285,0.15422089397907257
12002,285,0.15763384103775024
12003,285,0.06893416494131088
12004,285,0.08919575810432434
12005,285,0.2478393018245697
12006,285,0.025759760290384293
12007,285,0.13906173408031464
12008,285,0.22981713712215424
12009,285,0.24206535518169403
12010,285,0.09398972243070602
12011,285,0.0351238027215004
12012,285,0.0322219654917717
12013,285,0.2339761108160019
12014,285,0.028911367058753967
12015,285,0.08096285909414291
12016,285,0.02475198730826378
12017,285,0.026191044598817825
12018,286,0.142583966255188
12019,286,0.024899708107113838
12020,286,0.08562297374010086
12021,286,0.020740147680044174
12022,286,0.04525914043188095
12023,286,0.025899197906255722
12024,286,0.2510470747947693
12025,286,0.08501863479614258
12026,286,0.08563859015703201
12027,287,0.14427141845226288
12028,287,0.05743253231048584
12029,287,0.02045847475528717
12030,287,0.03126898780465126
12031,287,0.06882885098457336
12032,287,0.17567461729049683
12033,287,0.1959020048379898
12034,287,0.029855091124773026
12035,287,0.1443118453025818
12036,287,0.07642137259244919
12037,287,0.14165222644805908
12038,287,0.1361977756023407
12039,287,0.0226574819535017
12040,287,0.23218432068824768
12041,287,0.07416795939207077
12042,287,0.14812695980072021
12043,287,0.1550339311361313
12044,287,0.142084538936615
12045,287,0.13453488051891327
12046,287,0.1448473036289215
12047,287,0.07738953083753586
12048,287,0.24501542747020721
12049,287,0.07132995128631592
12050,287,0.0874800756573677
12051,287,0.11062660068273544
12052,287,0.026659181341528893
12053,287,0.14316152036190033
12054,287,0.02775348536670208
12055,287,0.189764603972435
12056,288,0.03791574761271477
12057,288,0.09161828458309174
12058,288,0.03851491957902908
12059,288,0.14680537581443787
12060,288,0.019734138622879982
12061,288,0.1478918045759201
12062,288,0.027544744312763214
12063,288,0.15787607431411743
12064,288,0.09710919111967087
12065,288,0.14207641780376434
12066,288,0.03053499571979046
12067,288,0.03131866827607155
12068,288,0.1334914267063141
12069,288,0.03997012972831726
12070,288,0.09112578630447388
12071,288,0.08683110028505325
12072,288,0.19605280458927155
12073,288,0.15232041478157043
12074,288,0.14257945120334625
12075,288,0.06915980577468872
12076,288,0.1831841766834259
12077,288,0.03141886368393898
12078,288,0.034386467188596725
12079,288,0.09536628425121307
12080,288,0.1958729326725006
12081,288,0.1745857149362564
12082,289,0.08943159878253937
12083,289,0.02283448353409767
12084,289,0.1313292384147644
12085,289,0.12334415316581726
12086,289,0.19659224152565002
12087,289,0.098624087870121
12088,289,0.05983730033040047
12089,289,0.13657879829406738
12090,289,0.030755257233977318
12091,289,0.01848975382745266
12092,289,0.13154630362987518
12093,289,0.03115481697022915
12094,289,0.0831640213727951
12095,289,0.10130327194929123
12096,289,0.19137655198574066
12097,289,0.021494723856449127
12098,290,0.031070776283740997
12099,290,0.01842156983911991
12100,290,0.07812374830245972
12101,290,0.18997621536254883
12102,290,0.24928179383277893
12103,290,0.14392857253551483
12104,290,0.08701743185520172
12105,290,0.15159350633621216
12106,290,0.1547161340713501
12107,290,0.18132203817367554
12108,290,0.0819869264960289
12109,290,0.07178398221731186
12110,290,0.171533465385437
12111,290,0.07124046981334686
12112,291,0.09523128718137741
12113,291,0.09219802916049957
12114,291,0.08792802691459656
12115,291,0.19805893301963806
12116,291,0.1985597312450409
12117,291,0.05178289860486984
12118,291,0.08941236138343811
12119,291,0.14714175462722778
12120,291,0.022688889876008034
12121,291,0.13401584327220917
12122,292,0.09243965148925781
12123,292,0.03975880891084671
12124,292,0.13105136156082153
12125,292,0.024980483576655388
12126,292,0.21159113943576813
12127,292,0.14070868492126465
12128,292,0.046061549335718155
12129,292,0.260213702917099
12130,293,0.20383884012699127
12131,293,0.14018480479717255
12132,293,0.06748274713754654
12133,293,0.07721464335918427
12134,293,0.15371957421302795
12135,293,0.2477360963821411
12136,293,0.033857908099889755
12137,293,0.19686803221702576
12138,293,0.21182727813720703
12139,293,0.035127926617860794
12140,293,0.08036809414625168
12141,293,0.10061614960432053
12142,293,0.024543561041355133
12143,293,0.0850914791226387
12144,293,0.024238672107458115
12145,294,0.03383099287748337
12146,294,0.09215927124023438
12147,294,0.08075625449419022
12148,294,0.18469727039337158
12149,294,0.13938049972057343
12150,294,0.2557480037212372
12151,294,0.1484018862247467
12152,294,0.11697275191545486
12153,295,0.08564216643571854
12154,295,0.07443878799676895
12155,295,0.0228901244699955
12156,295,0.20074301958084106
12157,295,0.09040437638759613
12158,295,0.08101191371679306
12159,295,0.139020174741745
12160,295,0.08424556255340576
12161,295,0.31742846965789795
12162,295,0.35556715726852417
12163,295,0.15324480831623077
12164,295,0.2223532646894455
12165,295,0.07284587621688843
12166,295,0.17924059927463531
12167,295,0.02525562420487404
12168,295,0.08370763808488846
12169,295,0.0946979895234108
12170,295,0.03309167921543121
12171,296,0.08735227584838867
12172,296,0.03908606991171837
12173,296,0.031367529183626175
12174,296,0.026105493307113647
12175,296,0.13970497250556946
12176,296,0.029239818453788757
12177,296,0.07552362233400345
12178,296,0.11758213490247726
12179,296,0.08701469749212265
12180,296,0.07284744083881378
12181,296,0.023925885558128357
12182,296,0.1397647112607956
12183,296,0.07796870172023773
12184,296,0.033725805580616
12185,296,0.07772709429264069
12186,296,0.1177462488412857
12187,296,0.03250214457511902
12188,296,0.0849694162607193
12189,296,0.03744873031973839
12190,296,0.024496302008628845
12191,296,0.10335345566272736
12192,296,0.026291873306035995
12193,297,0.30703699588775635
12194,297,0.07822683453559875
12195,297,0.08824728429317474
12196,297,0.14325986802577972
12197,297,0.024478457868099213
12198,297,0.024675730615854263
12199,297,0.08382230997085571
12200,297,0.028697744011878967
12201,297,0.21288587152957916
12202,297,0.1385042816400528
12203,297,0.10002680867910385
12204,297,0.012448051944375038
12205,297,0.08176510035991669
12206,297,0.024295059964060783
12207,297,0.09032738953828812
12208,297,0.04844750091433525
12209,298,0.03981434553861618
12210,298,0.02850612998008728
12211,298,0.029640113934874535
12212,298,0.0882173553109169
12213,298,0.0937466099858284
12214,298,0.12910157442092896
12215,298,0.07146972417831421
12216,298,0.09588657319545746
12217,298,0.21781380474567413
12218,298,0.12834692001342773
12219,298,0.11933192610740662
12220,298,0.03317711502313614
12221,298,0.25634896755218506
12222,298,0.02122487686574459
12223,298,0.1542617678642273
12224,298,0.1691390424966812
12225,298,0.07231806218624115
12226,298,0.09502016007900238
12227,298,0.29239654541015625
12228,298,0.11193239688873291
12229,298,0.12507890164852142
12230,298,0.09559599310159683
12231,298,0.15406005084514618
12232,298,0.1503048539161682
12233,298,0.03474275395274162
12234,298,0.25070732831954956
12235,298,0.17921702563762665
12236,298,0.146254301071167
12237,298,0.03880985453724861
12238,298,0.03646092489361763
12239,298,0.13348692655563354
12240,298,0.13490286469459534
12241,298,0.14779864251613617
12242,298,0.20785020291805267
12243,298,0.09718316793441772
12244,298,0.02854488231241703
12245,298,0.2617223262786865
12246,298,0.028691425919532776
12247,299,0.1482904553413391
12248,299,0.17856016755104065
12249,299,0.144252210855484
12250,299,0.08741622418165207
12251,299,0.08017642796039581
12252,299,0.1851862221956253
12253,299,0.16156399250030518
12254,299,0.09158915281295776
12255,299,0.087944895029068
12256,299,0.038526810705661774
12257,299,0.08640825003385544
12258,299,0.02476515620946884
12259,299,0.02050628513097763
12260,299,0.19320493936538696
12261,299,0.09632392972707748
12262,299,0.02420027367770672
12263,299,0.18933254480361938
12264,299,0.08267470449209213
12265,299,0.028691813349723816
12266,299,0.08017118275165558
12267,299,0.08870190382003784
12268,300,0.2395918071269989
12269,300,0.03669038414955139
12270,300,0.14922255277633667
12271,300,0.12884987890720367
12272,300,0.029177455231547356
12273,300,0.14217303693294525
12274,300,0.020654762163758278
12275,300,0.12955838441848755
12276,300,0.0731247216463089
12277,300,0.13185159862041473
12278,300,0.20468170940876007
12279,300,0.14768292009830475
12280,300,0.027565456926822662
12281,300,0.21891719102859497
12282,300,0.142542764544487
12283,300,0.1858464777469635
12284,300,0.09349057078361511
12285,300,0.02956094779074192
12286,300,0.08798874169588089
12287,300,0.1701662242412567
12288,300,0.12900009751319885
12289,300,0.07763086259365082
12290,300,0.08130680024623871
12291,300,0.19519953429698944
12292,300,0.0904715359210968
12293,301,0.11987001448869705
12294,301,0.1327822059392929
12295,301,0.07707513868808746
12296,301,0.1957474797964096
12297,301,0.23607370257377625
12298,301,0.13209041953086853
12299,301,0.07659338414669037
12300,301,0.07474423944950104
12301,301,0.19875594973564148
12302,301,0.12975741922855377
12303,301,0.07947761565446854
12304,301,0.20700719952583313
12305,301,0.14114788174629211
12306,301,0.1368158757686615
12307,301,0.09262040257453918
12308,301,0.029397472739219666
12309,301,0.07276292145252228
12310,302,0.028427550569176674
12311,302,0.02074052393436432
12312,302,0.13687725365161896
12313,302,0.0640876293182373
12314,302,0.03243665024638176
12315,302,0.13443811237812042
12316,302,0.10512241721153259
12317,302,0.08085308223962784
12318,302,0.07467521727085114
12319,302,0.027919160202145576
12320,302,0.1963648647069931
12321,302,0.13062717020511627
12322,302,0.028187952935695648
12323,302,0.2328014075756073
12324,302,0.19165615737438202
12325,302,0.2203758805990219
12326,302,0.0854620710015297
12327,302,0.09493099898099899
12328,302,0.1881164163351059
12329,303,0.12253797054290771
12330,303,0.0399649515748024
12331,303,0.1435200423002243
12332,303,0.13291937112808228
12333,303,0.027005096897482872
12334,303,0.080780528485775
12335,303,0.12592124938964844
12336,303,0.12993718683719635
12337,303,0.09756103157997131
12338,303,0.07971257716417313
12339,303,0.08612050116062164
12340,303,0.0731467455625534
12341,303,0.08249785006046295
12342,303,0.037027757614851
12343,303,0.03130042925477028
12344,303,0.13896453380584717
12345,303,0.07395029067993164
12346,303,0.12501490116119385
12347,303,0.13871337473392487
12348,303,0.15130750834941864
12349,304,0.15425750613212585
12350,304,0.2824855148792267
12351,304,0.14165940880775452
12352,304,0.07197605818510056
12353,304,0.07468245923519135
12354,304,0.0997542291879654
12355,304,0.12332504987716675
12356,304,0.07950130850076675
12357,304,0.03339710831642151
12358,304,0.02779846265912056
12359,304,0.16496790945529938
12360,304,0.04198868200182915
12361,304,0.12615004181861877
12362,304,0.03332939371466637
12363,304,0.0857083722949028
12364,304,0.08742072433233261
12365,304,0.08377747982740402
12366,304,0.02242911048233509
12367,304,0.1375299096107483
12368,304,0.1468326598405838
12369,304,0.1430395543575287
12370,304,0.093865305185318
12371,305,0.13423536717891693
12372,305,0.13989509642124176
12373,305,0.09249810874462128
12374,305,0.23265457153320312
12375,305,0.1394316852092743
12376,305,0.025938604027032852
12377,305,0.14934569597244263
12378,305,0.08623211830854416
12379,305,0.1490369588136673
12380,305,0.03034433349967003
12381,305,0.029199298471212387
12382,305,0.18669983744621277
12383,305,0.23703652620315552
12384,305,0.023737991228699684
12385,305,0.09233111143112183
12386,305,0.03953610360622406
12387,305,0.023029090836644173
12388,305,0.06793200224637985
12389,306,0.07554607838392258
12390,306,0.0296124666929245
12391,306,0.13127955794334412
12392,306,0.0202346034348011
12393,306,0.19991841912269592
12394,306,0.0765032172203064
12395,306,0.08805713802576065
12396,306,0.14736373722553253
12397,306,0.08203698694705963
12398,306,0.0860334113240242
12399,306,0.028834864497184753
12400,306,0.08408434689044952
12401,306,0.10556890070438385
12402,307,0.1861802190542221
12403,307,0.09680281579494476
12404,307,0.1496620923280716
12405,307,0.13420666754245758
12406,307,0.08536131680011749
12407,307,0.09199442714452744
12408,307,0.019823573529720306
12409,307,0.08822988718748093
12410,307,0.147386372089386
12411,307,0.08973094820976257
12412,307,0.13925209641456604
12413,307,0.03625670075416565
12414,307,0.06502121686935425
12415,307,0.18750569224357605
12416,307,0.06742452830076218
12417,307,0.09867359697818756
12418,307,0.03382107987999916
12419,307,0.08068134635686874
12420,307,0.07665850967168808
12421,307,0.02194974571466446
12422,307,0.08323464542627335
12423,308,0.13443104922771454
12424,308,0.1892751008272171
12425,308,0.08105144649744034
12426,308,0.07407917827367783
12427,308,0.14607374370098114
12428,308,0.1426340490579605
12429,308,0.13014529645442963
12430,308,0.1411806344985962
12431,308,0.1519172340631485
12432,308,0.0818553939461708
12433,308,0.20267169177532196
12434,308,0.035482391715049744
12435,308,0.12935812771320343
12436,308,0.07738969475030899
12437,308,0.18656331300735474
12438,308,0.09174907207489014
12439,308,0.09074116498231888
12440,308,0.02589915692806244
12441,308,0.021517500281333923
12442,308,0.22022657096385956
12443,308,0.14028777182102203
12444,308,0.1407456398010254
12445,308,0.14567691087722778
12446,309,0.07264438271522522
12447,309,0.09088604897260666
12448,309,0.20781052112579346
12449,309,0.12843991816043854
12450,309,0.13030144572257996
12451,309,0.08439695835113525
12452,309,0.08265227824449539
12453,309,0.1266792267560959
12454,309,0.12559552490711212
12455,309,0.0830136314034462
12456,309,0.02896372601389885
12457,309,0.17229808866977692
12458,309,0.08837588131427765
12459,309,0.08079575002193451
12460,309,0.13487006723880768
12461,309,0.02535899542272091
12462,309,0.0798477753996849
12463,309,0.20285211503505707
12464,309,0.07794194668531418
12465,309,0.07851111143827438
12466,309,0.027254804968833923
12467,309,0.020590826869010925
12468,310,0.05914825573563576
12469,310,0.1351223587989807
12470,310,0.025203756988048553
12471,310,0.24133582413196564
12472,310,0.13030292093753815
12473,310,0.19217750430107117
12474,310,0.18813475966453552
12475,310,0.07546814531087875
12476,310,0.14433377981185913
12477,310,0.1336933970451355
12478,310,0.13588093221187592
12479,310,0.02273017354309559
12480,310,0.03363468497991562
12481,310,0.09213799238204956
12482,310,0.1480199694633484
12483,310,0.12805292010307312
12484,310,0.1998346894979477
12485,310,0.07387112081050873
12486,310,0.03472987934947014
12487,310,0.19503775238990784
12488,311,0.034369081258773804
12489,311,0.020143579691648483
12490,311,0.13694792985916138
12491,311,0.023819610476493835
12492,311,0.03835340216755867
12493,311,0.10255913436412811
12494,311,0.039019178599119186
12495,311,0.12176305055618286
12496,311,0.08256680518388748
12497,311,0.03568534553050995
12498,311,0.09658320248126984
12499,311,0.03402000665664673
12500,311,0.13561443984508514
12501,311,0.07613430172204971
12502,311,0.023071488365530968
12503,311,0.03928420692682266
12504,311,0.09633798897266388
12505,311,0.09655492007732391
12506,311,0.08655312657356262
12507,311,0.15961338579654694
12508,311,0.047788288444280624
12509,312,0.24343985319137573
12510,312,0.1466980278491974
12511,312,0.08637605607509613
12512,312,0.08977645635604858
12513,312,0.08356346189975739
12514,312,0.20642594993114471
12515,312,0.211893230676651
12516,312,0.0395604744553566
12517,312,0.07967690378427505
12518,312,0.03340129554271698
12519,312,0.08559233695268631
12520,312,0.21005211770534515
12521,312,0.08419211208820343
12522,312,0.24327965080738068
12523,312,0.15108633041381836
12524,312,0.16306506097316742
12525,312,0.026395821943879128
12526,312,0.1490142047405243
12527,312,0.07612413167953491
12528,312,0.2893008589744568
12529,312,0.2125936895608902
12530,312,0.19667315483093262
12531,313,0.0725184753537178
12532,313,0.1360533982515335
12533,313,0.026613978669047356
12534,313,0.14097915589809418
12535,313,0.08069772273302078
12536,313,0.19191545248031616
12537,313,0.09910383075475693
12538,313,0.08143605291843414
12539,313,0.04557306319475174
12540,313,0.09123773127794266
12541,313,0.04580795392394066
12542,313,0.13445210456848145
12543,313,0.23605063557624817
12544,313,0.09625469893217087
12545,313,0.024867823347449303
12546,313,0.13589906692504883
12547,313,0.08743274956941605
12548,313,0.09649024158716202
12549,313,0.0992470383644104
12550,314,0.09831248223781586
12551,314,0.024723362177610397
12552,314,0.03207623213529587
12553,314,0.03277299180626869
12554,314,0.07655005902051926
12555,314,0.03697850927710533
12556,314,0.12877897918224335
12557,314,0.15718646347522736
12558,314,0.09209857881069183
12559,314,0.15786541998386383
12560,314,0.144890695810318
12561,314,0.09164639562368393
12562,314,0.08463423699140549
12563,314,0.10487675666809082
12564,314,0.1439468413591385
12565,314,0.03872847184538841
12566,314,0.19877400994300842
12567,314,0.14481841027736664
12568,314,0.03419491648674011
12569,314,0.0455680675804615
12570,314,0.19317995011806488
12571,314,0.07920555025339127
12572,315,0.03037753328680992
12573,315,0.03103124536573887
12574,315,0.19434963166713715
12575,315,0.14373326301574707
12576,315,0.08705254644155502
12577,315,0.19025632739067078
12578,315,0.03003837913274765
12579,315,0.09167399257421494
12580,315,0.10250192880630493
12581,315,0.08511141687631607
12582,315,0.02363644540309906
12583,315,0.02735123410820961
12584,315,0.19862860441207886
12585,315,0.14061038196086884
12586,315,0.24552065134048462
12587,315,0.13826319575309753
12588,315,0.15678979456424713
12589,315,0.07823185622692108
12590,315,0.036762502044439316
12591,316,0.024974165484309196
12592,316,0.09039010852575302
12593,316,0.07584178447723389
12594,316,0.08631744235754013
12595,316,0.031266193836927414
12596,316,0.13542769849300385
12597,316,0.08188433200120926
12598,316,0.1312989443540573
12599,316,0.08173315227031708
12600,316,0.13267609477043152
12601,316,0.02615516446530819
12602,316,0.07108432054519653
12603,316,0.19605952501296997
12604,316,0.08282756805419922
12605,317,0.09772872924804688
12606,317,0.08022209256887436
12607,317,0.025181174278259277
12608,317,0.07917042821645737
12609,317,0.14970864355564117
12610,317,0.09974612295627594
12611,317,0.09009299427270889
12612,317,0.2757999897003174
12613,317,0.026375774294137955
12614,317,0.08590339124202728
12615,317,0.0941486805677414
12616,317,0.13329409062862396
12617,317,0.027551788836717606
12618,317,0.24683260917663574
12619,317,0.1482262909412384
12620,317,0.028340760618448257
12621,317,0.0829126238822937
12622,318,0.13342233002185822
12623,318,0.216374009847641
12624,318,0.19142748415470123
12625,318,0.08121885359287262
12626,318,0.016133571043610573
12627,318,0.03592180833220482
12628,318,0.02254001796245575
12629,318,0.0835321918129921
12630,318,0.1415882408618927
12631,318,0.0795791894197464
12632,318,0.09006451070308685
12633,318,0.035339467227458954
12634,318,0.08059157431125641
12635,318,0.19233378767967224
12636,318,0.26255106925964355
12637,318,0.09429361671209335
12638,318,0.08739043027162552
12639,319,0.02376878634095192
12640,319,0.03919801861047745
12641,319,0.10823890566825867
12642,319,0.1904657632112503
12643,319,0.08066383004188538
12644,319,0.13882030546665192
12645,319,0.15329059958457947
12646,319,0.08256936073303223
12647,319,0.15569472312927246
12648,319,0.02785055711865425
12649,319,0.08837991207838058
12650,319,0.08359448611736298
12651,319,0.1457824558019638
12652,319,0.035663288086652756
12653,319,0.07475719600915909
12654,319,0.03954467177391052
12655,319,0.20829519629478455
12656,319,0.07745405286550522
12657,319,0.07878546416759491
12658,319,0.08913184702396393
12659,320,0.03745314106345177
12660,320,0.1397070586681366
12661,320,0.08101922273635864
12662,320,0.12578469514846802
12663,320,0.025092463940382004
12664,320,0.028788145631551743
12665,320,0.019353844225406647
12666,320,0.08230414986610413
12667,320,0.0954987108707428
12668,320,0.14747968316078186
12669,320,0.13101573288440704
12670,320,0.022181814536452293
12671,320,0.09886259585618973
12672,320,0.15113982558250427
12673,320,0.08463487029075623
12674,320,0.07649743556976318
12675,320,0.15459609031677246
12676,320,0.1509566307067871
12677,320,0.19399616122245789
12678,320,0.08318347483873367
12679,321,0.021850038319826126
12680,321,0.12982743978500366
12681,321,0.1354011744260788
12682,321,0.1312035173177719
12683,321,0.024797122925519943
12684,321,0.026841051876544952
12685,321,0.08478659391403198
12686,321,0.08481483161449432
12687,321,0.01899852231144905
12688,321,0.16470877826213837
12689,321,0.06326080858707428
12690,321,0.02138565480709076
12691,321,0.09023404121398926
12692,321,0.0932491272687912
12693,321,0.1497173011302948
12694,321,0.1475229412317276
12695,321,0.07645893096923828
12696,321,0.11062923073768616
12697,321,0.1968112289905548
12698,322,0.15604737401008606
12699,322,0.1508205682039261
12700,322,0.07227975130081177
12701,322,0.025901202112436295
12702,322,0.031940266489982605
12703,322,0.03888436779379845
12704,322,0.14239908754825592
12705,322,0.19795197248458862
12706,322,0.13420522212982178
12707,322,0.1331506073474884
12708,322,0.12624967098236084
12709,322,0.14571203291416168
12710,323,0.26806503534317017
12711,323,0.020577240735292435
12712,323,0.1431891769170761
12713,323,0.10724368691444397
12714,323,0.20714420080184937
12715,323,0.2059430181980133
12716,323,0.17880991101264954
12717,323,0.13220198452472687
12718,323,0.18335998058319092
12719,323,0.043374378234148026
12720,323,0.04201357811689377
12721,323,0.1804301142692566
12722,323,0.1958777904510498
12723,323,0.10478410124778748
12724,323,0.03404784947633743
12725,323,0.17567645013332367
12726,323,0.033396556973457336
12727,323,0.02207999862730503
12728,323,0.04288952797651291
12729,323,0.027037151157855988
12730,323,0.08168251812458038
12731,324,0.209143728017807
12732,324,0.02412342093884945
12733,324,0.14632728695869446
12734,324,0.14085759222507477
12735,324,0.03012838587164879
12736,324,0.08159982413053513
12737,324,0.12819375097751617
12738,324,0.13861465454101562
12739,324,0.029341060668230057
12740,324,0.02220802754163742
12741,324,0.1340305060148239
12742,324,0.028692122548818588
12743,324,0.14022429287433624
12744,324,0.13822081685066223
12745,324,0.08872444927692413
12746,324,0.12591329216957092
12747,324,0.07567077875137329
12748,324,0.026729358360171318
12749,324,0.14822909235954285
12750,324,0.07930690795183182
12751,325,0.16061162948608398
12752,325,0.14327114820480347
12753,325,0.0332474485039711
12754,325,0.1446322649717331
12755,325,0.08256276696920395
12756,325,0.14482134580612183
12757,325,0.1393793821334839
12758,325,0.08184179663658142
12759,325,0.07975100725889206
12760,325,0.031782131642103195
12761,325,0.0797257199883461
12762,325,0.028085939586162567
12763,325,0.3780161142349243
12764,325,0.041825685650110245
12765,325,0.15527276694774628
12766,325,0.10442880541086197
12767,325,0.029795587062835693
12768,325,0.04685577005147934
12769,325,0.04415161907672882
12770,325,0.08527937531471252
12771,325,0.13538682460784912
12772,326,0.02616223134100437
12773,326,0.03271959722042084
12774,326,0.08548466861248016
12775,326,0.027040837332606316
12776,326,0.12543676793575287
12777,326,0.028104929253458977
12778,326,0.09291085600852966
12779,326,0.16888271272182465
12780,326,0.07788462936878204
12781,326,0.21009646356105804
12782,326,0.21144507825374603
12783,326,0.24955333769321442
12784,326,0.02258884161710739
12785,326,0.19564442336559296
12786,326,0.08906378597021103
12787,326,0.09026668965816498
12788,326,0.028104178607463837
12789,326,0.2513502836227417
12790,326,0.030797503888607025
12791,327,0.20369789004325867
12792,327,0.07493139058351517
12793,327,0.08483707904815674
12794,327,0.02775472402572632
12795,327,0.12429467588663101
12796,327,0.08114839345216751
12797,327,0.0913403332233429
12798,327,0.12102191150188446
12799,327,0.09471030533313751
12800,327,0.15071213245391846
12801,327,0.03564175218343735
12802,327,0.08736930787563324
12803,327,0.0797329992055893
12804,327,0.03217581659555435
12805,327,0.15369506180286407
12806,327,0.014409471303224564
12807,327,0.09418213367462158
12808,327,0.12792092561721802
12809,327,0.14236344397068024
12810,327,0.06793047487735748
12811,328,0.030967170372605324
12812,328,0.1425001174211502
12813,328,0.19353973865509033
12814,328,0.07634685188531876
12815,328,0.03139297664165497
12816,328,0.028090059757232666
12817,328,0.15011027455329895
12818,328,0.0919245183467865
12819,328,0.08845540136098862
12820,328,0.08007173240184784
12821,328,0.2629203498363495
12822,328,0.08282313495874405
12823,329,0.08075933158397675
12824,329,0.24288029968738556
12825,329,0.07096780091524124
12826,329,0.017487145960330963
12827,329,0.023437930271029472
12828,329,0.31065982580184937
12829,329,0.01791149191558361
12830,329,0.08214032649993896
12831,329,0.09946044534444809
12832,329,0.13137862086296082
12833,329,0.08389590680599213
12834,329,0.13621139526367188
12835,329,0.024685679003596306
12836,329,0.2078009843826294
12837,329,0.031371984630823135
12838,329,0.06446704268455505
12839,329,0.025372127071022987
12840,329,0.2650231122970581
12841,329,0.08827890455722809
12842,329,0.036956969648599625
12843,330,0.08552711457014084
12844,330,0.20832911133766174
12845,330,0.03594473749399185
12846,330,0.09132920205593109
12847,330,0.036613330245018005
12848,330,0.19812892377376556
12849,330,0.13509225845336914
12850,330,0.0925244390964508
12851,330,0.15358377993106842
12852,330,0.15904387831687927
12853,330,0.0817500650882721
12854,330,0.299460232257843
12855,330,0.2215310037136078
12856,330,0.20190763473510742
12857,330,0.0787278562784195
12858,330,0.0321488082408905
12859,330,0.093413345515728
12860,330,0.0847344845533371
12861,330,0.06845875829458237
12862,331,0.2553076446056366
12863,331,0.0804511308670044
12864,331,0.07898502796888351
12865,331,0.12505170702934265
12866,331,0.019186854362487793
12867,331,0.029380615800619125
12868,331,0.1935184895992279
12869,331,0.2540556788444519
12870,331,0.018816344439983368
12871,331,0.08456569910049438
12872,331,0.08388756215572357
12873,331,0.20234927535057068
12874,331,0.3275669515132904
12875,331,0.02096792310476303
12876,331,0.14857526123523712
12877,331,0.1736270785331726
12878,331,0.09327356517314911
12879,331,0.03027099370956421
12880,331,0.1488734930753708
12881,332,0.08460602164268494
12882,332,0.025951752439141273
12883,332,0.06058957800269127
12884,332,0.09996535629034042
12885,332,0.08515991270542145
12886,332,0.2346809208393097
12887,332,0.0962127298116684
12888,332,0.045668825507164
12889,332,0.09318321198225021
12890,332,0.13888593018054962
12891,332,0.02666214108467102
12892,332,0.09189479053020477
12893,333,0.1310119330883026
12894,333,0.08901257812976837
12895,333,0.14051708579063416
12896,333,0.13571199774742126
12897,333,0.1289866864681244
12898,333,0.02391183376312256
12899,333,0.19765624403953552
12900,333,0.1344001293182373
12901,333,0.14075085520744324
12902,333,0.15073329210281372
12903,333,0.01673862338066101
12904,333,0.08116976171731949
12905,333,0.19633354246616364
12906,333,0.18017561733722687
12907,333,0.10292026400566101
12908,333,0.1376582235097885
12909,333,0.26088544726371765
12910,333,0.26076409220695496
12911,333,0.14077918231487274
12912,333,0.07374276220798492
12913,333,0.14831425249576569
12914,333,0.19690224528312683
12915,333,0.03332404047250748
12916,333,0.1947808861732483
12917,334,0.028086991980671883
12918,334,0.08433352410793304
12919,334,0.09316466003656387
12920,334,0.02557838335633278
12921,334,0.195021390914917
12922,334,0.13789966702461243
12923,334,0.09472768008708954
12924,334,0.019605712965130806
12925,334,0.21291936933994293
12926,334,0.0954081118106842
12927,334,0.14508382976055145
12928,334,0.07563270628452301
12929,334,0.024990156292915344
12930,334,0.13684305548667908
12931,334,0.09598654508590698
12932,334,0.17840982973575592
12933,334,0.026844576001167297
12934,334,0.09146468341350555
12935,334,0.0868103951215744
12936,334,0.031613800674676895
12937,335,0.24759355187416077
12938,335,0.13833655416965485
12939,335,0.2542392313480377
12940,335,0.08327650278806686
12941,335,0.09741006791591644
12942,335,0.1588803082704544
12943,335,0.03148441016674042
12944,335,0.15613672137260437
12945,335,0.08180062472820282
12946,335,0.018511302769184113
12947,335,0.08755786716938019
12948,336,0.03627138212323189
12949,336,0.2607526183128357
12950,336,0.14875607192516327
12951,336,0.08444400131702423
12952,336,0.1407681703567505
12953,336,0.14903868734836578
12954,336,0.14653776586055756
12955,336,0.03261127322912216
12956,336,0.24431748688220978
12957,336,0.14917440712451935
12958,336,0.09360848367214203
12959,336,0.13556331396102905
12960,336,0.13567698001861572
12961,336,0.1479082703590393
12962,336,0.0320095457136631
12963,336,0.07389649748802185
12964,336,0.1446317732334137
12965,336,0.07875668257474899
12966,336,0.14063385128974915
12967,336,0.3652736246585846
12968,336,0.21350762248039246
12969,336,0.12629880011081696
12970,337,0.08214982599020004
12971,337,0.07800620049238205
12972,337,0.14226476848125458
12973,337,0.08563650399446487
12974,337,0.0932769924402237
12975,337,0.14869540929794312
12976,337,0.08417771011590958
12977,337,0.020927852019667625
12978,337,0.0894499123096466
12979,337,0.14867201447486877
12980,337,0.11865346878767014
12981,337,0.14437665045261383
12982,337,0.15220391750335693
12983,337,0.1303965151309967
12984,337,0.033678971230983734
12985,337,0.07755142450332642
12986,337,0.08279066532850266
12987,337,0.042897969484329224
12988,337,0.19011947512626648
12989,337,0.039029963314533234
12990,337,0.14588713645935059
12991,338,0.029745817184448242
12992,338,0.09055020660161972
12993,338,0.08897912502288818
12994,338,0.06532378494739532
12995,338,0.12833645939826965
12996,338,0.07270771265029907
12997,338,0.086851105093956
12998,338,0.11788967251777649
12999,338,0.146892711520195
13000,338,0.02357396110892296
13001,338,0.08279792964458466
13002,338,0.15489383041858673
13003,338,0.024189839139580727
13004,338,0.19004619121551514
13005,338,0.031084392219781876
13006,338,0.07217761129140854
13007,338,0.15279287099838257
13008,338,0.041761353611946106
13009,338,0.09712167829275131
13010,338,0.12915554642677307
13011,338,0.08859091997146606
13012,339,0.13815486431121826
13013,339,0.08518385142087936
13014,339,0.09159334748983383
13015,339,0.09228340536355972
13016,339,0.09314288944005966
13017,339,0.039631374180316925
13018,339,0.015712792053818703
13019,339,0.149796724319458
13020,339,0.14612415432929993
13021,339,0.14058563113212585
13022,339,0.021501008421182632
13023,339,0.029310431331396103
13024,340,0.08583865314722061
13025,340,0.0832626149058342
13026,340,0.281072735786438
13027,340,0.04600665345788002
13028,340,0.10048209130764008
13029,340,0.01748405396938324
13030,340,0.08816692233085632
13031,340,0.08678121119737625
13032,340,0.09138160943984985
13033,340,0.030146481469273567
13034,340,0.33566662669181824
13035,340,0.0288868248462677
13036,340,0.19317172467708588
13037,340,0.07507684826850891
13038,340,0.08003563433885574
13039,340,0.07433334738016129
13040,340,0.10876244306564331
13041,340,0.033393215388059616
13042,340,0.08680668473243713
13043,341,0.0903158187866211
13044,341,0.07985574752092361
13045,341,0.08868416398763657
13046,341,0.0783122181892395
13047,341,0.021475017070770264
13048,341,0.09219399094581604
13049,341,0.0824483335018158
13050,341,0.14420543611049652
13051,341,0.17132538557052612
13052,341,0.03053937666118145
13053,341,0.028164586052298546
13054,341,0.08346040546894073
13055,341,0.2573074698448181
13056,342,0.08491402119398117
13057,342,0.045749127864837646
13058,342,0.021320722997188568
13059,342,0.09111138433218002
13060,342,0.15105672180652618
13061,342,0.02896924689412117
13062,342,0.21977293491363525
13063,342,0.023807451128959656
13064,342,0.2064216285943985
13065,342,0.0828867256641388
13066,342,0.09141402691602707
13067,342,0.32346251606941223
13068,342,0.07585325837135315
13069,342,0.09498149901628494
13070,342,0.09189022332429886
13071,342,0.14426995813846588
13072,342,0.18535107374191284
13073,342,0.02634258195757866
13074,342,0.08334522694349289
13075,342,0.07361991703510284
13076,342,0.037978965789079666
13077,342,0.08371556550264359
13078,343,0.14562851190567017
13079,343,0.14018575847148895
13080,343,0.2045135796070099
13081,343,0.20852847397327423
13082,343,0.13715888559818268
13083,343,0.20526716113090515
13084,343,0.14717096090316772
13085,343,0.09066896885633469
13086,343,0.02771773189306259
13087,343,0.08891963958740234
13088,343,0.026481740176677704
13089,343,0.1404489427804947
13090,343,0.38141930103302
13091,343,0.1863173395395279
13092,343,0.13857604563236237
13093,343,0.10471794754266739
13094,343,0.09272920340299606
13095,343,0.14114494621753693
13096,343,0.0918288603425026
13097,343,0.14479327201843262
13098,344,0.2143416851758957
13099,344,0.1477329432964325
13100,344,0.26191985607147217
13101,344,0.08430193364620209
13102,344,0.027185091748833656
13103,344,0.03717990219593048
13104,344,0.213913232088089
13105,344,0.22647978365421295
13106,344,0.13567672669887543
13107,344,0.03660937026143074
13108,344,0.19707737863063812
13109,344,0.07670211791992188
13110,344,0.09911724179983139
13111,345,0.15010012686252594
13112,345,0.09437864273786545
13113,345,0.08245979994535446
13114,345,0.07959035038948059
13115,345,0.20548267662525177
13116,345,0.14977630972862244
13117,345,0.19211474061012268
13118,345,0.187731072306633
13119,345,0.32060742378234863
13120,345,0.14384017884731293
13121,345,0.2101086676120758
13122,345,0.028345368802547455
13123,345,0.1455003172159195
13124,346,0.14406061172485352
13125,346,0.09749127179384232
13126,346,0.09634815156459808
13127,346,0.07675337046384811
13128,346,0.03368687629699707
13129,346,0.13387419283390045
13130,346,0.14763933420181274
13131,346,0.015818167477846146
13132,346,0.01992020383477211
13133,346,0.15725894272327423
13134,346,0.09774814546108246
13135,346,0.02984151989221573
13136,346,0.017940444871783257
13137,346,0.08548581600189209
13138,346,0.02511325478553772
13139,346,0.10057608038187027
13140,346,0.014536448754370213
13141,346,0.20663145184516907
13142,346,0.14591939747333527
13143,346,0.08072131127119064
13144,346,0.15378934144973755
13145,346,0.023105312138795853
13146,347,0.06908105313777924
13147,347,0.05692664161324501
13148,347,0.14731822907924652
13149,347,0.19697344303131104
13150,347,0.14752312004566193
13151,347,0.1445055603981018
13152,347,0.14134877920150757
13153,347,0.08710829168558121
13154,347,0.09552779793739319
13155,347,0.028794294223189354
13156,347,0.1348302811384201
13157,347,0.14403799176216125
13158,347,0.08132876455783844
13159,347,0.08681236952543259
13160,347,0.09485794603824615
13161,347,0.08268362283706665
13162,347,0.03382318466901779
13163,347,0.026024548336863518
13164,348,0.017065545544028282
13165,348,0.025202352553606033
13166,348,0.2070894092321396
13167,348,0.08046911656856537
13168,348,0.09425874054431915
13169,348,0.29940831661224365
13170,348,0.09192192554473877
13171,348,0.1420053094625473
13172,348,0.2152571678161621
13173,348,0.03366036340594292
13174,348,0.09570717811584473
13175,348,0.25301408767700195
13176,348,0.03647633641958237
13177,348,0.09223680198192596
13178,348,0.27349668741226196
13179,348,0.1491723507642746
13180,348,0.08968833088874817
13181,348,0.08465801179409027
13182,348,0.1481105536222458
13183,348,0.21214796602725983
13184,348,0.2198830246925354
13185,348,0.08463673293590546
13186,349,0.026229631155729294
13187,349,0.07560274004936218
13188,349,0.142613023519516
13189,349,0.08094818145036697
13190,349,0.15023379027843475
13191,349,0.15263614058494568
13192,349,0.18783535063266754
13193,349,0.14977692067623138
13194,349,0.1940012276172638
13195,349,0.08530641347169876
13196,349,0.09526493400335312
13197,349,0.14300432801246643
13198,349,0.14791350066661835
13199,349,0.08799726516008377
13200,349,0.09675402194261551
13201,349,0.07805276662111282
13202,350,0.07930296659469604
13203,350,0.21388383209705353
13204,350,0.10291489958763123
13205,350,0.024218006059527397
13206,350,0.27090951800346375
13207,350,0.08511529862880707
13208,350,0.21259430050849915
13209,350,0.18912091851234436
13210,350,0.2711525559425354
13211,350,0.024086998775601387
13212,350,0.1937476247549057
13213,350,0.08496006578207016
13214,350,0.09885406494140625
13215,350,0.15247565507888794
13216,350,0.08282089233398438
13217,350,0.16455049812793732
13218,350,0.029031654819846153
13219,350,0.14488643407821655
13220,350,0.04057784378528595
13221,351,0.2232358753681183
13222,351,0.14771433174610138
13223,351,0.08030100911855698
13224,351,0.03554480895400047
13225,351,0.08511120080947876
13226,351,0.030336838215589523
13227,351,0.12594236433506012
13228,351,0.030708348378539085
13229,351,0.10077587515115738
13230,351,0.020825263112783432
13231,351,0.09187827259302139
13232,351,0.2513422667980194
13233,351,0.14353905618190765
13234,351,0.09422608464956284
13235,351,0.26962509751319885
13236,351,0.0980546772480011
13237,352,0.09315094351768494
13238,352,0.0248798169195652
13239,352,0.15199841558933258
13240,352,0.20427943766117096
13241,352,0.1549101173877716
13242,352,0.08291689306497574
13243,352,0.07482174783945084
13244,352,0.1654975414276123
13245,352,0.031377341598272324
13246,352,0.08065491169691086
13247,352,0.21219009160995483
13248,352,0.2675256133079529
13249,352,0.02336113154888153
13250,352,0.089363694190979
13251,352,0.14214380085468292
13252,352,0.09291734546422958
13253,352,0.1509789228439331
13254,352,0.20842763781547546
13255,352,0.09030561149120331
13256,352,0.14205613732337952
13257,353,0.08843347430229187
13258,353,0.09837717562913895
13259,353,0.036822520196437836
13260,353,0.01783355325460434
13261,353,0.08423823118209839
13262,353,0.020477846264839172
13263,353,0.13412567973136902
13264,353,0.2561206817626953
13265,353,0.03326699137687683
13266,353,0.21094481647014618
13267,353,0.08834435045719147
13268,353,0.020579643547534943
13269,353,0.08430185168981552
13270,353,0.21326574683189392
13271,353,0.20531240105628967
13272,353,0.0988224521279335
13273,353,0.028147771954536438
13274,353,0.14707842469215393
13275,354,0.16201916337013245
13276,354,0.1485089808702469
13277,354,0.1075124517083168
13278,354,0.20878258347511292
13279,354,0.2368089258670807
13280,354,0.023656802251935005
13281,354,0.026735713705420494
13282,354,0.14496853947639465
13283,354,0.07854332029819489
13284,354,0.21262168884277344
13285,354,0.0850919708609581
13286,355,0.21026048064231873
13287,355,0.10609336942434311
13288,355,0.025616150349378586
13289,355,0.022291766479611397
13290,355,0.08209993690252304
13291,355,0.024008197709918022
13292,355,0.02207026444375515
13293,355,0.07956667244434357
13294,355,0.16370317339897156
13295,355,0.09315809607505798
13296,355,0.12834669649600983
13297,355,0.14452150464057922
13298,355,0.08452271670103073
13299,355,0.1304275095462799
13300,355,0.09249357879161835
13301,356,0.017910238355398178
13302,356,0.09282826632261276
13303,356,0.03566797450184822
13304,356,0.14676423370838165
13305,356,0.03140367567539215
13306,356,0.1371830254793167
13307,356,0.21180002391338348
13308,356,0.21644359827041626
13309,356,0.08064065128564835
13310,356,0.1560576856136322
13311,356,0.09458717703819275
13312,356,0.14920936524868011
13313,356,0.1546678990125656
13314,357,0.08149650692939758
13315,357,0.08707883208990097
13316,357,0.19483759999275208
13317,357,0.14751774072647095
13318,357,0.2671061158180237
13319,357,0.13765758275985718
13320,357,0.08386452496051788
13321,357,0.21058347821235657
13322,357,0.27145883440971375
13323,357,0.1460341066122055
13324,357,0.14671796560287476
13325,357,0.039005059748888016
13326,357,0.21703580021858215
13327,357,0.07756659388542175
13328,357,0.27948957681655884
13329,357,0.1480730026960373
13330,357,0.13555750250816345
13331,357,0.1601700335741043
13332,357,0.03071882762014866
13333,357,0.17846058309078217
13334,357,0.22302797436714172
13335,357,0.019903015345335007
13336,358,0.129365012049675
13337,358,0.21901655197143555
13338,358,0.26103371381759644
13339,358,0.10273819416761398
13340,358,0.02768796682357788
13341,358,0.20675070583820343
13342,358,0.1406572461128235
13343,358,0.21459834277629852
13344,358,0.1545758843421936
13345,358,0.08769851177930832
13346,358,0.12771421670913696
13347,358,0.212325781583786
13348,358,0.15371908247470856
13349,359,0.13269813358783722
13350,359,0.07393543422222137
13351,359,0.08276744186878204
13352,359,0.09409762918949127
13353,359,0.09201786667108536
13354,359,0.02502765692770481
13355,359,0.03108886629343033
13356,359,0.09462176263332367
13357,359,0.21267837285995483
13358,359,0.0964961126446724
13359,359,0.031071195378899574
13360,360,0.15517449378967285
13361,360,0.025600243359804153
13362,360,0.32052406668663025
13363,360,0.21232354640960693
13364,360,0.09156446903944016
13365,360,0.19426077604293823
13366,360,0.14460431039333344
13367,360,0.025899415835738182
13368,360,0.11463474482297897
13369,360,0.02164478600025177
13370,360,0.14051933586597443
13371,360,0.15004868805408478
13372,360,0.17591266334056854
13373,360,0.09067187458276749
13374,360,0.20046046376228333
13375,360,0.09063678979873657
13376,360,0.06675879657268524
13377,360,0.10785074532032013
13378,360,0.23617270588874817
13379,360,0.027592428028583527
13380,360,0.026619812473654747
13381,361,0.07068896293640137
13382,361,0.13718795776367188
13383,361,0.14220863580703735
13384,361,0.1470174342393875
13385,361,0.09058210998773575
13386,361,0.13977932929992676
13387,361,0.10786738246679306
13388,361,0.08994446694850922
13389,361,0.15396098792552948
13390,361,0.08646592497825623
13391,361,0.2675865590572357
13392,361,0.07738368213176727
13393,361,0.08141487091779709
13394,362,0.08681981265544891
13395,362,0.14997054636478424
13396,362,0.035370122641325
13397,362,0.1667858213186264
13398,362,0.2607167363166809
13399,362,0.15256302058696747
13400,362,0.03387852758169174
13401,362,0.1359441578388214
13402,362,0.09310956299304962
13403,362,0.1489866077899933
13404,362,0.07907705008983612
13405,362,0.08050557225942612
13406,362,0.21412521600723267
13407,362,0.13173708319664001
13408,362,0.08707967400550842
13409,362,0.09140145033597946
13410,362,0.12154671549797058
13411,362,0.02401583269238472
13412,362,0.02010330557823181
13413,362,0.1380915641784668
13414,362,0.1628168374300003
13415,363,0.039844103157520294
13416,363,0.32074156403541565
13417,363,0.025972291827201843
13418,363,0.08576083183288574
13419,363,0.16248783469200134
13420,363,0.2108616828918457
13421,363,0.017419621348381042
13422,363,0.07985984534025192
13423,363,0.2706814706325531
13424,363,0.08671349287033081
13425,363,0.2807144224643707
13426,363,0.03457193821668625
13427,363,0.020946061238646507
13428,363,0.09337320178747177
13429,363,0.1988667994737625
13430,363,0.09835944324731827
13431,363,0.09947714954614639
13432,363,0.03637390211224556
13433,363,0.1482357233762741
13434,363,0.08749755471944809
13435,363,0.08832565695047379
13436,364,0.19321706891059875
13437,364,0.14813530445098877
13438,364,0.028832511976361275
13439,364,0.030515355989336967
13440,364,0.0867079570889473
13441,364,0.013378224335610867
13442,364,0.2278648316860199
13443,364,0.09453894197940826
13444,364,0.1481897532939911
13445,364,0.09313836693763733
13446,364,0.215223491191864
13447,364,0.19914047420024872
13448,364,0.08542825281620026
13449,364,0.11390158534049988
13450,364,0.15610051155090332
13451,364,0.19316847622394562
13452,364,0.03746717423200607
13453,364,0.0282425656914711
13454,364,0.03297027572989464
13455,364,0.028276676312088966
13456,364,0.14284197986125946
13457,364,0.021823830902576447
13458,364,0.020613329485058784
13459,364,0.1474461704492569
13460,364,0.13878512382507324
13461,364,0.13860975205898285
13462,365,0.27243852615356445
13463,365,0.259625107049942
13464,365,0.21181632578372955
13465,365,0.14758683741092682
13466,365,0.251012921333313
13467,365,0.17779052257537842
13468,365,0.019752852618694305
13469,365,0.15443968772888184
13470,365,0.1301482766866684
13471,365,0.15118494629859924
13472,365,0.14408178627490997
13473,365,0.07744310796260834
13474,365,0.08456818759441376
13475,365,0.08676675707101822
13476,365,0.08889491111040115
13477,365,0.1665104776620865
13478,365,0.18978460133075714
13479,365,0.09416929632425308
13480,365,0.06420746445655823
13481,365,0.13680703938007355
13482,366,0.15094353258609772
13483,366,0.07852286100387573
13484,366,0.0968516618013382
13485,366,0.19148407876491547
13486,366,0.18992628157138824
13487,366,0.09274346381425858
13488,366,0.13348163664340973
13489,366,0.10491874068975449
13490,366,0.026140626519918442
13491,366,0.09310656785964966
13492,366,0.08282683044672012
13493,366,0.32410651445388794
13494,366,0.20502540469169617
13495,366,0.08205156773328781
13496,366,0.07575225830078125
13497,367,0.08190546184778214
13498,367,0.16028983891010284
13499,367,0.0931902825832367
13500,367,0.15631575882434845
13501,367,0.0983094796538353
13502,367,0.2717836797237396
13503,367,0.021259460598230362
13504,367,0.027154920622706413
13505,367,0.08800645172595978
13506,367,0.08464626222848892
13507,367,0.07993117719888687
13508,368,0.14602866768836975
13509,368,0.029043611139059067
13510,368,0.03904714435338974
13511,368,0.08714345097541809
13512,368,0.07726982235908508
13513,368,0.20222829282283783
13514,368,0.09522790461778641
13515,368,0.092543825507164
13516,368,0.08322585374116898
13517,368,0.14026528596878052
13518,368,0.13597147166728973
13519,368,0.14059284329414368
13520,368,0.3096364140510559
13521,369,0.12931329011917114
13522,369,0.14277978241443634
13523,369,0.08005348592996597
13524,369,0.07604429870843887
13525,369,0.0821605920791626
13526,369,0.027906926348805428
13527,369,0.14640729129314423
13528,369,0.1470353752374649
13529,370,0.1375221461057663
13530,370,0.14869816601276398
13531,370,0.13589832186698914
13532,370,0.019249336794018745
13533,370,0.04836500063538551
13534,370,0.08387333154678345
13535,370,0.022556990385055542
13536,370,0.08837145566940308
13537,370,0.028199268504977226
13538,370,0.15532462298870087
13539,370,0.09126298129558563
13540,370,0.2674298584461212
13541,370,0.14787884056568146
13542,370,0.08384919911623001
13543,370,0.09061077982187271
13544,370,0.024627195671200752
13545,370,0.15020479261875153
13546,370,0.08972150087356567
13547,371,0.02445579506456852
13548,371,0.0702224150300026
13549,371,0.024936724454164505
13550,371,0.14059756696224213
13551,371,0.21203309297561646
13552,371,0.14833444356918335
13553,371,0.0854983776807785
13554,371,0.07804235070943832
13555,371,0.08415233343839645
13556,371,0.1312638521194458
13557,371,0.08736421912908554
13558,371,0.033423371613025665
13559,371,0.0827266052365303
13560,372,0.09386489540338516
13561,372,0.21387317776679993
13562,372,0.07482381910085678
13563,372,0.20684601366519928
13564,372,0.08716296404600143
13565,372,0.02343546226620674
13566,372,0.08786063641309738
13567,372,0.08438633382320404
13568,372,0.0842001810669899
13569,372,0.138974130153656
13570,372,0.019045371562242508
13571,373,0.15079569816589355
13572,373,0.15763965249061584
13573,373,0.028220849111676216
13574,373,0.0940065085887909
13575,373,0.15394426882266998
13576,373,0.25491416454315186
13577,373,0.14749091863632202
13578,373,0.03688190132379532
13579,373,0.1440582424402237
13580,373,0.1993204951286316
13581,373,0.08562290668487549
13582,373,0.20631305873394012
13583,373,0.08756636828184128
13584,373,0.017680656164884567
13585,373,0.13846853375434875
13586,373,0.20243032276630402
13587,373,0.21210336685180664
13588,373,0.03708095848560333
13589,373,0.0806865245103836
13590,373,0.15545234084129333
13591,373,0.04068979248404503
13592,373,0.1571682095527649
13593,374,0.03607599437236786
13594,374,0.27020105719566345
13595,374,0.07653993368148804
13596,374,0.14257214963436127
13597,374,0.03036104515194893
13598,374,0.20571786165237427
13599,374,0.02850497141480446
13600,374,0.22062240540981293
13601,374,0.030248455703258514
13602,374,0.09165483713150024
13603,374,0.13284188508987427
13604,374,0.09505081176757812
13605,374,0.19068801403045654
13606,374,0.09809517860412598
13607,375,0.02628420852124691
13608,375,0.07456891238689423
13609,375,0.16247080266475677
13610,375,0.08556310087442398
13611,375,0.15428434312343597
13612,375,0.05542387068271637
13613,375,0.07474160939455032
13614,375,0.16021789610385895
13615,375,0.020710844546556473
13616,375,0.0861203521490097
13617,375,0.019626334309577942
13618,375,0.34501171112060547
13619,375,0.2532268464565277
13620,375,0.08286898583173752
13621,375,0.227529838681221
13622,375,0.2306584119796753
13623,375,0.09026870131492615
13624,375,0.08831173181533813
13625,375,0.20442979037761688
13626,375,0.17025238275527954
13627,376,0.02963150478899479
13628,376,0.2076982855796814
13629,376,0.22486744821071625
13630,376,0.11097139120101929
13631,376,0.03324584290385246
13632,376,0.09773727506399155
13633,376,0.1806270033121109
13634,376,0.08473535627126694
13635,376,0.13927991688251495
13636,376,0.04478985816240311
13637,376,0.10327937453985214
13638,376,0.01721925660967827
13639,376,0.022960469126701355
13640,376,0.2179398238658905
13641,376,0.09323680400848389
13642,376,0.14946585893630981
13643,376,0.14201872050762177
13644,376,0.10233631730079651
13645,376,0.1524905264377594
13646,376,0.14408501982688904
13647,376,0.03431655466556549
13648,377,0.2129599153995514
13649,377,0.0297832190990448
13650,377,0.13984200358390808
13651,377,0.09011233597993851
13652,377,0.14181749522686005
13653,377,0.10612086206674576
13654,377,0.20989824831485748
13655,377,0.19719266891479492
13656,377,0.08750142902135849
13657,377,0.1464940905570984
13658,377,0.14492610096931458
13659,377,0.13943853974342346
13660,377,0.08869978785514832
13661,377,0.21043750643730164
13662,377,0.04736835137009621
13663,377,0.08250418305397034
13664,377,0.026242682710289955
13665,377,0.21815438568592072
13666,377,0.2005925178527832
13667,378,0.09189711511135101
13668,378,0.1448061168193817
13669,378,0.029871182516217232
13670,378,0.2115546464920044
13671,378,0.030076928436756134
13672,378,0.14130540192127228
13673,378,0.33371633291244507
13674,378,0.08821352571249008
13675,378,0.14341290295124054
13676,378,0.07847576588392258
13677,378,0.20218798518180847
13678,378,0.27636897563934326
13679,378,0.13200998306274414
13680,378,0.25701165199279785
13681,378,0.08315574377775192
13682,378,0.040523916482925415
13683,378,0.0912352055311203
13684,378,0.02836311049759388
13685,378,0.09485667198896408
13686,378,0.09663041681051254
13687,378,0.027816884219646454
13688,378,0.07648641616106033
13689,379,0.21113096177577972
13690,379,0.08998335152864456
13691,379,0.030253447592258453
13692,379,0.08292976021766663
13693,379,0.08438795804977417
13694,379,0.3306617736816406
13695,379,0.09358658641576767
13696,379,0.20559369027614594
13697,380,0.3972391188144684
13698,380,0.03150587156414986
13699,380,0.09323889017105103
13700,380,0.09251466393470764
13701,380,0.13282756507396698
13702,380,0.0311689805239439
13703,380,0.146050825715065
13704,380,0.10641148686408997
13705,381,0.07855668663978577
13706,381,0.15901704132556915
13707,381,0.1425732970237732
13708,381,0.0797763392329216
13709,381,0.2018362283706665
13710,381,0.08148479461669922
13711,381,0.03238176181912422
13712,381,0.09554396569728851
13713,381,0.02617674693465233
13714,381,0.16567035019397736
13715,381,0.07167483866214752
13716,381,0.15970760583877563
13717,381,0.025261852890253067
13718,381,0.07609983533620834
13719,381,0.08217768371105194
13720,381,0.24185295403003693
13721,381,0.21605738997459412
13722,381,0.13098257780075073
13723,382,0.1259082853794098
13724,382,0.15653008222579956
13725,382,0.08522932976484299
13726,382,0.1057606041431427
13727,382,0.20508918166160583
13728,382,0.15799236297607422
13729,382,0.13731086254119873
13730,382,0.07545915991067886
13731,382,0.08566610515117645
13732,382,0.02316242642700672
13733,382,0.08764825016260147
13734,382,0.2646283209323883
13735,382,0.16025258600711823
13736,382,0.1500675231218338
13737,383,0.16055557131767273
13738,383,0.03247031196951866
13739,383,0.08437717705965042
13740,383,0.09251854568719864
13741,383,0.017594113945961
13742,383,0.20099465548992157
13743,383,0.08088049292564392
13744,383,0.19794601202011108
13745,383,0.08211228996515274
13746,383,0.07646811008453369
13747,383,0.08273349702358246
13748,383,0.08577064424753189
13749,383,0.08711405098438263
13750,383,0.22273029386997223
13751,383,0.026491189375519753
13752,383,0.15680213272571564
13753,383,0.10023364424705505
13754,383,0.2280993014574051
13755,383,0.025949986651539803
13756,383,0.08463826775550842
13757,383,0.30065324902534485
13758,383,0.08753125369548798
13759,383,0.02535093016922474
13760,384,0.1321980506181717
13761,384,0.16067230701446533
13762,384,0.14082485437393188
13763,384,0.027822621166706085
13764,384,0.330949991941452
13765,384,0.14724840223789215
13766,384,0.027512764558196068
13767,384,0.08362264931201935
13768,384,0.09379244595766068
13769,384,0.21695853769779205
13770,384,0.08368539065122604
13771,384,0.09146872162818909
13772,384,0.16762371361255646
13773,384,0.08157479763031006
13774,384,0.09696239978075027
13775,384,0.08537042886018753
13776,384,0.07818222790956497
13777,384,0.16175535321235657
13778,384,0.08838944882154465
13779,384,0.28038379549980164
13780,384,0.02506547048687935
13781,384,0.033834975212812424
13782,384,0.0889785960316658
13783,385,0.09109506011009216
13784,385,0.1059919074177742
13785,385,0.20408202707767487
13786,385,0.02750229462981224
13787,385,0.032452985644340515
13788,385,0.15578079223632812
13789,385,0.14827857911586761
13790,385,0.14088879525661469
13791,385,0.08968570828437805
13792,385,0.21969401836395264
13793,385,0.15105362236499786
13794,386,0.08292136341333389
13795,386,0.04808012768626213
13796,386,0.08973986655473709
13797,386,0.092275470495224
13798,386,0.0931967943906784
13799,386,0.2200002670288086
13800,386,0.1347057819366455
13801,386,0.14256854355335236
13802,386,0.07084784656763077
13803,386,0.07697851955890656
13804,386,0.024756841361522675
13805,386,0.13260851800441742
13806,386,0.18877632915973663
13807,386,0.08150653541088104
13808,386,0.07656547427177429
13809,386,0.03438612073659897
13810,386,0.08544549345970154
13811,386,0.0953993871808052
13812,386,0.07644500583410263
13813,386,0.09633739292621613
13814,387,0.08559305965900421
13815,387,0.023784006014466286
13816,387,0.21336546540260315
13817,387,0.09559158235788345
13818,387,0.11703334748744965
13819,387,0.09399875998497009
13820,387,0.22759810090065002
13821,387,0.2040046751499176
13822,387,0.08474814146757126
13823,387,0.32258370518684387
13824,387,0.08736555278301239
13825,387,0.15468142926692963
13826,387,0.08854970335960388
13827,387,0.16342726349830627
13828,387,0.032696280628442764
13829,387,0.062000662088394165
13830,387,0.15272946655750275
13831,387,0.2930740714073181
13832,387,0.09781553596258163
13833,387,0.15745870769023895
13834,387,0.2714847922325134
13835,387,0.20808254182338715
13836,387,0.2451186180114746
13837,387,0.1514429748058319
13838,387,0.030902748927474022
13839,387,0.08930525928735733
13840,387,0.09445404261350632
13841,388,0.09032757580280304
13842,388,0.023195911198854446
13843,388,0.09126332402229309
13844,388,0.028108708560466766
13845,388,0.03391513228416443
13846,388,0.15325281023979187
13847,388,0.03685874491930008
13848,388,0.018779508769512177
13849,388,0.15788623690605164
13850,388,0.07730431854724884
13851,388,0.10101606696844101
13852,388,0.15168359875679016
13853,388,0.02674696408212185
13854,388,0.1554037481546402
13855,388,0.2158970832824707
13856,388,0.02877429500222206
13857,388,0.09289111196994781
13858,388,0.1561371088027954
13859,388,0.03600088879466057
13860,389,0.11284685134887695
13861,389,0.15043632686138153
13862,389,0.15480157732963562
13863,389,0.0206799004226923
13864,389,0.2287146896123886
13865,389,0.08746052533388138
13866,389,0.283590167760849
13867,389,0.030675023794174194
13868,389,0.22526603937149048
13869,389,0.21617691218852997
13870,389,0.3289220631122589
13871,389,0.022319914773106575
13872,389,0.13283537328243256
13873,389,0.08788899332284927
13874,389,0.20662906765937805
13875,389,0.27387213706970215
13876,389,0.08829822391271591
13877,389,0.1479811817407608
13878,389,0.08618640154600143
13879,389,0.0898982435464859
13880,389,0.09524168074131012
13881,389,0.0889006182551384
13882,389,0.08240906894207001
13883,389,0.2087746411561966
13884,389,0.2005978524684906
13885,390,0.09651464968919754
13886,390,0.2071986198425293
13887,390,0.2113139033317566
13888,390,0.4231952130794525
13889,390,0.022001147270202637
13890,390,0.21546600759029388
13891,390,0.07703495770692825
13892,390,0.03225892782211304
13893,391,0.2120540738105774
13894,391,0.10140969604253769
13895,391,0.021940704435110092
13896,391,0.14458715915679932
13897,391,0.023692583665251732
13898,391,0.07565657794475555
13899,391,0.21932466328144073
13900,391,0.14102044701576233
13901,391,0.08703816682100296
13902,391,0.21864400804042816
13903,391,0.08667415380477905
13904,391,0.019974451512098312
13905,391,0.0769142210483551
13906,391,0.1440330147743225
13907,391,0.20512282848358154
13908,391,0.09071669727563858
13909,391,0.2805697023868561
13910,391,0.02152816392481327
13911,391,0.1465296745300293
13912,391,0.28287646174430847
13913,391,0.13552013039588928
13914,391,0.22084833681583405
13915,392,0.2218494415283203
13916,392,0.041006505489349365
13917,392,0.09613412618637085
13918,392,0.08765019476413727
13919,392,0.1440577507019043
13920,392,0.02273801527917385
13921,392,0.16422653198242188
13922,392,0.09435859322547913
13923,393,0.025317180901765823
13924,393,0.15426473319530487
13925,393,0.14762918651103973
13926,393,0.08174195140600204
13927,393,0.08699005842208862
13928,393,0.06535564363002777
13929,393,0.2720949351787567
13930,393,0.08748126775026321
13931,393,0.1468864530324936
13932,393,0.08684766292572021
13933,393,0.1551048308610916
13934,393,0.3279437720775604
13935,393,0.1500980108976364
13936,393,0.22098399698734283
13937,393,0.2055264413356781
13938,393,0.16465939581394196
13939,393,0.020804036408662796
13940,393,0.154158353805542
13941,393,0.15032348036766052
13942,393,0.02807689644396305
13943,393,0.08236650377511978
13944,393,0.025625232607126236
13945,393,0.02626727893948555
13946,394,0.15556800365447998
13947,394,0.15811167657375336
13948,394,0.14032569527626038
13949,394,0.020118113607168198
13950,394,0.0329664871096611
13951,394,0.11634194105863571
13952,394,0.14677096903324127
13953,394,0.15485896170139313
13954,394,0.22448433935642242
13955,394,0.01802733540534973
13956,394,0.20327837765216827
13957,394,0.014052286744117737
13958,394,0.15717220306396484
13959,394,0.02382829040288925
13960,394,0.22875475883483887
13961,394,0.019430847838521004
13962,394,0.08357910066843033
13963,394,0.21581313014030457
13964,394,0.061768148094415665
13965,394,0.09650344401597977
13966,394,0.1319074034690857
13967,394,0.15486204624176025
13968,395,0.08728867769241333
13969,395,0.09407957643270493
13970,395,0.2169189453125
13971,395,0.25998979806900024
13972,395,0.08531738817691803
13973,395,0.10433897376060486
13974,395,0.2041160613298416
13975,395,0.2563491761684418
13976,395,0.0794704407453537
13977,395,0.3426007330417633
13978,395,0.21903850138187408
13979,395,0.09264841675758362
13980,395,0.09433311223983765
13981,395,0.032963842153549194
13982,395,0.2129581719636917
13983,395,0.03232867270708084
13984,395,0.13615931570529938
13985,396,0.08287608623504639
13986,396,0.15707460045814514
13987,396,0.09278721362352371
13988,396,0.09019695222377777
13989,396,0.20283429324626923
13990,396,0.1563342660665512
13991,396,0.06810642033815384
13992,396,0.021516522392630577
13993,396,0.2315203696489334
13994,396,0.20764802396297455
13995,396,0.08688897639513016
13996,396,0.1470516175031662
13997,396,0.08283758163452148
13998,396,0.07982736080884933
13999,396,0.08158653229475021
14000,396,0.10038072615861893
14001,396,0.060623474419116974
14002,396,0.08202456682920456
14003,397,0.09298373758792877
14004,397,0.035536523908376694
14005,397,0.1592036783695221
14006,397,0.024660978466272354
14007,397,0.09730464220046997
14008,397,0.15749263763427734
14009,397,0.08828771114349365
14010,397,0.08824358135461807
14011,397,0.08601155132055283
14012,397,0.028998304158449173
14013,397,0.03597398102283478
14014,397,0.1556406021118164
14015,397,0.22724738717079163
14016,397,0.10441472381353378
14017,397,0.19776441156864166
14018,397,0.08744839578866959
14019,397,0.14058546721935272
14020,398,0.18924720585346222
14021,398,0.032134730368852615
14022,398,0.026859566569328308
14023,398,0.14433258771896362
14024,398,0.070062555372715
14025,398,0.07284440100193024
14026,398,0.02624470740556717
14027,398,0.10326234251260757
14028,398,0.11077415943145752
14029,398,0.026470616459846497
14030,398,0.01933905854821205
14031,398,0.21278567612171173
14032,398,0.020720554515719414
14033,398,0.21069639921188354
14034,398,0.29177403450012207
14035,398,0.21961168944835663
14036,399,0.40621644258499146
14037,399,0.16922232508659363
14038,399,0.09456247091293335
14039,399,0.15296803414821625
14040,399,0.1736418753862381
14041,399,0.14363259077072144
14042,399,0.22286956012248993
14043,399,0.23462063074111938
14044,399,0.2977878749370575
14045,399,0.028856627643108368
14046,399,0.2632710039615631
14047,399,0.10120129585266113
14048,399,0.07546807825565338
14049,399,0.15185585618019104
14050,400,0.025847146287560463
14051,400,0.1763300597667694
14052,400,0.22367945313453674
14053,400,0.08785561472177505
14054,400,0.03174889460206032
14055,400,0.1302272528409958
14056,400,0.0932571217417717
14057,400,0.16687962412834167
14058,401,0.033376842737197876
14059,401,0.28182634711265564
14060,401,0.09022209793329239
14061,401,0.22388991713523865
14062,401,0.20120105147361755
14063,401,0.1022772565484047
14064,401,0.16434583067893982
14065,401,0.26369160413742065
14066,401,0.03868981450796127
14067,401,0.08485740423202515
14068,401,0.20856481790542603
14069,401,0.041818149387836456
14070,401,0.09232532978057861
14071,401,0.14689379930496216
14072,401,0.025039372965693474
14073,401,0.22050830721855164
14074,401,0.03396729379892349
14075,401,0.20703350007534027
14076,401,0.14038299024105072
14077,401,0.1523781269788742
14078,401,0.1631256639957428
14079,401,0.14133404195308685
14080,401,0.21438229084014893
14081,401,0.02008523792028427
14082,401,0.19886299967765808
14083,402,0.20626148581504822
14084,402,0.16030138731002808
14085,402,0.03041994199156761
14086,402,0.026357358321547508
14087,402,0.08016513288021088
14088,402,0.16354438662528992
14089,402,0.15673638880252838
14090,402,0.08824130892753601
14091,402,0.14370569586753845
14092,402,0.15110521018505096
14093,402,0.1613881140947342
14094,402,0.0948726087808609
14095,402,0.0768299475312233
14096,403,0.022563891485333443
14097,403,0.2240135222673416
14098,403,0.035086944699287415
14099,403,0.3331635594367981
14100,403,0.14090262353420258
14101,403,0.19712883234024048
14102,403,0.07932303845882416
14103,403,0.15358681976795197
14104,403,0.14766934514045715
14105,403,0.20059670507907867
14106,403,0.140853151679039
14107,403,0.1609436422586441
14108,403,0.08570268750190735
14109,403,0.060199230909347534
14110,403,0.2676345109939575
14111,403,0.09311510622501373
14112,403,0.14802402257919312
14113,403,0.102418452501297
14114,403,0.030767224729061127
14115,403,0.03857652470469475
14116,403,0.07350204885005951
14117,403,0.03623338043689728
14118,403,0.20301741361618042
14119,403,0.09332417696714401
14120,403,0.03581467643380165
14121,404,0.09668255597352982
14122,404,0.15198974311351776
14123,404,0.08488089591264725
14124,404,0.025245927274227142
14125,404,0.13745450973510742
14126,404,0.27140843868255615
14127,404,0.1980477273464203
14128,404,0.08551368117332458
14129,404,0.20885178446769714
14130,404,0.15368515253067017
14131,404,0.021940026432275772
14132,404,0.13977430760860443
14133,404,0.1396649032831192
14134,404,0.26501622796058655
14135,404,0.21149654686450958
14136,404,0.14144274592399597
14137,404,0.07743832468986511
14138,404,0.02801589109003544
14139,404,0.16532543301582336
14140,404,0.029079217463731766
14141,404,0.09264421463012695
14142,404,0.09017208963632584
14143,404,0.15129782259464264
14144,405,0.10612237453460693
14145,405,0.0937301367521286
14146,405,0.13914525508880615
14147,405,0.0925217792391777
14148,405,0.0858798548579216
14149,405,0.21375493705272675
14150,405,0.14578481018543243
14151,405,0.08422854542732239
14152,405,0.22252395749092102
14153,405,0.020927470177412033
14154,405,0.1558426022529602
14155,405,0.145258828997612
14156,405,0.030718199908733368
14157,405,0.34824657440185547
14158,405,0.09404751658439636
14159,405,0.2731013298034668
14160,405,0.15428495407104492
14161,405,0.21525312960147858
14162,405,0.07837744802236557
14163,405,0.08774206787347794
14164,405,0.11067607998847961
14165,405,0.024809163063764572
14166,405,0.2684252858161926
14167,406,0.034736402332782745
14168,406,0.16967037320137024
14169,406,0.1565152108669281
14170,406,0.15688657760620117
14171,406,0.16092383861541748
14172,406,0.13691286742687225
14173,406,0.2803494930267334
14174,406,0.09239751100540161
14175,406,0.07873352617025375
14176,406,0.33088961243629456
14177,406,0.08261145651340485
14178,406,0.13448524475097656
14179,406,0.1959056854248047
14180,407,0.023463552817702293
14181,407,0.08963040262460709
14182,407,0.14120320975780487
14183,407,0.10119810700416565
14184,407,0.21088531613349915
14185,407,0.2803412973880768
14186,407,0.2646578848361969
14187,407,0.15510044991970062
14188,407,0.21122054755687714
14189,407,0.020259931683540344
14190,407,0.20489457249641418
14191,407,0.09609223157167435
14192,407,0.21021053194999695
14193,407,0.2132936716079712
14194,407,0.15239304304122925
14195,407,0.08504346013069153
14196,407,0.201946422457695
14197,407,0.09798001497983932
14198,407,0.09610054641962051
14199,407,0.025467615574598312
14200,407,0.08461739867925644
14201,407,0.26363036036491394
14202,408,0.14638711512088776
14203,408,0.09856607764959335
14204,408,0.09126071631908417
14205,408,0.2280687689781189
14206,408,0.27088573575019836
14207,408,0.03528674319386482
14208,408,0.08528798818588257
14209,408,0.36339327692985535
14210,408,0.10039591044187546
14211,409,0.22911900281906128
14212,409,0.027967413887381554
14213,409,0.08247775584459305
14214,409,0.1456664651632309
14215,409,0.15428879857063293
14216,409,0.2056349813938141
14217,409,0.21248388290405273
14218,409,0.022854117676615715
14219,409,0.01786085218191147
14220,409,0.21783685684204102
14221,409,0.09503940492868423
14222,409,0.0859026089310646
14223,409,0.21160361170768738
14224,409,0.019325733184814453
14225,409,0.16452573239803314
14226,409,0.03729502484202385
14227,409,0.15793675184249878
14228,410,0.22281694412231445
14229,410,0.1561928391456604
14230,410,0.13514213263988495
14231,410,0.026965409517288208
14232,410,0.16188138723373413
14233,410,0.029009010642766953
14234,410,0.14989963173866272
14235,410,0.08570262044668198
14236,410,0.020421532914042473
14237,410,0.08994650095701218
14238,410,0.029041098430752754
14239,410,0.019429225474596024
14240,410,0.08698032051324844
14241,410,0.09301792085170746
14242,410,0.14986924827098846
14243,410,0.0800422951579094
14244,410,0.27300915122032166
14245,410,0.1381857991218567
14246,410,0.1586197465658188
14247,410,0.14858710765838623
14248,410,0.20436406135559082
14249,410,0.2199779599905014
14250,410,0.025041595101356506
14251,410,0.11303991824388504
14252,410,0.0961998999118805
14253,411,0.1295115202665329
14254,411,0.20679374039173126
14255,411,0.15890170633792877
14256,411,0.038737498223781586
14257,411,0.2393282949924469
14258,411,0.08894795179367065
14259,411,0.09104683250188828
14260,411,0.10710061341524124
14261,411,0.09960508346557617
14262,411,0.10274580866098404
14263,411,0.0942792221903801
14264,411,0.10453484207391739
14265,411,0.09843187779188156
14266,411,0.022958746179938316
14267,411,0.20400184392929077
14268,411,0.22095343470573425
14269,411,0.16975674033164978
14270,411,0.09104710072278976
14271,411,0.21586260199546814
14272,411,0.09311036765575409
14273,411,0.14815090596675873
14274,411,0.03790750354528427
14275,411,0.32877618074417114
14276,411,0.15312355756759644
14277,412,0.08643746376037598
14278,412,0.2756496071815491
14279,412,0.023253856226801872
14280,412,0.19975581765174866
14281,412,0.16827836632728577
14282,412,0.03017585724592209
14283,412,0.15735748410224915
14284,412,0.046492453664541245
14285,412,0.036611467599868774
14286,412,0.3326295018196106
14287,412,0.26864439249038696
14288,412,0.03072964772582054
14289,413,0.08135159313678741
14290,413,0.033258743584156036
14291,413,0.0836859866976738
14292,413,0.0907750353217125
14293,413,0.09566695243120193
14294,413,0.284032940864563
14295,413,0.09874177724123001
14296,413,0.26025789976119995
14297,413,0.2794994115829468
14298,413,0.16168902814388275
14299,413,0.16054120659828186
14300,413,0.10622037947177887
14301,414,0.07896719872951508
14302,414,0.08353541791439056
14303,414,0.04423686861991882
14304,414,0.09554396569728851
14305,414,0.17132574319839478
14306,414,0.03599274158477783
14307,414,0.22587862610816956
14308,414,0.16952188313007355
14309,414,0.1405092477798462
14310,414,0.15008655190467834
14311,414,0.025327961891889572
14312,415,0.1056508868932724
14313,415,0.1561475396156311
14314,415,0.18664485216140747
14315,415,0.16803541779518127
14316,415,0.08905128389596939
14317,415,0.09795934706926346
14318,415,0.20012107491493225
14319,415,0.040961913764476776
14320,415,0.0948738306760788
14321,415,0.1435215026140213
14322,415,0.08825110644102097
14323,415,0.22592231631278992
14324,415,0.023514240980148315
14325,415,0.031468577682971954
14326,415,0.2762378454208374
14327,415,0.1629052758216858
14328,415,0.2060290426015854
14329,415,0.023872409015893936
14330,415,0.1501995325088501
14331,415,0.17464980483055115
14332,416,0.16174978017807007
14333,416,0.13773638010025024
14334,416,0.31287163496017456
14335,416,0.15594621002674103
14336,416,0.1580156832933426
14337,416,0.2255030870437622
14338,416,0.13296717405319214
14339,416,0.030111145228147507
14340,416,0.15578053891658783
14341,416,0.0821218267083168
14342,416,0.14116685092449188
14343,416,0.09607654809951782
14344,416,0.14494018256664276
14345,416,0.09097358584403992
14346,416,0.08962825685739517
14347,416,0.08418741822242737
14348,416,0.07386593520641327
14349,416,0.022745132446289062
14350,416,0.091171033680439
14351,416,0.08513082563877106
14352,416,0.08803456276655197
14353,416,0.15243194997310638
14354,416,0.08096728473901749
14355,417,0.09309560060501099
14356,417,0.02459779754281044
14357,417,0.36096441745758057
14358,417,0.13935402035713196
14359,417,0.22929510474205017
14360,417,0.2233664095401764
14361,417,0.09969039261341095
14362,417,0.025781594216823578
14363,417,0.16395729780197144
14364,417,0.09264817833900452
14365,417,0.034403976052999496
14366,418,0.09550482779741287
14367,418,0.21218183636665344
14368,418,0.2207234799861908
14369,418,0.15891914069652557
14370,418,0.16203396022319794
14371,418,0.14996802806854248
14372,418,0.16030889749526978
14373,418,0.08742806315422058
14374,418,0.09071121364831924
14375,418,0.21145114302635193
14376,418,0.0927732065320015
14377,418,0.07868216186761856
14378,418,0.08694836497306824
14379,418,0.15713192522525787
14380,418,0.05697367712855339
14381,418,0.2758760154247284
14382,418,0.08261946588754654
14383,418,0.022666918113827705
14384,418,0.13989152014255524
14385,418,0.15912006795406342
14386,418,0.022769520059227943
14387,418,0.02788005955517292
14388,418,0.08983492106199265
14389,419,0.026585707440972328
14390,419,0.09221872687339783
14391,419,0.147635817527771
14392,419,0.14582353830337524
14393,419,0.08177482336759567
14394,419,0.13617265224456787
14395,419,0.35047826170921326
14396,419,0.16043563187122345
14397,419,0.019180815666913986
14398,419,0.09258565306663513
14399,419,0.10585446655750275
14400,419,0.15465176105499268
14401,419,0.08174201846122742
14402,419,0.221455916762352
14403,419,0.09529328346252441
14404,420,0.3848486542701721
14405,420,0.09901129454374313
14406,420,0.09105005860328674
14407,420,0.09817764163017273
14408,420,0.19907915592193604
14409,420,0.08741842955350876
14410,420,0.08330675214529037
14411,420,0.044059671461582184
14412,420,0.02848244085907936
14413,420,0.08504422754049301
14414,420,0.22288230061531067
14415,420,0.2023407220840454
14416,420,0.09556962549686432
14417,420,0.076751209795475
14418,420,0.13863691687583923
14419,420,0.2031921148300171
14420,420,0.3547913730144501
14421,420,0.22408780455589294
14422,420,0.1577681452035904
14423,421,0.23279178142547607
14424,421,0.22271789610385895
14425,421,0.032699160277843475
14426,421,0.07976195216178894
14427,421,0.1540805995464325
14428,421,0.03725777566432953
14429,421,0.22150251269340515
14430,421,0.13095439970493317
14431,421,0.14905297756195068
14432,421,0.09428145736455917
14433,421,0.2055615782737732
14434,421,0.13691729307174683
14435,421,0.0904831737279892
14436,421,0.07545844465494156
14437,421,0.10029330104589462
14438,421,0.1689528524875641
14439,421,0.027915073558688164
14440,421,0.09761656820774078
14441,421,0.08679921180009842
14442,421,0.09277361631393433
14443,421,0.025024641305208206
14444,421,0.09353465586900711
14445,421,0.2800552248954773
14446,422,0.09416962414979935
14447,422,0.029267605394124985
14448,422,0.2811623811721802
14449,422,0.1620502918958664
14450,422,0.10234029591083527
14451,422,0.2688198685646057
14452,422,0.021163711324334145
14453,422,0.14952704310417175
14454,422,0.2691723108291626
14455,422,0.3418407440185547
14456,422,0.02741893380880356
14457,422,0.14795821905136108
14458,422,0.15326929092407227
14459,422,0.026745762676000595
14460,423,0.2069283276796341
14461,423,0.02201469987630844
14462,423,0.15192417800426483
14463,423,0.07370447367429733
14464,423,0.145640566945076
14465,423,0.16222873330116272
14466,423,0.0869293063879013
14467,423,0.08426929265260696
14468,423,0.08003492653369904
14469,423,0.2619796395301819
14470,423,0.03363766521215439
14471,423,0.027325812727212906
14472,423,0.14085546135902405
14473,423,0.2160005271434784
14474,423,0.2648232579231262
14475,423,0.02047038823366165
14476,423,0.08637752383947372
14477,423,0.09727165848016739
14478,423,0.3932915925979614
14479,423,0.08405452221632004
14480,424,0.2129288613796234
14481,424,0.252517968416214
14482,424,0.024753326550126076
14483,424,0.032135359942913055
14484,424,0.030566826462745667
14485,424,0.03271358087658882
14486,424,0.158775195479393
14487,424,0.1519898772239685
14488,424,0.10453013330698013
14489,424,0.28557586669921875
14490,424,0.036057278513908386
14491,424,0.16781260073184967
14492,424,0.3567134141921997
14493,425,0.14910070598125458
14494,425,0.15359479188919067
14495,425,0.08448463678359985
14496,425,0.13501989841461182
14497,425,0.16477163136005402
14498,425,0.08869268000125885
14499,425,0.04754547029733658
14500,425,0.147093266248703
14501,425,0.08520307391881943
14502,425,0.06578551977872849
14503,425,0.15353721380233765
14504,425,0.2021772265434265
14505,425,0.20787622034549713
14506,425,0.08763628453016281
14507,425,0.20710864663124084
14508,425,0.08102664351463318
14509,426,0.09758789092302322
14510,426,0.08894465118646622
14511,426,0.15047374367713928
14512,426,0.024017682299017906
14513,426,0.1504325121641159
14514,426,0.09166871011257172
14515,426,0.021506568416953087
14516,426,0.34435731172561646
14517,426,0.2702071964740753
14518,426,0.01699111983180046
14519,426,0.08688522130250931
14520,426,0.15031395852565765
14521,426,0.026922060176730156
14522,426,0.20360976457595825
14523,426,0.21101373434066772
14524,426,0.079658642411232
14525,426,0.07959748059511185
14526,427,0.1537483185529709
14527,427,0.16233253479003906
14528,427,0.15082590281963348
14529,427,0.1578473597764969
14530,427,0.2196030616760254
14531,427,0.07592116296291351
14532,427,0.025295790284872055
14533,427,0.0904606357216835
14534,427,0.1477256566286087
14535,427,0.278372198343277
14536,427,0.1495038866996765
14537,427,0.01753927767276764
14538,427,0.2786942720413208
14539,427,0.08542495220899582
14540,427,0.14748543500900269
14541,427,0.08489757776260376
14542,427,0.08786652237176895
14543,427,0.14045776426792145
14544,427,0.15246480703353882
14545,427,0.1572028547525406
14546,427,0.0856274664402008
14547,427,0.2059900164604187
14548,427,0.1425742506980896
14549,427,0.09628696739673615
14550,427,0.02163485437631607
14551,428,0.029003016650676727
14552,428,0.22286120057106018
14553,428,0.034959577023983
14554,428,0.08354739099740982
14555,428,0.21977458894252777
14556,428,0.08962393552064896
14557,428,0.1445954293012619
14558,428,0.161779522895813
14559,428,0.1436438113451004
14560,428,0.0908457562327385
14561,428,0.08988641947507858
14562,428,0.07793428003787994
14563,428,0.1518115997314453
14564,428,0.261760950088501
14565,428,0.08879923820495605
14566,428,0.3225867748260498
14567,428,0.08964761346578598
14568,428,0.14887917041778564
14569,428,0.14190424978733063
14570,428,0.030074957758188248
14571,429,0.017047079280018806
14572,429,0.026773544028401375
14573,429,0.168120875954628
14574,429,0.2733879089355469
14575,429,0.1563604474067688
14576,429,0.1514124572277069
14577,429,0.32520243525505066
14578,429,0.15075862407684326
14579,429,0.09418337047100067
14580,429,0.2597336173057556
14581,429,0.14598415791988373
14582,429,0.16299037635326385
14583,429,0.08638247847557068
14584,429,0.15956075489521027
14585,429,0.14573276042938232
14586,429,0.022121723741292953
14587,429,0.07460111379623413
14588,429,0.4021218717098236
14589,429,0.030062878504395485
14590,429,0.08837702870368958
14591,429,0.22756916284561157
14592,429,0.03695443645119667
14593,429,0.18936778604984283
14594,430,0.08134493231773376
14595,430,0.08558401465415955
14596,430,0.26230889558792114
14597,430,0.027682244777679443
14598,430,0.14642281830310822
14599,430,0.2266254872083664
14600,430,0.08748351037502289
14601,430,0.215819850564003
14602,430,0.02958446741104126
14603,430,0.1425357162952423
14604,430,0.08014757931232452
14605,430,0.2773238718509674
14606,430,0.15705572068691254
14607,430,0.21368946135044098
14608,431,0.07730279117822647
14609,431,0.0828709602355957
14610,431,0.10103905946016312
14611,431,0.2612397074699402
14612,431,0.09429439902305603
14613,431,0.0330352783203125
14614,431,0.348737895488739
14615,431,0.02448890171945095
14616,432,0.08150023967027664
14617,432,0.023526467382907867
14618,432,0.13344475626945496
14619,432,0.08385055512189865
14620,432,0.030296219512820244
14621,432,0.27249792218208313
14622,432,0.09316244721412659
14623,432,0.22230853140354156
14624,432,0.03728372976183891
14625,432,0.030690981075167656
14626,432,0.03321327641606331
14627,432,0.12078752368688583
14628,432,0.1298948973417282
14629,432,0.08700868487358093
14630,432,0.16004040837287903
14631,432,0.09957057237625122
14632,432,0.020372427999973297
14633,432,0.14539965987205505
14634,432,0.08927158266305923
14635,432,0.215424582362175
14636,432,0.08774180710315704
14637,432,0.08625062555074692
14638,432,0.15936686098575592
14639,433,0.0906677395105362
14640,433,0.21183794736862183
14641,433,0.1523275375366211
14642,433,0.14015653729438782
14643,433,0.13469341397285461
14644,433,0.14233087003231049
14645,433,0.09566875547170639
14646,433,0.03133528679609299
14647,433,0.07857736200094223
14648,433,0.020277585834264755
14649,433,0.15782874822616577
14650,433,0.08079303056001663
14651,433,0.35983118414878845
14652,433,0.14902770519256592
14653,433,0.01987902820110321
14654,433,0.4095373749732971
14655,433,0.15952792763710022
14656,433,0.1511961817741394
14657,433,0.07888089865446091
14658,433,0.15603160858154297
14659,433,0.09083787351846695
14660,433,0.03631255030632019
14661,434,0.1505395770072937
14662,434,0.38546323776245117
14663,434,0.15665794909000397
14664,434,0.08528842031955719
14665,434,0.14803341031074524
14666,434,0.2089453786611557
14667,434,0.22448024153709412
14668,434,0.02000776119530201
14669,434,0.21948492527008057
14670,434,0.15734991431236267
14671,434,0.07951956987380981
14672,434,0.2043304145336151
14673,434,0.21805340051651
14674,434,0.20929937064647675
14675,434,0.14935630559921265
14676,434,0.15335102379322052
14677,434,0.15049231052398682
14678,434,0.03067593462765217
14679,435,0.15264785289764404
14680,435,0.09513933956623077
14681,435,0.022817447781562805
14682,435,0.08915245532989502
14683,435,0.213523268699646
14684,435,0.09518824517726898
14685,435,0.021517565473914146
14686,435,0.08679020404815674
14687,435,0.15824097394943237
14688,435,0.0948658287525177
14689,435,0.20705921947956085
14690,435,0.14630769193172455
14691,435,0.1581106036901474
14692,435,0.16091880202293396
14693,435,0.08876713365316391
14694,435,0.15918277204036713
14695,435,0.027398357167840004
14696,435,0.07872967422008514
14697,435,0.022560471668839455
14698,435,0.09527042508125305
14699,435,0.16588746011257172
14700,435,0.0973367840051651
14701,435,0.20774441957473755
14702,435,0.22313374280929565
14703,436,0.13503243029117584
14704,436,0.15480761229991913
14705,436,0.08426516503095627
14706,436,0.3965038061141968
14707,436,0.1478411704301834
14708,436,0.2277490496635437
14709,436,0.1311711221933365
14710,436,0.21024523675441742
14711,436,0.19784599542617798
14712,436,0.14655080437660217
14713,436,0.2702285647392273
14714,436,0.09300801157951355
14715,436,0.300956130027771
14716,436,0.15177954733371735
14717,436,0.09339577704668045
14718,436,0.09368975460529327
14719,436,0.28064462542533875
14720,436,0.097184918820858
14721,436,0.09392918646335602
14722,437,0.1576392948627472
14723,437,0.2874602675437927
14724,437,0.16267552971839905
14725,437,0.18222235143184662
14726,437,0.10760298371315002
14727,437,0.028225891292095184
14728,437,0.03464553877711296
14729,437,0.027742644771933556
14730,437,0.17321348190307617
14731,437,0.036009494215250015
14732,437,0.08839961141347885
14733,437,0.1943259984254837
14734,437,0.09455657005310059
14735,437,0.09602576494216919
14736,437,0.13398733735084534
14737,437,0.15503215789794922
14738,437,0.030433395877480507
14739,437,0.15570074319839478
14740,437,0.21644560992717743
14741,437,0.03090059384703636
14742,438,0.3331502079963684
14743,438,0.23456187546253204
14744,438,0.14573252201080322
14745,438,0.08951599895954132
14746,438,0.08667442947626114
14747,438,0.2550710439682007
14748,438,0.13189834356307983
14749,438,0.261404424905777
14750,438,0.19765664637088776
14751,438,0.14783483743667603
14752,438,0.20009209215641022
14753,438,0.08590652793645859
14754,438,0.08104946464300156
14755,438,0.09326214343309402
14756,438,0.3316600024700165
14757,439,0.08609822392463684
14758,439,0.025250183418393135
14759,439,0.3950268030166626
14760,439,0.08227536082267761
14761,439,0.09509219974279404
14762,439,0.10483989119529724
14763,439,0.2037700116634369
14764,439,0.16522879898548126
14765,439,0.15979354083538055
14766,439,0.15314072370529175
14767,439,0.08202078938484192
14768,439,0.029033198952674866
14769,439,0.09366174787282944
14770,439,0.14919625222682953
14771,439,0.02665800042450428
14772,439,0.13741743564605713
14773,439,0.15870586037635803
14774,439,0.09228688478469849
14775,439,0.21356935799121857
14776,439,0.27271270751953125
14777,439,0.09605853259563446
14778,439,0.08652456104755402
14779,439,0.02962988242506981
14780,440,0.15096034109592438
14781,440,0.22515204548835754
14782,440,0.10421368479728699
14783,440,0.01847786270081997
14784,440,0.09106728434562683
14785,440,0.030165666714310646
14786,440,0.21124820411205292
14787,440,0.10089939087629318
14788,440,0.14905531704425812
14789,440,0.03198989853262901
14790,440,0.15317340195178986
14791,440,0.09812634438276291
14792,440,0.10414339601993561
14793,440,0.14484372735023499
14794,440,0.0963125079870224
14795,441,0.03350335732102394
14796,441,0.08763548731803894
14797,441,0.20983940362930298
14798,441,0.08949590474367142
14799,441,0.1596272885799408
14800,441,0.1363702267408371
14801,441,0.14433510601520538
14802,441,0.2184310406446457
14803,441,0.041691988706588745
14804,441,0.15602965652942657
14805,441,0.20911435782909393
14806,441,0.08782146871089935
14807,441,0.2865588068962097
14808,441,0.1407988965511322
14809,441,0.2372799515724182
14810,441,0.09049158543348312
14811,441,0.16576910018920898
14812,441,0.09241152554750443
14813,441,0.21269437670707703
14814,441,0.028062699362635612
14815,441,0.14672020077705383
14816,441,0.2095779925584793
14817,442,0.040468472987413406
14818,442,0.023553896695375443
14819,442,0.1489143818616867
14820,442,0.07967576384544373
14821,442,0.1605631709098816
14822,442,0.09573974460363388
14823,442,0.2834368646144867
14824,442,0.03228023275732994
14825,442,0.09300024807453156
14826,442,0.215244323015213
14827,442,0.1455969512462616
14828,443,0.0912855938076973
14829,443,0.15841801464557648
14830,443,0.2137516438961029
14831,443,0.018183400854468346
14832,443,0.3396274447441101
14833,443,0.23356153070926666
14834,443,0.09874396026134491
14835,443,0.21889829635620117
14836,443,0.025197908282279968
14837,443,0.027656016871333122
14838,443,0.25392550230026245
14839,443,0.08392523974180222
14840,443,0.09904293715953827
14841,443,0.14236077666282654
14842,443,0.2119835764169693
14843,443,0.20624683797359467
14844,443,0.13282731175422668
14845,443,0.081473208963871
14846,443,0.08877838402986526
14847,443,0.08887684345245361
14848,444,0.023164352402091026
14849,444,0.22779659926891327
14850,444,0.023158445954322815
14851,444,0.25853431224823
14852,444,0.09063877165317535
14853,444,0.15824317932128906
14854,444,0.20577262341976166
14855,444,0.33086004853248596
14856,444,0.0929962545633316
14857,444,0.15283359587192535
14858,444,0.0861680880188942
14859,444,0.16504701972007751
14860,444,0.10336428135633469
14861,445,0.15891551971435547
14862,445,0.16084730625152588
14863,445,0.209040567278862
14864,445,0.33553293347358704
14865,445,0.0397978201508522
14866,445,0.2701359987258911
14867,445,0.33008211851119995
14868,445,0.0345451794564724
14869,445,0.08922086656093597
14870,445,0.10160614550113678
14871,445,0.08393774926662445
14872,445,0.09276443719863892
14873,445,0.2115752398967743
14874,445,0.2152782380580902
14875,445,0.2109072059392929
14876,445,0.13780927658081055
14877,445,0.16043028235435486
14878,445,0.0968678891658783
14879,445,0.1617177426815033
14880,445,0.2741445302963257
14881,445,0.23501884937286377
14882,446,0.1384945809841156
14883,446,0.03092280775308609
14884,446,0.2650064527988434
14885,446,0.22749169170856476
14886,446,0.031182829290628433
14887,446,0.1493014693260193
14888,446,0.14294400811195374
14889,446,0.1603880673646927
14890,446,0.08308050781488419
14891,446,0.2050926238298416
14892,446,0.08793967217206955
14893,446,0.4688907265663147
14894,446,0.08496420830488205
14895,446,0.08484002947807312
14896,446,0.09728743880987167
14897,446,0.09741754084825516
14898,446,0.10191257297992706
14899,446,0.20818720757961273
14900,446,0.09296567738056183
14901,446,0.14695227146148682
14902,446,0.20986388623714447
14903,446,0.12162983417510986
14904,446,0.09654875844717026
14905,447,0.15102700889110565
14906,447,0.0806119441986084
14907,447,0.0813836008310318
14908,447,0.14843012392520905
14909,447,0.08990669995546341
14910,447,0.15258000791072845
14911,447,0.08150381594896317
14912,447,0.15227505564689636
14913,447,0.09652258455753326
14914,447,0.33185529708862305
14915,447,0.08421739190816879
14916,447,0.0838024839758873
14917,447,0.029693610966205597
14918,447,0.0887271836400032
14919,447,0.022475803270936012
14920,447,0.15845248103141785
14921,447,0.14940014481544495
14922,447,0.019880784675478935
14923,447,0.13981665670871735
14924,447,0.20326542854309082
14925,447,0.022816777229309082
14926,447,0.15745809674263
14927,447,0.20019148290157318
14928,448,0.028767209500074387
14929,448,0.09159839898347855
14930,448,0.07972337305545807
14931,448,0.14980465173721313
14932,448,0.33288124203681946
14933,448,0.08775660395622253
14934,448,0.10135084390640259
14935,448,0.09603563696146011
14936,448,0.1956460326910019
14937,448,0.19046512246131897
14938,448,0.02158806100487709
14939,448,0.0219781082123518
14940,448,0.15350812673568726
14941,448,0.09661491215229034
14942,448,0.023618515580892563
14943,448,0.16392000019550323
14944,448,0.08836428821086884
14945,448,0.08420685678720474
14946,448,0.01790742576122284
14947,449,0.07815465331077576
14948,449,0.15274979174137115
14949,449,0.08896972239017487
14950,449,0.08943749964237213
14951,449,0.022142326459288597
14952,449,0.16399389505386353
14953,449,0.09111016243696213
14954,449,0.020185424014925957
14955,449,0.15781772136688232
14956,449,0.0896805077791214
14957,449,0.2826961874961853
14958,449,0.08642104268074036
14959,449,0.08181262016296387
14960,449,0.19485212862491608
14961,449,0.08784744143486023
14962,449,0.08690200746059418
14963,450,0.03370162472128868
14964,450,0.08682183921337128
14965,450,0.08359715342521667
14966,450,0.14381152391433716
14967,450,0.15538929402828217
14968,450,0.2060377299785614
14969,450,0.15870924293994904
14970,450,0.029919806867837906
14971,450,0.01750885881483555
14972,450,0.07893478125333786
14973,450,0.11148464679718018
14974,450,0.15926678478717804
14975,450,0.14511026442050934
14976,450,0.19274024665355682
14977,451,0.0916566476225853
14978,451,0.10154879093170166
14979,451,0.15128928422927856
14980,451,0.02585907280445099
14981,451,0.22608992457389832
14982,451,0.09096208214759827
14983,451,0.16122739017009735
14984,451,0.06924595683813095
14985,451,0.01792544685304165
14986,451,0.27409449219703674
14987,451,0.21817699074745178
14988,451,0.09983514994382858
14989,451,0.15538769960403442
14990,451,0.07658728212118149
14991,451,0.08301813900470734
14992,451,0.08231276273727417
14993,451,0.14808127284049988
14994,452,0.22490714490413666
14995,452,0.14991775155067444
14996,452,0.22187542915344238
14997,452,0.1478262096643448
14998,452,0.14447109401226044
14999,452,0.019539136439561844
15000,452,0.02934321202337742
15001,452,0.16017848253250122
15002,453,0.0824776291847229
15003,453,0.2769378125667572
15004,453,0.15152543783187866
15005,453,0.14753387868404388
15006,453,0.20255328714847565
15007,453,0.020633405074477196
15008,453,0.020397823303937912
15009,453,0.020649446174502373
15010,453,0.08622787147760391
15011,453,0.027399631217122078
15012,453,0.15291306376457214
15013,453,0.036287371069192886
15014,453,0.01931755430996418
15015,453,0.16319219768047333
15016,453,0.19838789105415344
15017,453,0.2030082643032074
15018,453,0.023851120844483376
15019,453,0.08819657564163208
15020,453,0.029259750619530678
15021,453,0.25609156489372253
15022,453,0.13544000685214996
15023,453,0.16191044449806213
15024,453,0.15350811183452606
15025,454,0.08976096659898758
15026,454,0.09895564615726471
15027,454,0.023062819615006447
15028,454,0.28375521302223206
15029,454,0.09361518919467926
15030,454,0.0915498211979866
15031,454,0.266502320766449
15032,454,0.22072838246822357
15033,454,0.09557448327541351
15034,454,0.025501415133476257
15035,454,0.08393594622612
15036,454,0.16503359377384186
15037,454,0.027218373492360115
15038,454,0.1476108729839325
15039,454,0.2690393626689911
15040,454,0.21217402815818787
15041,454,0.03128974884748459
15042,454,0.09522684663534164
15043,454,0.02688223123550415
15044,454,0.14508873224258423
15045,455,0.0849260538816452
15046,455,0.2675386667251587
15047,455,0.0923524722456932
15048,455,0.2591393291950226
15049,455,0.21557757258415222
15050,455,0.2062114030122757
15051,455,0.35359862446784973
15052,455,0.017171185463666916
15053,455,0.19796538352966309
15054,455,0.03193262591958046
15055,455,0.38320332765579224
15056,455,0.09140414744615555
15057,455,0.08917296677827835
15058,455,0.03081529773771763
15059,455,0.03240014612674713
15060,455,0.09665077179670334
15061,455,0.2314654290676117
15062,455,0.09065096080303192
15063,455,0.2041029930114746
15064,456,0.20481543242931366
15065,456,0.1590382158756256
15066,456,0.14534130692481995
15067,456,0.08890252560377121
15068,456,0.19852399826049805
15069,456,0.07804572582244873
15070,456,0.013709157705307007
15071,456,0.08407726883888245
15072,456,0.08818269520998001
15073,456,0.21770551800727844
15074,456,0.14741770923137665
15075,456,0.025001754984259605
15076,456,0.01718265935778618
15077,456,0.28183192014694214
15078,456,0.147831529378891
15079,457,0.10066787898540497
15080,457,0.03967847675085068
15081,457,0.08625499904155731
15082,457,0.08042164146900177
15083,457,0.22333946824073792
15084,457,0.04196767508983612
15085,457,0.03131873533129692
15086,457,0.09273118525743484
15087,457,0.0831347405910492
15088,457,0.09111648052930832
15089,457,0.22264494001865387
15090,457,0.22874689102172852
15091,457,0.09128414839506149
15092,457,0.09068464487791061
15093,457,0.026677977293729782
15094,457,0.015152404084801674
15095,457,0.17232392728328705
15096,457,0.2103721797466278
15097,458,0.16544760763645172
15098,458,0.08098568767309189
15099,458,0.21403709053993225
15100,458,0.1544947624206543
15101,458,0.08989493548870087
15102,458,0.14520065486431122
15103,458,0.20474451780319214
15104,458,0.14998865127563477
15105,458,0.23180513083934784
15106,458,0.08771751821041107
15107,458,0.09574688971042633
15108,458,0.08077844232320786
15109,458,0.1513458490371704
15110,458,0.08590295165777206
15111,458,0.0940520316362381
15112,458,0.030415114015340805
15113,458,0.3692803382873535
15114,458,0.034931961447000504
15115,458,0.31361156702041626
15116,458,0.30677974224090576
15117,458,0.03039691038429737
15118,459,0.02285480685532093
15119,459,0.08717362582683563
15120,459,0.2183706909418106
15121,459,0.08997150510549545
15122,459,0.16178055107593536
15123,459,0.1480002999305725
15124,459,0.20890332758426666
15125,459,0.01942479982972145
15126,459,0.09233004599809647
15127,459,0.08259180188179016
15128,459,0.025444531813263893
15129,459,0.14901620149612427
15130,459,0.030367761850357056
15131,459,0.1522570699453354
15132,459,0.13111083209514618
15133,459,0.0960894301533699
15134,459,0.14764587581157684
15135,459,0.10378837585449219
15136,460,0.2169720083475113
15137,460,0.1494656652212143
15138,460,0.09012740850448608
15139,460,0.22145706415176392
15140,460,0.10015128552913666
15141,460,0.1664111167192459
15142,460,0.029016466811299324
15143,460,0.15020641684532166
15144,460,0.0844530463218689
15145,460,0.15248602628707886
15146,460,0.16103985905647278
15147,460,0.15303640067577362
15148,460,0.20688806474208832
15149,461,0.0775882750749588
15150,461,0.27071043848991394
15151,461,0.07349676638841629
15152,461,0.028598569333553314
15153,461,0.05231703817844391
15154,461,0.15379470586776733
15155,461,0.08497189730405807
15156,461,0.08709564805030823
15157,461,0.09684091806411743
15158,461,0.2914530038833618
15159,462,0.15284989774227142
15160,462,0.14388301968574524
15161,462,0.15165549516677856
15162,462,0.20438125729560852
15163,462,0.027384508401155472
15164,462,0.2701980471611023
15165,462,0.15288887917995453
15166,462,0.14621397852897644
15167,462,0.08008241653442383
15168,462,0.09942497313022614
15169,463,0.19996070861816406
15170,463,0.17149394750595093
15171,463,0.20780640840530396
15172,463,0.03289549797773361
15173,463,0.0940794050693512
15174,463,0.15506359934806824
15175,463,0.027868663892149925
15176,463,0.09209299832582474
15177,463,0.08747562766075134
15178,463,0.08234033733606339
15179,463,0.14886103570461273
15180,463,0.0844174325466156
15181,463,0.18999238312244415
15182,463,0.08439262211322784
15183,463,0.216545969247818
15184,463,0.018169306218624115
15185,463,0.08561339974403381
15186,463,0.09126800298690796
15187,464,0.14447301626205444
15188,464,0.36747217178344727
15189,464,0.038040101528167725
15190,464,0.09852667897939682
15191,464,0.08689086139202118
15192,464,0.03870730847120285
15193,464,0.11312592774629593
15194,464,0.09355968236923218
15195,464,0.1559959203004837
15196,464,0.02600620687007904
15197,464,0.32892346382141113
15198,464,0.092989481985569
15199,465,0.3572536110877991
15200,465,0.08799261599779129
15201,465,0.03373723849654198
15202,465,0.15242692828178406
15203,465,0.08302389830350876
15204,465,0.0894094705581665
15205,465,0.08890367299318314
15206,465,0.14742058515548706
15207,465,0.023035963997244835
15208,465,0.08241789042949677
15209,465,0.1585172712802887
15210,465,0.08190514147281647
15211,465,0.34221917390823364
15212,465,0.14674948155879974
15213,466,0.2661961615085602
15214,466,0.14591944217681885
15215,466,0.1637222319841385
15216,466,0.14207489788532257
15217,466,0.14232833683490753
15218,466,0.2020983248949051
15219,466,0.13715624809265137
15220,466,0.08804330229759216
15221,466,0.1578684151172638
15222,466,0.09031376987695694
15223,466,0.13908751308918
15224,466,0.18589630722999573
15225,466,0.019937410950660706
15226,466,0.07880724221467972
15227,466,0.2737066447734833
15228,466,0.10150909423828125
15229,466,0.21174708008766174
15230,466,0.028471404686570168
15231,466,0.024169310927391052
15232,466,0.01999455876648426
15233,466,0.09724407643079758
15234,467,0.07670117914676666
15235,467,0.08072799444198608
15236,467,0.20825672149658203
15237,467,0.13869617879390717
15238,467,0.08917870372533798
15239,467,0.08108112961053848
15240,467,0.21475668251514435
15241,467,0.09323210269212723
15242,467,0.07686641812324524
15243,467,0.0841304138302803
15244,467,0.1491190493106842
15245,467,0.15566864609718323
15246,467,0.09156642109155655
15247,467,0.21329528093338013
15248,467,0.0215029027312994
15249,467,0.08676742762327194
15250,467,0.15698368847370148
15251,467,0.3417584002017975
15252,467,0.096277616918087
15253,468,0.27304911613464355
15254,468,0.14804841578006744
15255,468,0.08417487889528275
15256,468,0.09664897620677948
15257,468,0.2037360519170761
15258,468,0.0828322172164917
15259,468,0.15394219756126404
15260,468,0.14392730593681335
15261,468,0.2075309455394745
15262,468,0.21199247241020203
15263,468,0.20681160688400269
15264,468,0.15257468819618225
15265,468,0.09440506249666214
15266,468,0.21028004586696625
15267,468,0.08861846476793289
15268,468,0.08885655552148819
15269,468,0.21734601259231567
15270,468,0.21531501412391663
15271,468,0.025937262922525406
15272,468,0.14448335766792297
15273,468,0.20962072908878326
15274,468,0.16254457831382751
15275,468,0.08019290864467621
15276,468,0.08851002156734467
15277,469,0.1488221287727356
15278,469,0.09472416341304779
15279,469,0.15383608639240265
15280,469,0.09167084842920303
15281,469,0.08880744129419327
15282,469,0.029541678726673126
15283,469,0.09420888125896454
15284,469,0.07640767842531204
15285,469,0.15588977932929993
15286,469,0.16439330577850342
15287,469,0.35795456171035767
15288,469,0.1416931301355362
15289,469,0.269948810338974
15290,469,0.21964536607265472
15291,469,0.16144198179244995
15292,469,0.07525193691253662
15293,469,0.0770265981554985
15294,469,0.2697947025299072
15295,469,0.07886109501123428
15296,469,0.0859086737036705
15297,470,0.09000302851200104
15298,470,0.02933637797832489
15299,470,0.1975584477186203
15300,470,0.21106131374835968
15301,470,0.1522640436887741
15302,470,0.1462211012840271
15303,470,0.21658876538276672
15304,470,0.15707919001579285
15305,470,0.13764773309230804
15306,470,0.140598863363266
15307,470,0.21708285808563232
15308,470,0.14158572256565094
15309,470,0.14474178850650787
15310,470,0.2657235264778137
15311,470,0.27597299218177795
15312,470,0.1484992951154709
15313,470,0.026605643332004547
15314,470,0.21820896863937378
15315,470,0.08347320556640625
15316,470,0.22320568561553955
15317,470,0.27594977617263794
15318,470,0.15331214666366577
15319,470,0.12856383621692657
15320,471,0.01607498712837696
15321,471,0.08069703727960587
15322,471,0.14999136328697205
15323,471,0.23073768615722656
15324,471,0.15464606881141663
15325,471,0.1464471071958542
15326,471,0.08782687038183212
15327,471,0.15727192163467407
15328,471,0.15719465911388397
15329,471,0.14060905575752258
15330,471,0.019938988611102104
15331,471,0.1491650938987732
15332,471,0.20344918966293335
15333,471,0.14535760879516602
15334,471,0.21269582211971283
15335,471,0.20174451172351837
15336,471,0.2798871695995331
15337,471,0.0945526584982872
15338,471,0.01971977762877941
15339,471,0.02627432532608509
15340,471,0.14758628606796265
15341,472,0.15311548113822937
15342,472,0.08798480033874512
15343,472,0.1533997654914856
15344,472,0.041976913809776306
15345,472,0.0920325443148613
15346,472,0.08190114796161652
15347,472,0.026782184839248657
15348,472,0.2189902812242508
15349,472,0.1498417854309082
15350,472,0.02096766047179699
15351,472,0.2944621443748474
15352,472,0.02315378747880459
15353,472,0.15218229591846466
15354,472,0.09365014731884003
15355,472,0.07667385041713715
15356,472,0.2169281542301178
15357,473,0.09212292730808258
15358,473,0.08304188400506973
15359,473,0.030128799378871918
15360,473,0.0843043178319931
15361,473,0.07916425168514252
15362,473,0.09329824149608612
15363,473,0.02599901519715786
15364,473,0.08782923221588135
15365,474,0.15791119635105133
15366,474,0.2848964035511017
15367,474,0.08112002164125443
15368,474,0.09427381306886673
15369,474,0.3308795988559723
15370,474,0.15640456974506378
15371,474,0.14472347497940063
15372,474,0.2835497558116913
15373,474,0.14626023173332214
15374,474,0.14711222052574158
15375,474,0.08767423778772354
15376,474,0.024217959493398666
15377,474,0.19892354309558868
15378,474,0.16589350998401642
15379,474,0.02560282126069069
15380,474,0.08423025906085968
15381,474,0.0833815187215805
15382,474,0.084733746945858
15383,475,0.2086152285337448
15384,475,0.08610627800226212
15385,475,0.02157965488731861
15386,475,0.1313672810792923
15387,475,0.16266022622585297
15388,475,0.14224660396575928
15389,475,0.15505164861679077
15390,475,0.15742994844913483
15391,475,0.1428586095571518
15392,475,0.14919978380203247
15393,475,0.1477305293083191
15394,475,0.1413341462612152
15395,475,0.09033524245023727
15396,475,0.28088921308517456
15397,475,0.08878716826438904
15398,475,0.13922810554504395
15399,475,0.27623939514160156
15400,475,0.072629414498806
15401,475,0.08193445950746536
15402,475,0.07867906987667084
15403,475,0.16093730926513672
15404,476,0.15193307399749756
15405,476,0.16224607825279236
15406,476,0.16279613971710205
15407,476,0.14897802472114563
15408,476,0.08630381524562836
15409,476,0.15074962377548218
15410,476,0.0314573273062706
15411,476,0.1554219126701355
15412,476,0.029072104021906853
15413,476,0.08293215185403824
15414,476,0.07588247954845428
15415,476,0.022442635148763657
15416,476,0.0973430797457695
15417,476,0.08562392741441727
15418,476,0.15631040930747986
15419,477,0.16020303964614868
15420,477,0.09898307174444199
15421,477,0.16497258841991425
15422,477,0.08414433151483536
15423,477,0.08473747968673706
15424,477,0.08938638120889664
15425,477,0.39303165674209595
15426,477,0.08833925426006317
15427,477,0.01665152981877327
15428,477,0.019187988713383675
15429,477,0.21165049076080322
15430,477,0.2229054570198059
15431,477,0.07774430513381958
15432,477,0.09081484377384186
15433,478,0.14319388568401337
15434,478,0.2674890160560608
15435,478,0.20945152640342712
15436,478,0.15367111563682556
15437,478,0.1519746333360672
15438,478,0.2886058986186981
15439,478,0.09223021566867828
15440,478,0.030963532626628876
15441,478,0.08890489488840103
15442,478,0.10151243954896927
15443,478,0.09455321729183197
15444,478,0.13979145884513855
15445,478,0.21110081672668457
15446,478,0.1421550214290619
15447,479,0.08266978710889816
15448,479,0.1388096660375595
15449,479,0.08875153213739395
15450,479,0.2246515452861786
15451,479,0.2250402718782425
15452,479,0.1449081003665924
15453,479,0.16507749259471893
15454,479,0.09260302782058716
15455,479,0.2120407670736313
15456,479,0.21519815921783447
15457,479,0.02497546374797821
15458,479,0.14788870513439178
15459,480,0.2155512273311615
15460,480,0.3430686891078949
15461,480,0.02513529732823372
15462,480,0.07484827190637589
15463,480,0.14782015979290009
15464,480,0.15093010663986206
15465,480,0.21576806902885437
15466,480,0.3383532166481018
15467,480,0.0859067440032959
15468,480,0.043713442981243134
15469,480,0.2039513885974884
15470,480,0.1450423151254654
15471,480,0.2196652889251709
15472,480,0.22911538183689117
15473,480,0.14765259623527527
15474,480,0.0652986541390419
15475,480,0.0941966250538826
15476,480,0.14618203043937683
15477,480,0.08592359721660614
15478,480,0.2827994227409363
15479,481,0.14762833714485168
15480,481,0.15451616048812866
15481,481,0.22635376453399658
15482,481,0.03293220326304436
15483,481,0.35962867736816406
15484,481,0.20454129576683044
15485,481,0.21495996415615082
15486,481,0.016109496355056763
15487,481,0.2640077769756317
15488,482,0.07643910497426987
15489,482,0.21942274272441864
15490,482,0.13692831993103027
15491,482,0.2925413250923157
15492,482,0.03063417412340641
15493,482,0.14529064297676086
15494,482,0.023842599242925644
15495,482,0.08618023246526718
15496,482,0.14509038627147675
15497,482,0.07872644066810608
15498,482,0.13350291550159454
15499,482,0.027657639235258102
15500,482,0.09649405628442764
15501,482,0.15963929891586304
15502,482,0.2199222892522812
15503,483,0.32876086235046387
15504,483,0.08667444437742233
15505,483,0.1529746949672699
15506,483,0.15138815343379974
15507,483,0.022244658321142197
15508,483,0.2725602984428406
15509,483,0.15919668972492218
15510,483,0.10630325973033905
15511,483,0.21334093809127808
15512,483,0.22131550312042236
15513,484,0.029012281447649002
15514,484,0.15330743789672852
15515,484,0.08634531497955322
15516,484,0.0912802517414093
15517,484,0.026687536388635635
15518,484,0.2791304588317871
15519,484,0.14459598064422607
15520,484,0.082003153860569
15521,484,0.15048186480998993
15522,484,0.08582000434398651
15523,484,0.14746075868606567
15524,484,0.14551694691181183
15525,484,0.1581815481185913
15526,484,0.0224900059401989
15527,484,0.17019279301166534
15528,484,0.043582119047641754
15529,485,0.01973375678062439
15530,485,0.1491289883852005
15531,485,0.01863749325275421
15532,485,0.08630792051553726
15533,485,0.2132948338985443
15534,485,0.3018161356449127
15535,485,0.36041200160980225
15536,485,0.027849655598402023
15537,485,0.07876400649547577
15538,485,0.14310774207115173
15539,485,0.09851610660552979
15540,485,0.07136357575654984
15541,485,0.21225407719612122
15542,485,0.08473751693964005
15543,485,0.21294093132019043
15544,485,0.19748549163341522
15545,485,0.2218184620141983
15546,485,0.15213388204574585
15547,485,0.15255296230316162
15548,485,0.0759119987487793
15549,485,0.09441618621349335
15550,485,0.019910035654902458
15551,485,0.08979929238557816
15552,486,0.14899210631847382
15553,486,0.15610992908477783
15554,486,0.20730890333652496
15555,486,0.194587841629982
15556,486,0.2688393294811249
15557,486,0.09005904197692871
15558,486,0.0894613265991211
15559,486,0.2451978623867035
15560,486,0.21826034784317017
15561,486,0.023971013724803925
15562,486,0.16160474717617035
15563,486,0.2814328074455261
15564,486,0.4089675545692444
15565,486,0.16057553887367249
15566,486,0.21295160055160522
15567,486,0.028620850294828415
15568,486,0.15520179271697998
15569,486,0.029717611148953438
15570,487,0.19633150100708008
15571,487,0.16243529319763184
15572,487,0.0923343077301979
15573,487,0.02142024226486683
15574,487,0.09671744704246521
15575,487,0.031776491552591324
15576,487,0.08665892481803894
15577,487,0.21206623315811157
15578,487,0.08217103034257889
15579,487,0.15621347725391388
15580,487,0.28182363510131836
15581,487,0.2136377990245819
15582,487,0.09087387472391129
15583,487,0.08327075839042664
15584,487,0.08507085591554642
15585,487,0.10027486830949783
15586,487,0.20365819334983826
15587,487,0.2622845470905304
15588,487,0.2087564766407013
15589,488,0.21725407242774963
15590,488,0.21406836807727814
15591,488,0.20909307897090912
15592,488,0.21406473219394684
15593,488,0.14899897575378418
15594,488,0.09356355667114258
15595,488,0.15945793688297272
15596,488,0.0889962762594223
15597,488,0.08710077404975891
15598,488,0.01879974640905857
15599,488,0.08813827484846115
15600,488,0.15438827872276306
15601,489,0.1528187394142151
15602,489,0.20051784813404083
15603,489,0.019156867638230324
15604,489,0.20650814473628998
15605,489,0.15108169615268707
15606,489,0.14792756736278534
15607,489,0.09449786692857742
15608,489,0.06834834069013596
15609,489,0.41285696625709534
15610,489,0.20981283485889435
15611,489,0.14669719338417053
15612,489,0.027410637587308884
15613,489,0.20714490115642548
15614,489,0.14927129447460175
15615,489,0.17793519794940948
15616,489,0.021777957677841187
15617,489,0.02743145450949669
15618,489,0.08384354412555695
15619,490,0.0195959210395813
15620,490,0.10737018287181854
15621,490,0.15233871340751648
15622,490,0.149549663066864
15623,490,0.08541946113109589
15624,490,0.02190135419368744
15625,490,0.03116033412516117
15626,490,0.09006217122077942
15627,490,0.1448187679052353
15628,490,0.2185410112142563
15629,490,0.15296967327594757
15630,490,0.08447582274675369
15631,490,0.13954982161521912
15632,490,0.21610549092292786
15633,490,0.1433597207069397
15634,490,0.15851981937885284
15635,490,0.09746330231428146
15636,491,0.02474042773246765
15637,491,0.025342272594571114
15638,491,0.020524825900793076
15639,491,0.09949298202991486
15640,491,0.13826784491539001
15641,491,0.19789671897888184
15642,491,0.21602845191955566
15643,491,0.21546202898025513
15644,491,0.01564181223511696
15645,491,0.02828206680715084
15646,491,0.15145465731620789
15647,491,0.08628135919570923
15648,491,0.2726231813430786
15649,491,0.21975553035736084
15650,491,0.028897076845169067
15651,491,0.22843722999095917
15652,491,0.08270452916622162
15653,491,0.21312165260314941
15654,491,0.18873897194862366
15655,491,0.14438681304454803
15656,491,0.15157665312290192
15657,491,0.156276136636734
15658,491,0.15627726912498474
15659,491,0.09042472392320633
15660,491,0.09082083404064178
15661,492,0.02997111715376377
15662,492,0.018034551292657852
15663,492,0.21997199952602386
15664,492,0.10027077049016953
15665,492,0.02684115245938301
15666,492,0.14644339680671692
15667,492,0.08973244577646255
15668,492,0.08017019927501678
15669,492,0.029064958915114403
15670,492,0.026936976239085197
15671,492,0.22265461087226868
15672,492,0.2096550017595291
15673,492,0.09893210977315903
15674,492,0.20750077068805695
15675,492,0.14489547908306122
15676,492,0.3445681035518646
15677,492,0.0325150191783905
15678,492,0.14903485774993896
15679,492,0.16196073591709137
15680,492,0.15496668219566345
15681,493,0.15265581011772156
15682,493,0.21945393085479736
15683,493,0.13447968661785126
15684,493,0.02944767475128174
15685,493,0.16473108530044556
15686,493,0.10338029265403748
15687,493,0.1691286265850067
15688,493,0.08629171550273895
15689,493,0.21328581869602203
15690,494,0.27573472261428833
15691,494,0.08932008594274521
15692,494,0.08360594511032104
15693,494,0.14591556787490845
15694,494,0.22283092141151428
15695,494,0.16660985350608826
15696,494,0.14829705655574799
15697,494,0.161972314119339
15698,494,0.15802358090877533
15699,494,0.16249839961528778
15700,494,0.26667532324790955
15701,494,0.21324318647384644
15702,494,0.08261032402515411
15703,494,0.025233425199985504
15704,494,0.0823102593421936
15705,494,0.1469142884016037
15706,494,0.21320609748363495
15707,494,0.15129981935024261
15708,495,0.1537438929080963
15709,495,0.1471554934978485
15710,495,0.12437716871500015
15711,495,0.27317512035369873
15712,495,0.016996445134282112
15713,495,0.08125442266464233
15714,495,0.14729636907577515
15715,495,0.09579736739397049
15716,495,0.1432737112045288
15717,495,0.15583913028240204
15718,495,0.1321900337934494
15719,495,0.01787741295993328
15720,495,0.03838903829455376
15721,495,0.01780611276626587
15722,495,0.2150510549545288
15723,495,0.1412859559059143
15724,495,0.2081853747367859
15725,495,0.020514007657766342
15726,495,0.2053641825914383
15727,495,0.08097845315933228
15728,495,0.018399756401777267
15729,496,0.22060507535934448
15730,496,0.090516097843647
15731,496,0.21806000173091888
15732,496,0.14175096154212952
15733,496,0.1547555774450302
15734,496,0.1511179804801941
15735,496,0.09174894541501999
15736,496,0.09466079622507095
15737,496,0.21646030247211456
15738,496,0.2720784544944763
15739,496,0.21576367318630219
15740,496,0.08738752454519272
15741,496,0.10334091633558273
15742,496,0.09000176191329956
15743,496,0.0869474783539772
15744,496,0.03226151317358017
15745,496,0.08681120723485947
15746,497,0.08067919313907623
15747,497,0.22051987051963806
15748,497,0.023509178310632706
15749,497,0.08672734349966049
15750,497,0.14852170646190643
15751,497,0.21674348413944244
15752,497,0.16142220795154572
15753,497,0.01802550069987774
15754,497,0.14059790968894958
15755,497,0.21548007428646088
15756,497,0.15665625035762787
15757,497,0.28591158986091614
15758,497,0.09191573411226273
15759,497,0.16547730565071106
15760,497,0.21787364780902863
15761,497,0.030456528067588806
15762,497,0.16675083339214325
15763,497,0.1509607434272766
15764,497,0.09876618534326553
15765,497,0.14731952548027039
15766,497,0.01995294727385044
15767,497,0.3523794412612915
15768,497,0.02321077510714531
15769,498,0.14289897680282593
15770,498,0.2136114239692688
15771,498,0.02806924469769001
15772,498,0.1665215641260147
15773,498,0.09334240108728409
15774,498,0.2135808765888214
15775,498,0.15848593413829803
15776,498,0.27164652943611145
15777,498,0.21859334409236908
15778,498,0.13833659887313843
15779,498,0.23007263243198395
15780,498,0.020564913749694824
15781,498,0.2756888270378113
15782,498,0.27172181010246277
15783,498,0.08676586300134659
15784,498,0.1585416942834854
15785,498,0.278017520904541
15786,498,0.09278452396392822
15787,498,0.03178766369819641
15788,498,0.09526451677083969
15789,499,0.1496717482805252
15790,499,0.08534277230501175
15791,499,0.1687730848789215
15792,499,0.21251024305820465
15793,499,0.024397367611527443
15794,499,0.09062419086694717
15795,499,0.21102368831634521
15796,499,0.2845659554004669
15797,499,0.22644345462322235
15798,499,0.03368363156914711
15799,499,0.20856033265590668
15800,499,0.21208807826042175
15801,499,0.10327421873807907
15802,499,0.21823212504386902
15803,499,0.21806785464286804
15804,499,0.10009720921516418
15805,499,0.09471194446086884
15806,499,0.28421109914779663
15807,499,0.15332970023155212
15808,499,0.16664887964725494
15809,500,0.09370671957731247
15810,500,0.21901142597198486
15811,500,0.10174237936735153
15812,500,0.28069883584976196
15813,500,0.03890390694141388
15814,500,0.09888286888599396
15815,500,0.27280759811401367
15816,500,0.161455899477005
15817,500,0.0872487798333168
15818,500,0.08530774712562561
15819,500,0.09090784937143326
15820,500,0.2123914361000061
15821,500,0.0258671622723341
15822,500,0.15466630458831787
15823,500,0.15107542276382446
15824,501,0.08895379304885864
15825,501,0.08891704678535461
15826,501,0.16351057589054108
15827,501,0.40882736444473267
15828,501,0.08571801334619522
15829,501,0.22734391689300537
15830,501,0.09221912920475006
15831,501,0.0262615829706192
15832,501,0.14798910915851593
15833,501,0.16597943007946014
15834,501,0.15275315940380096
15835,502,0.09838059544563293
15836,502,0.21010173857212067
15837,502,0.15525592863559723
15838,502,0.1514703333377838
15839,502,0.20984026789665222
15840,502,0.027140770107507706
15841,502,0.26454225182533264
15842,502,0.02340294048190117
15843,502,0.2157222330570221
15844,502,0.032864682376384735
15845,502,0.15987920761108398
15846,502,0.15336574614048004
15847,502,0.16752035915851593
15848,502,0.08887941390275955
15849,502,0.21168917417526245
15850,502,0.2720133662223816
15851,502,0.10377232730388641
15852,502,0.20724181830883026
15853,502,0.14982293546199799
15854,502,0.08671525865793228
15855,503,0.10990910232067108
15856,503,0.08729378879070282
15857,503,0.10506445169448853
15858,503,0.02777516469359398
15859,503,0.13411329686641693
15860,503,0.08371954411268234
15861,503,0.02520947903394699
15862,503,0.2076999545097351
15863,503,0.03200377896428108
15864,503,0.08850813657045364
15865,503,0.14822576940059662
15866,503,0.08728760480880737
15867,503,0.029568661004304886
15868,503,0.15542420744895935
15869,503,0.14916256070137024
15870,503,0.23474378883838654
15871,503,0.028601808473467827
15872,503,0.14476512372493744
15873,503,0.15807220339775085
15874,503,0.14228247106075287
15875,504,0.21856063604354858
15876,504,0.022408215329051018
15877,504,0.16181042790412903
15878,504,0.08535490185022354
15879,504,0.025804568082094193
15880,504,0.01649828813970089
15881,504,0.2731495499610901
15882,504,0.16899153590202332
15883,504,0.21516373753547668
15884,504,0.14048954844474792
15885,504,0.02491341531276703
15886,504,0.07970279455184937
15887,504,0.28747236728668213
15888,504,0.27797654271125793
15889,504,0.09018786996603012
15890,504,0.16042554378509521
15891,505,0.16741785407066345
15892,505,0.16434085369110107
15893,505,0.01566465198993683
15894,505,0.2043779343366623
15895,505,0.1655789017677307
15896,505,0.14552809298038483
15897,505,0.013492686673998833
15898,505,0.1561896651983261
15899,505,0.21119500696659088
15900,505,0.16402725875377655
15901,505,0.019491074606776237
15902,505,0.21460312604904175
15903,505,0.15251131355762482
15904,505,0.4079170227050781
15905,505,0.019154949113726616
15906,505,0.14918138086795807
15907,505,0.14553803205490112
15908,505,0.09398362040519714
15909,506,0.1590740978717804
15910,506,0.1519547998905182
15911,506,0.2013782262802124
15912,506,0.15556930005550385
15913,506,0.08819792419672012
15914,506,0.09779784828424454
15915,506,0.1470775604248047
15916,506,0.08382723480463028
15917,506,0.03402140364050865
15918,506,0.3421953618526459
15919,506,0.29196131229400635
15920,506,0.1518612802028656
15921,506,0.09204509109258652
15922,506,0.026744164526462555
15923,506,0.03707714378833771
15924,506,0.14895781874656677
15925,506,0.21276839077472687
15926,506,0.2185233235359192
15927,506,0.30360275506973267
15928,506,0.2678661346435547
15929,506,0.08992473036050797
15930,506,0.04321340098977089
15931,507,0.09549351781606674
15932,507,0.028282087296247482
15933,507,0.09459248930215836
15934,507,0.03000054880976677
15935,507,0.21158850193023682
15936,507,0.16095711290836334
15937,507,0.20919328927993774
15938,507,0.031885407865047455
15939,507,0.08709356933832169
15940,507,0.07908785343170166
15941,507,0.026703201234340668
15942,507,0.026224013417959213
15943,507,0.2804379463195801
15944,507,0.22044965624809265
15945,507,0.15808825194835663
15946,507,0.08724181354045868
15947,507,0.07872636616230011
15948,507,0.14145997166633606
15949,507,0.018726957961916924
15950,507,0.2850225865840912
15951,508,0.15404289960861206
15952,508,0.15021032094955444
15953,508,0.1386207789182663
15954,508,0.029905764386057854
15955,508,0.15090912580490112
15956,508,0.3954058587551117
15957,508,0.08722982555627823
15958,508,0.09534748643636703
15959,508,0.012250382453203201
15960,508,0.09402754157781601
15961,508,0.08357822149991989
15962,508,0.10129587352275848
15963,508,0.09753108769655228
15964,508,0.21768467128276825
15965,508,0.019440824165940285
15966,508,0.22614692151546478
15967,508,0.08560483157634735
15968,508,0.2866249680519104
15969,508,0.022801807150244713
15970,508,0.09482874721288681
15971,508,0.0974884107708931
15972,508,0.22137999534606934
15973,509,0.22109036147594452
15974,509,0.02274063415825367
15975,509,0.020315613597631454
15976,509,0.22400471568107605
15977,509,0.23664963245391846
15978,509,0.35443297028541565
15979,509,0.09724855422973633
15980,509,0.34413954615592957
15981,509,0.217848002910614
15982,509,0.2267361283302307
15983,509,0.21122686564922333
15984,510,0.09209828823804855
15985,510,0.2858273386955261
15986,510,0.08688955754041672
15987,510,0.22468125820159912
15988,510,0.16897815465927124
15989,510,0.02599947154521942
15990,510,0.10027726739645004
15991,510,0.15021555125713348
15992,510,0.4927908778190613
15993,511,0.1529776155948639
15994,511,0.15318460762500763
15995,511,0.03411351144313812
15996,511,0.20226453244686127
15997,511,0.1571110486984253
15998,511,0.2814596891403198
15999,511,0.15495304763317108
16000,511,0.0839935839176178
16001,511,0.15389320254325867
16002,511,0.14161041378974915
16003,511,0.1722811609506607
16004,511,0.023015795275568962
16005,511,0.2812488079071045
16006,511,0.1601804792881012
16007,511,0.16746434569358826
16008,511,0.08701299130916595
16009,512,0.08452396839857101
16010,512,0.02210131473839283
16011,512,0.15802401304244995
16012,512,0.2306000143289566
16013,512,0.0913836732506752
16014,512,0.09434601664543152
16015,512,0.14601419866085052
16016,512,0.14511547982692719
16017,512,0.08325482159852982
16018,512,0.15757553279399872
16019,512,0.15073832869529724
16020,512,0.033854685723781586
16021,512,0.14074233174324036
16022,512,0.017110170796513557
16023,512,0.14424964785575867
16024,512,0.16580554842948914
16025,512,0.08080442994832993
16026,512,0.1534096747636795
16027,512,0.02995135635137558
16028,512,0.2112559825181961
16029,512,0.07716932147741318
16030,512,0.198988139629364
16031,512,0.11347756534814835
16032,513,0.1567663699388504
16033,513,0.09421325474977493
16034,513,0.14573277533054352
16035,513,0.34911441802978516
16036,513,0.36326122283935547
16037,513,0.1499939262866974
16038,513,0.1743507981300354
16039,513,0.0855690985918045
16040,513,0.0960540771484375
16041,513,0.21983298659324646
16042,513,0.13724064826965332
16043,513,0.223702073097229
16044,513,0.025425167754292488
16045,513,0.02178536169230938
16046,513,0.2237924188375473
16047,513,0.0899546891450882
16048,513,0.36917445063591003
16049,513,0.08547557145357132
16050,513,0.08290887624025345
16051,513,0.08804357051849365
16052,513,0.07716892659664154
16053,513,0.02301723137497902
16054,513,0.15272001922130585
16055,514,0.07829339057207108
16056,514,0.1536322683095932
16057,514,0.4090161621570587
16058,514,0.14296220242977142
16059,514,0.021217305213212967
16060,514,0.15351006388664246
16061,514,0.09901930391788483
16062,514,0.08273033052682877
16063,514,0.29590320587158203
16064,514,0.21635012328624725
16065,514,0.20641100406646729
16066,514,0.15800844132900238
16067,514,0.15862460434436798
16068,514,0.09073453396558762
16069,514,0.1962587982416153
16070,514,0.09381160885095596
16071,515,0.1483357548713684
16072,515,0.09355323761701584
16073,515,0.21221278607845306
16074,515,0.018738865852355957
16075,515,0.15682438015937805
16076,515,0.026834644377231598
16077,515,0.14307105541229248
16078,515,0.2777315676212311
16079,515,0.2156522572040558
16080,515,0.28346922993659973
16081,515,0.024314802139997482
16082,515,0.08424865454435349
16083,515,0.34961026906967163
16084,515,0.02062974125146866
16085,515,0.21268178522586823
16086,515,0.0845794528722763
16087,515,0.0914795845746994
16088,515,0.15041807293891907
16089,515,0.04067021235823631
16090,515,0.17175869643688202
16091,515,0.032574258744716644
16092,516,0.08036060631275177
16093,516,0.023392383009195328
16094,516,0.16359543800354004
16095,516,0.024825602769851685
16096,516,0.09303566813468933
16097,516,0.22724519670009613
16098,516,0.21181292831897736
16099,516,0.16324761509895325
16100,516,0.1498897224664688
16101,516,0.41134944558143616
16102,516,0.08818456530570984
16103,516,0.22321128845214844
16104,516,0.023900246247649193
16105,516,0.08451680839061737
16106,516,0.02376110665500164
16107,516,0.15342977643013
16108,516,0.15273980796337128
16109,516,0.09097656607627869
16110,516,0.09112299233675003
16111,516,0.14819762110710144
16112,516,0.09897810965776443
16113,516,0.10266469419002533
16114,516,0.27193936705589294
16115,517,0.10101600736379623
16116,517,0.09095615893602371
16117,517,0.2871980667114258
16118,517,0.09020248055458069
16119,517,0.020848970860242844
16120,517,0.220866858959198
16121,517,0.02373264543712139
16122,517,0.1992083340883255
16123,517,0.15404640138149261
16124,517,0.2867218255996704
16125,517,0.1011551022529602
16126,517,0.29749906063079834
16127,517,0.14726042747497559
16128,517,0.0913078784942627
16129,517,0.08279049396514893
16130,518,0.20885340869426727
16131,518,0.21860040724277496
16132,518,0.08996179699897766
16133,518,0.10075604915618896
16134,518,0.21491971611976624
16135,518,0.08479727804660797
16136,518,0.14313624799251556
16137,518,0.08275073766708374
16138,518,0.08861153572797775
16139,518,0.1569775938987732
16140,518,0.08783118426799774
16141,518,0.09220043569803238
16142,518,0.20138227939605713
16143,518,0.07877755910158157
16144,518,0.15059387683868408
16145,518,0.15180739760398865
16146,518,0.2934781014919281
16147,518,0.15933272242546082
16148,518,0.09459461271762848
16149,518,0.3001418113708496
16150,519,0.27853232622146606
16151,519,0.14901216328144073
16152,519,0.07508035749197006
16153,519,0.21416078507900238
16154,519,0.016895174980163574
16155,519,0.28380680084228516
16156,519,0.2000890076160431
16157,519,0.15183646976947784
16158,519,0.15685048699378967
16159,519,0.1707843840122223
16160,519,0.4019628167152405
16161,519,0.0908534899353981
16162,519,0.15780699253082275
16163,519,0.15029078722000122
16164,519,0.0774710401892662
16165,519,0.16482457518577576
16166,519,0.08039695769548416
16167,519,0.097226083278656
16168,519,0.02559097483754158
16169,519,0.2804298400878906
16170,519,0.09646277129650116
16171,520,0.021164365112781525
16172,520,0.07378474622964859
16173,520,0.027826350182294846
16174,520,0.14384806156158447
16175,520,0.28281235694885254
16176,520,0.15119680762290955
16177,520,0.23263220489025116
16178,520,0.35306355357170105
16179,520,0.025530755519866943
16180,520,0.34606993198394775
16181,520,0.041345980018377304
16182,520,0.020735647529363632
16183,520,0.14084303379058838
16184,520,0.09620042890310287
16185,520,0.33845245838165283
16186,520,0.09735869616270065
16187,520,0.1580900251865387
16188,521,0.021232612431049347
16189,521,0.018785230815410614
16190,521,0.14721596240997314
16191,521,0.02214948460459709
16192,521,0.29109814763069153
16193,521,0.27593132853507996
16194,521,0.34846729040145874
16195,521,0.25420355796813965
16196,521,0.02712169848382473
16197,521,0.22478802502155304
16198,521,0.09516362845897675
16199,521,0.0874020904302597
16200,521,0.07827220112085342
16201,521,0.29123783111572266
16202,521,0.09246590733528137
16203,521,0.2372950315475464
16204,521,0.15279099345207214
16205,521,0.15240724384784698
16206,521,0.08286099880933762
16207,521,0.20516842603683472
16208,521,0.07794240117073059
16209,521,0.021241191774606705
16210,522,0.08771078288555145
16211,522,0.09037342667579651
16212,522,0.13331574201583862
16213,522,0.023058688268065453
16214,522,0.14829908311367035
16215,522,0.21633906662464142
16216,522,0.15843293070793152
16217,522,0.17051737010478973
16218,522,0.28101474046707153
16219,522,0.15939471125602722
16220,522,0.15868669748306274
16221,522,0.09383522719144821
16222,522,0.15703269839286804
16223,522,0.27126792073249817
16224,522,0.0959092304110527
16225,522,0.15553265810012817
16226,522,0.034130554646253586
16227,522,0.0159026887267828
16228,522,0.09795163571834564
16229,522,0.07538070529699326
16230,522,0.09006192535161972
16231,523,0.20613591372966766
16232,523,0.09649531543254852
16233,523,0.09401363134384155
16234,523,0.15464206039905548
16235,523,0.09163468331098557
16236,523,0.2300020307302475
16237,523,0.21637198328971863
16238,523,0.13955895602703094
16239,523,0.23833021521568298
16240,523,0.152913436293602
16241,523,0.14547234773635864
16242,523,0.2853420376777649
16243,523,0.1435595452785492
16244,523,0.15328341722488403
16245,523,0.24369929730892181
16246,523,0.09198246896266937
16247,523,0.35666176676750183
16248,523,0.1503770649433136
16249,523,0.21262966096401215
16250,523,0.1603599488735199
16251,524,0.21351838111877441
16252,524,0.13453446328639984
16253,524,0.14295588433742523
16254,524,0.09322018921375275
16255,524,0.39483940601348877
16256,524,0.22432680428028107
16257,524,0.1572309136390686
16258,524,0.14660446345806122
16259,524,0.2517273426055908
16260,524,0.0257278960198164
16261,524,0.15298393368721008
16262,524,0.09365621954202652
16263,524,0.13231541216373444
16264,524,0.09716453403234482
16265,524,0.07831592857837677
16266,524,0.14166128635406494
16267,524,0.2025454044342041
16268,524,0.020048046484589577
16269,524,0.22475963830947876
16270,524,0.08490906655788422
16271,524,0.14881214499473572
16272,524,0.36722296476364136
16273,525,0.14606866240501404
16274,525,0.06768909841775894
16275,525,0.0863441526889801
16276,525,0.2218717336654663
16277,525,0.21810851991176605
16278,525,0.07584260404109955
16279,525,0.23966363072395325
16280,525,0.15999096632003784
16281,525,0.15007947385311127
16282,525,0.1401275098323822
16283,525,0.152933731675148
16284,525,0.14859220385551453
16285,526,0.152219757437706
16286,526,0.1682661771774292
16287,526,0.031515490263700485
16288,526,0.39537492394447327
16289,526,0.09096293151378632
16290,526,0.17170457541942596
16291,526,0.2248331606388092
16292,526,0.1450582891702652
16293,526,0.3421558141708374
16294,526,0.08056312054395676
16295,527,0.034879885613918304
16296,527,0.15138870477676392
16297,527,0.0960509181022644
16298,527,0.0927109643816948
16299,527,0.1701318621635437
16300,527,0.16079260408878326
16301,527,0.07900259643793106
16302,527,0.045589327812194824
16303,527,0.2171512395143509
16304,527,0.27794337272644043
16305,527,0.15355965495109558
16306,527,0.2803652882575989
16307,527,0.15968267619609833
16308,527,0.2828271985054016
16309,527,0.22886161506175995
16310,527,0.08908442407846451
16311,528,0.09018020331859589
16312,528,0.15345428884029388
16313,528,0.1558719277381897
16314,528,0.2870275676250458
16315,528,0.018821077421307564
16316,528,0.023628026247024536
16317,528,0.09255213290452957
16318,528,0.11148986220359802
16319,528,0.4112102687358856
16320,528,0.13890282809734344
16321,528,0.09248451143503189
16322,528,0.021382581442594528
16323,528,0.07613277435302734
16324,529,0.27712297439575195
16325,529,0.3449174761772156
16326,529,0.02531590685248375
16327,529,0.1632506549358368
16328,529,0.15427139401435852
16329,529,0.026125237345695496
16330,529,0.07916529476642609
16331,529,0.08294802904129028
16332,529,0.0932476818561554
16333,530,0.08708751201629639
16334,530,0.22996538877487183
16335,530,0.1588176190853119
16336,530,0.08286643773317337
16337,530,0.07258912175893784
16338,530,0.13921552896499634
16339,530,0.07613608986139297
16340,530,0.2787618041038513
16341,530,0.15085215866565704
16342,530,0.22632205486297607
16343,530,0.08350219577550888
16344,530,0.14476189017295837
16345,530,0.0881747305393219
16346,530,0.08347073942422867
16347,530,0.07972421497106552
16348,530,0.1846313774585724
16349,530,0.21662291884422302
16350,530,0.14177007973194122
16351,530,0.02026689611375332
16352,531,0.15896451473236084
16353,531,0.15809372067451477
16354,531,0.16290059685707092
16355,531,0.1528620570898056
16356,531,0.02208680845797062
16357,531,0.338637113571167
16358,531,0.22291499376296997
16359,531,0.26866915822029114
16360,531,0.2044580727815628
16361,531,0.10101050138473511
16362,531,0.0981978103518486
16363,531,0.08809294551610947
16364,531,0.2274514138698578
16365,531,0.16346442699432373
16366,531,0.21615715324878693
16367,531,0.08375002443790436
16368,532,0.2091885805130005
16369,532,0.21052998304367065
16370,532,0.3407016098499298
16371,532,0.16429972648620605
16372,532,0.0886344313621521
16373,532,0.021711310371756554
16374,532,0.21438291668891907
16375,532,0.019167155027389526
16376,532,0.09467476606369019
16377,532,0.153949573636055
16378,532,0.17324082553386688
16379,532,0.14062544703483582
16380,532,0.14744095504283905
16381,532,0.08864133059978485
16382,532,0.029083136469125748
16383,532,0.1633676141500473
16384,532,0.21969152987003326
16385,532,0.20545431971549988
16386,532,0.1497507393360138
16387,532,0.15210968255996704
16388,532,0.024426087737083435
16389,532,0.08889572322368622
16390,532,0.0894656702876091
16391,532,0.0956360325217247
16392,532,0.07871367782354355
16393,533,0.14078544080257416
16394,533,0.09314543753862381
16395,533,0.015121666714549065
16396,533,0.15958218276500702
16397,533,0.23230773210525513
16398,533,0.020983362570405006
16399,533,0.08674979209899902
16400,533,0.2080981582403183
16401,533,0.2212752401828766
16402,533,0.2798696756362915
16403,533,0.08318981528282166
16404,533,0.4708852171897888
16405,533,0.15684914588928223
16406,533,0.16238176822662354
16407,533,0.019542336463928223
16408,533,0.025990335270762444
16409,533,0.213436096906662
16410,533,0.08027169108390808
16411,534,0.030198384076356888
16412,534,0.08633752167224884
16413,534,0.09776464849710464
16414,534,0.21102041006088257
16415,534,0.07595601677894592
16416,534,0.08584053069353104
16417,534,0.021548476070165634
16418,534,0.2186400294303894
16419,534,0.09631524980068207
16420,534,0.1463611125946045
16421,534,0.2322203367948532
16422,534,0.08963970094919205
16423,534,0.16577763855457306
16424,534,0.2907663583755493
16425,534,0.08939145505428314
16426,534,0.029070822522044182
16427,534,0.152461975812912
16428,534,0.02571025677025318
16429,534,0.03428032994270325
16430,534,0.09496372193098068
16431,534,0.16331681609153748
16432,535,0.017454907298088074
16433,535,0.16084931790828705
16434,535,0.20592103898525238
16435,535,0.22518859803676605
16436,535,0.4087613523006439
16437,535,0.0804835855960846
16438,535,0.018208444118499756
16439,535,0.026739388704299927
16440,535,0.13263408839702606
16441,535,0.19471243023872375
16442,535,0.27682170271873474
16443,535,0.1678583323955536
16444,535,0.08619391173124313
16445,535,0.21948906779289246
16446,535,0.09163910150527954
16447,535,0.201140359044075
16448,535,0.021279985085129738
16449,535,0.29469776153564453
16450,535,0.21936826407909393
16451,535,0.07964780926704407
16452,535,0.16199222207069397
16453,536,0.08436638861894608
16454,536,0.14069411158561707
16455,536,0.08173796534538269
16456,536,0.21036531031131744
16457,536,0.1516961306333542
16458,536,0.09489724040031433
16459,536,0.020283235237002373
16460,536,0.018339406698942184
16461,536,0.08591251075267792
16462,536,0.0186961330473423
16463,536,0.2137298285961151
16464,536,0.22989368438720703
16465,536,0.08918023854494095
16466,536,0.09097540378570557
16467,536,0.34253185987472534
16468,536,0.09451320022344589
16469,536,0.2820330858230591
16470,536,0.08620069175958633
16471,536,0.222156822681427
16472,536,0.4068097472190857
16473,536,0.20310018956661224
16474,537,0.027374183759093285
16475,537,0.0898900032043457
16476,537,0.22314566373825073
16477,537,0.08002796024084091
16478,537,0.29629746079444885
16479,537,0.3431464433670044
16480,537,0.07349610328674316
16481,537,0.20995965600013733
16482,537,0.1619681715965271
16483,537,0.19863270223140717
16484,537,0.021198531612753868
16485,537,0.01958627998828888
16486,538,0.14720991253852844
16487,538,0.21659967303276062
16488,538,0.0847315564751625
16489,538,0.09148692339658737
16490,538,0.14568030834197998
16491,538,0.0817742794752121
16492,538,0.03087066300213337
16493,538,0.2207992523908615
16494,538,0.2690315842628479
16495,538,0.08735813945531845
16496,538,0.3015635013580322
16497,538,0.08512886613607407
16498,539,0.15493330359458923
16499,539,0.2176755964756012
16500,539,0.15801794826984406
16501,539,0.06023178622126579
16502,539,0.2033771127462387
16503,539,0.1464935690164566
16504,539,0.07305057346820831
16505,539,0.1493529975414276
16506,539,0.021641947329044342
16507,539,0.22137054800987244
16508,539,0.29355067014694214
16509,539,0.14064094424247742
16510,540,0.0909593403339386
16511,540,0.22588840126991272
16512,540,0.2124721109867096
16513,540,0.08494751155376434
16514,540,0.15880368649959564
16515,540,0.09767010807991028
16516,540,0.028511743992567062
16517,540,0.27949416637420654
16518,540,0.09193062782287598
16519,540,0.02229372225701809
16520,540,0.15705905854701996
16521,540,0.20396924018859863
16522,540,0.018955809995532036
16523,540,0.08518986403942108
16524,540,0.29914847016334534
16525,540,0.022135736420750618
16526,540,0.23113080859184265
16527,540,0.22438396513462067
16528,540,0.15717323124408722
16529,540,0.08732564747333527
16530,540,0.15172557532787323
16531,541,0.1481073498725891
16532,541,0.22191449999809265
16533,541,0.13907630741596222
16534,541,0.1484411209821701
16535,541,0.0819169133901596
16536,541,0.09408316016197205
16537,541,0.21269412338733673
16538,541,0.10300667583942413
16539,541,0.15671291947364807
16540,541,0.40869906544685364
16541,541,0.21170012652873993
16542,541,0.02846466563642025
16543,541,0.07956859469413757
16544,541,0.1411784440279007
16545,541,0.21923282742500305
16546,541,0.15448112785816193
16547,541,0.2068084180355072
16548,541,0.027016518637537956
16549,541,0.11252474039793015
16550,541,0.15296031534671783
16551,541,0.1487688422203064
16552,541,0.07926158607006073
16553,542,0.19301249086856842
16554,542,0.21256406605243683
16555,542,0.2805648148059845
16556,542,0.14350080490112305
16557,542,0.3341611623764038
16558,542,0.16038022935390472
16559,542,0.2759939134120941
16560,542,0.07535236328840256
16561,542,0.21624860167503357
16562,542,0.14434462785720825
16563,542,0.09058288484811783
16564,542,0.0928502157330513
16565,542,0.21965564787387848
16566,542,0.20897389948368073
16567,542,0.20210832357406616
16568,542,0.0376749150454998
16569,542,0.09672971069812775
16570,542,0.2257305085659027
16571,542,0.14997677505016327
16572,542,0.15206649899482727
16573,542,0.14506524801254272
16574,542,0.09095326066017151
16575,542,0.20853540301322937
16576,543,0.15775129199028015
16577,543,0.023255959153175354
16578,543,0.19293509423732758
16579,543,0.015072834677994251
16580,543,0.09286681562662125
16581,543,0.33494341373443604
16582,543,0.26405778527259827
16583,543,0.15612801909446716
16584,543,0.12832951545715332
16585,543,0.14878933131694794
16586,543,0.09240670502185822
16587,543,0.08178488910198212
16588,543,0.03222909942269325
16589,543,0.20474150776863098
16590,544,0.09557421505451202
16591,544,0.22389711439609528
16592,544,0.2730958163738251
16593,544,0.1700611710548401
16594,544,0.026356332004070282
16595,544,0.14477263391017914
16596,544,0.27857786417007446
16597,544,0.2742418348789215
16598,544,0.017354192212224007
16599,544,0.09184536337852478
16600,544,0.08486440777778625
16601,544,0.09395842999219894
16602,544,0.15844926238059998
16603,544,0.14571303129196167
16604,544,0.08095291256904602
16605,544,0.2830114960670471
16606,544,0.08695752918720245
16607,545,0.27080413699150085
16608,545,0.1694849729537964
16609,545,0.015346991829574108
16610,545,0.21244385838508606
16611,545,0.07830704748630524
16612,545,0.09833541512489319
16613,545,0.09517364203929901
16614,545,0.14821146428585052
16615,545,0.0837448388338089
16616,545,0.36254674196243286
16617,545,0.20670375227928162
16618,545,0.0813198834657669
16619,545,0.030541490763425827
16620,545,0.221219003200531
16621,545,0.14619135856628418
16622,545,0.541885495185852
16623,545,0.020550096407532692
16624,545,0.08440025895833969
16625,545,0.14159157872200012
16626,545,0.08247870206832886
16627,545,0.22527389228343964
16628,546,0.0243026465177536
16629,546,0.08803395926952362
16630,546,0.20810015499591827
16631,546,0.08934906125068665
16632,546,0.15123549103736877
16633,546,0.1032586619257927
16634,546,0.26994848251342773
16635,546,0.2246689796447754
16636,546,0.08095631748437881
16637,546,0.1424792855978012
16638,546,0.15432913601398468
16639,546,0.2778695225715637
16640,546,0.22875553369522095
16641,546,0.0885651707649231
16642,546,0.291702538728714
16643,546,0.2323121577501297
16644,546,0.15513721108436584
16645,546,0.21593031287193298
16646,546,0.15408307313919067
16647,547,0.20860125124454498
16648,547,0.10941218584775925
16649,547,0.2855440080165863
16650,547,0.14376609027385712
16651,547,0.16624832153320312
16652,547,0.12619425356388092
16653,547,0.16108962893486023
16654,547,0.16108059883117676
16655,547,0.023059580475091934
16656,547,0.09755722433328629
16657,547,0.21804571151733398
16658,547,0.08530888706445694
16659,547,0.14011533558368683
16660,547,0.27223333716392517
16661,547,0.014873764477670193
16662,548,0.14493149518966675
16663,548,0.11316386610269547
16664,548,0.09303706884384155
16665,548,0.018416885286569595
16666,548,0.09215683490037918
16667,548,0.14667609333992004
16668,548,0.016001403331756592
16669,548,0.15525195002555847
16670,548,0.14342333376407623
16671,548,0.1492542326450348
16672,548,0.09085717797279358
16673,548,0.015563281252980232
16674,548,0.08251015841960907
16675,548,0.15283358097076416
16676,548,0.016060233116149902
16677,548,0.20877401530742645
16678,548,0.22029051184654236
16679,548,0.2167779505252838
16680,548,0.10896444320678711
16681,549,0.08923210203647614
16682,549,0.14384880661964417
16683,549,0.17412744462490082
16684,549,0.024284226819872856
16685,549,0.019630514085292816
16686,549,0.08314047753810883
16687,549,0.2941449284553528
16688,549,0.27882903814315796
16689,549,0.09039333462715149
16690,549,0.20548292994499207
16691,549,0.101071797311306
16692,549,0.16256627440452576
16693,550,0.15557636320590973
16694,550,0.15491491556167603
16695,550,0.2207263857126236
16696,550,0.07999604940414429
16697,550,0.355452299118042
16698,550,0.16045807301998138
16699,550,0.08758474141359329
16700,550,0.024735400453209877
16701,550,0.08037643134593964
16702,550,0.22781729698181152
16703,550,0.09233785420656204
16704,550,0.2156050056219101
16705,550,0.22486218810081482
16706,550,0.026091208681464195
16707,550,0.09168294817209244
16708,550,0.1710401177406311
16709,550,0.15640094876289368
16710,550,0.2081741988658905
16711,551,0.13580211997032166
16712,551,0.08248221129179001
16713,551,0.2344663441181183
16714,551,0.3319087028503418
16715,551,0.02259194478392601
16716,551,0.07705391198396683
16717,551,0.148352712392807
16718,551,0.09502987563610077
16719,551,0.1081579253077507
16720,552,0.02408733032643795
16721,552,0.21326424181461334
16722,552,0.0169783066958189
16723,552,0.07271251082420349
16724,552,0.026510784402489662
16725,552,0.34139612317085266
16726,552,0.09305811673402786
16727,552,0.13504111766815186
16728,552,0.15298984944820404
16729,552,0.2951295077800751
16730,552,0.2192264199256897
16731,552,0.16017179191112518
16732,552,0.15807494521141052
16733,552,0.20309799909591675
16734,552,0.26737749576568604
16735,552,0.07430660724639893
16736,552,0.15438947081565857
16737,552,0.10912604629993439
16738,552,0.14113597571849823
16739,552,0.10251031816005707
16740,553,0.2694642245769501
16741,553,0.1575482040643692
16742,553,0.10364409536123276
16743,553,0.0851668119430542
16744,553,0.09967531263828278
16745,553,0.024777676910161972
16746,553,0.10088712722063065
16747,553,0.09440302103757858
16748,553,0.0875297486782074
16749,554,0.038200072944164276
16750,554,0.3481774628162384
16751,554,0.08823969215154648
16752,554,0.2206723988056183
16753,554,0.08698700368404388
16754,554,0.15203388035297394
16755,554,0.3416740298271179
16756,554,0.16115544736385345
16757,554,0.15165306627750397
16758,554,0.08998329192399979
16759,554,0.15821124613285065
16760,554,0.09429644793272018
16761,554,0.1528242826461792
16762,554,0.28221145272254944
16763,555,0.03124001808464527
16764,555,0.2122710943222046
16765,555,0.14967066049575806
16766,555,0.2189895361661911
16767,555,0.16560600697994232
16768,555,0.13827277719974518
16769,555,0.28376686573028564
16770,555,0.4119313955307007
16771,555,0.08986511826515198
16772,555,0.07837609946727753
16773,555,0.09841201454401016
16774,555,0.15355321764945984
16775,555,0.09908430278301239
16776,555,0.17194612324237823
16777,556,0.14849413931369781
16778,556,0.0855245590209961
16779,556,0.14457032084465027
16780,556,0.20435291528701782
16781,556,0.352742463350296
16782,556,0.1354457437992096
16783,556,0.024106228724122047
16784,556,0.1516217291355133
16785,556,0.0841824933886528
16786,556,0.20209307968616486
16787,556,0.35426217317581177
16788,557,0.09243936836719513
16789,557,0.024553727358579636
16790,557,0.08874309808015823
16791,557,0.2886810302734375
16792,557,0.14850103855133057
16793,557,0.14850476384162903
16794,557,0.21455921232700348
16795,557,0.08722800016403198
16796,557,0.08310859650373459
16797,558,0.01808054931461811
16798,558,0.1515532284975052
16799,558,0.08488332480192184
16800,558,0.1581166386604309
16801,558,0.08771625906229019
16802,558,0.2168501317501068
16803,558,0.09237250685691833
16804,558,0.08385859429836273
16805,558,0.06636175513267517
16806,558,0.1415480673313141
16807,559,0.14644195139408112
16808,559,0.1104339063167572
16809,559,0.16358007490634918
16810,559,0.3599536418914795
16811,559,0.09269217401742935
16812,559,0.20286265015602112
16813,559,0.08837694674730301
16814,559,0.2132396101951599
16815,559,0.08709544688463211
16816,559,0.09117142856121063
16817,559,0.09635066241025925
16818,560,0.09730769693851471
16819,560,0.35785457491874695
16820,560,0.08727775514125824
16821,560,0.1536751091480255
16822,560,0.09018226712942123
16823,560,0.08347191661596298
16824,560,0.08734507113695145
16825,560,0.07911041378974915
16826,560,0.11932975053787231
16827,560,0.09174011647701263
16828,560,0.15659396350383759
16829,560,0.13917991518974304
16830,560,0.07302551716566086
16831,560,0.15409506857395172
16832,560,0.0833406001329422
16833,560,0.1547568440437317
16834,560,0.0830116868019104
16835,560,0.09373822808265686
16836,560,0.14835689961910248
16837,560,0.22291244566440582
16838,560,0.15481089055538177
16839,560,0.03022478148341179
16840,561,0.09165001660585403
16841,561,0.08737526834011078
16842,561,0.1362602561712265
16843,561,0.21979479491710663
16844,561,0.4156000018119812
16845,561,0.22702385485172272
16846,561,0.27029991149902344
16847,561,0.2204635590314865
16848,561,0.15924234688282013
16849,561,0.2769545614719391
16850,561,0.09869774430990219
16851,561,0.08937139064073563
16852,561,0.1329895406961441
16853,561,0.08711032569408417
16854,561,0.21079809963703156
16855,561,0.3251391053199768
16856,561,0.08724896609783173
16857,561,0.0796012431383133
16858,561,0.2762035131454468
16859,562,0.03399953246116638
16860,562,0.17979569733142853
16861,562,0.21532092988491058
16862,562,0.30028867721557617
16863,562,0.01524435542523861
16864,562,0.09255944192409515
16865,562,0.15150710940361023
16866,562,0.3001592755317688
16867,562,0.33732637763023376
16868,562,0.028619665652513504
16869,562,0.09396083652973175
16870,562,0.07898558676242828
16871,563,0.48355478048324585
16872,563,0.08930592238903046
16873,563,0.21943773329257965
16874,563,0.08216650784015656
16875,563,0.025621887296438217
16876,563,0.10175556689500809
16877,563,0.08544586598873138
16878,563,0.21539640426635742
16879,563,0.09483837336301804
16880,563,0.15335695445537567
16881,563,0.08388647437095642
16882,563,0.2748597264289856
16883,564,0.08619162440299988
16884,564,0.1704998016357422
16885,564,0.2151203602552414
16886,564,0.2191801220178604
16887,564,0.027769077569246292
16888,564,0.21191537380218506
16889,564,0.025165995582938194
16890,564,0.14838144183158875
16891,565,0.28539133071899414
16892,565,0.07883093506097794
16893,565,0.0223875530064106
16894,565,0.09025228023529053
16895,565,0.0918293222784996
16896,565,0.28071412444114685
16897,565,0.14888633787631989
16898,565,0.02441823109984398
16899,565,0.1684185117483139
16900,565,0.22041523456573486
16901,565,0.02619914710521698
16902,565,0.15209436416625977
16903,565,0.26866403222084045
16904,565,0.13884058594703674
16905,565,0.2220076471567154
16906,565,0.028471818193793297
16907,566,0.1495359092950821
16908,566,0.157282754778862
16909,566,0.08852145075798035
16910,566,0.09515688568353653
16911,566,0.2863101661205292
16912,566,0.02801249921321869
16913,566,0.09416352212429047
16914,566,0.2157493233680725
16915,566,0.15911778807640076
16916,566,0.09143058955669403
16917,566,0.01630309410393238
16918,566,0.09043286740779877
16919,566,0.08994066715240479
16920,566,0.2629392743110657
16921,566,0.22545240819454193
16922,566,0.222624272108078
16923,566,0.16107790172100067
16924,566,0.21632787585258484
16925,566,0.15283414721488953
16926,566,0.09486017376184464
16927,566,0.1344815492630005
16928,566,0.15623968839645386
16929,567,0.22645911574363708
16930,567,0.09754780679941177
16931,567,0.08532772213220596
16932,567,0.21793130040168762
16933,567,0.09917359054088593
16934,567,0.14690889418125153
16935,567,0.08810452371835709
16936,567,0.020956482738256454
16937,567,0.027333920821547508
16938,567,0.08851497620344162
16939,567,0.21767468750476837
16940,567,0.10596390068531036
16941,567,0.018247244879603386
16942,567,0.019681595265865326
16943,567,0.31111210584640503
16944,567,0.17800654470920563
16945,567,0.09849872440099716
16946,567,0.2954908013343811
16947,567,0.14664937555789948
16948,567,0.09040503203868866
16949,567,0.2066361904144287
16950,567,0.41289231181144714
16951,567,0.28477513790130615
16952,568,0.2156408131122589
16953,568,0.22068102657794952
16954,568,0.20850695669651031
16955,568,0.08670920878648758
16956,568,0.21729031205177307
16957,568,0.14830097556114197
16958,568,0.10741132497787476
16959,568,0.10021817684173584
16960,568,0.34742993116378784
16961,568,0.09502024203538895
16962,568,0.08626691997051239
16963,568,0.3396860957145691
16964,568,0.2922721207141876
16965,568,0.09486015886068344
16966,568,0.2236206978559494
16967,568,0.2140226662158966
16968,568,0.07965123653411865
16969,568,0.2883327901363373
16970,569,0.08306620270013809
16971,569,0.15607184171676636
16972,569,0.3003615140914917
16973,569,0.22018271684646606
16974,569,0.343159019947052
16975,569,0.29854267835617065
16976,569,0.2887304127216339
16977,569,0.22004079818725586
16978,569,0.22038066387176514
16979,569,0.22155776619911194
16980,569,0.09387639909982681
16981,569,0.2258186638355255
16982,570,0.15185602009296417
16983,570,0.08736424148082733
16984,570,0.16186730563640594
16985,570,0.21470855176448822
16986,570,0.023251406848430634
16987,570,0.15015222132205963
16988,570,0.09603992849588394
16989,570,0.08845604956150055
16990,570,0.1820646971464157
16991,570,0.03474441170692444
16992,570,0.14969000220298767
16993,570,0.15428121387958527
16994,570,0.28269752860069275
16995,570,0.15866988897323608
16996,570,0.22055365145206451
16997,570,0.15840104222297668
16998,570,0.2236214429140091
16999,570,0.027943812310695648
17000,570,0.09777642786502838
17001,571,0.2188929319381714
17002,571,0.08975516259670258
17003,571,0.15531502664089203
17004,571,0.15349017083644867
17005,571,0.29016047716140747
17006,571,0.30038344860076904
17007,571,0.17349034547805786
17008,571,0.22046774625778198
17009,571,0.029586657881736755
17010,571,0.10750621557235718
17011,571,0.1578066200017929
17012,571,0.024684514850378036
17013,571,0.2227722704410553
17014,571,0.02212798222899437
17015,571,0.21536608040332794
17016,571,0.024477696046233177
17017,571,0.16900674998760223
17018,571,0.22866401076316833
17019,571,0.08699765801429749
17020,572,0.16889163851737976
17021,572,0.1587034910917282
17022,572,0.21770597994327545
17023,572,0.14801427721977234
17024,572,0.1010410413146019
17025,572,0.3325381278991699
17026,572,0.09543193131685257
17027,572,0.08524429798126221
17028,572,0.15583671629428864
17029,572,0.021258467808365822
17030,572,0.14343440532684326
17031,572,0.0912773609161377
17032,572,0.09604761749505997
17033,573,0.2939999997615814
17034,573,0.09559401869773865
17035,573,0.2716059386730194
17036,573,0.26113882660865784
17037,573,0.3502385914325714
17038,573,0.2346588373184204
17039,573,0.15131428837776184
17040,573,0.2845558524131775
17041,573,0.09729647636413574
17042,573,0.08849378675222397
17043,573,0.21502923965454102
17044,573,0.08657802641391754
17045,573,0.15470583736896515
17046,573,0.22914457321166992
17047,573,0.16082482039928436
17048,573,0.1681850701570511
17049,573,0.4172559380531311
17050,573,0.10006870329380035
17051,573,0.30460238456726074
17052,573,0.29305300116539
17053,573,0.09131480008363724
17054,573,0.10104555636644363
17055,573,0.2883632779121399
17056,574,0.03098742663860321
17057,574,0.1581389307975769
17058,574,0.15683168172836304
17059,574,0.07749414443969727
17060,574,0.09050067514181137
17061,574,0.1581212729215622
17062,574,0.0908995270729065
17063,574,0.0841352716088295
17064,574,0.23153415322303772
17065,574,0.09297964721918106
17066,574,0.03485731780529022
17067,574,0.1658688336610794
17068,574,0.1476161628961563
17069,575,0.212429016828537
17070,575,0.08725574612617493
17071,575,0.2109539657831192
17072,575,0.016276715323328972
17073,575,0.43381059169769287
17074,575,0.29437515139579773
17075,575,0.21776585280895233
17076,575,0.22793062031269073
17077,575,0.02428659424185753
17078,575,0.1573193520307541
17079,575,0.08377038687467575
17080,576,0.2203734815120697
17081,576,0.16005925834178925
17082,576,0.1504238396883011
17083,576,0.03455282375216484
17084,576,0.03276960179209709
17085,576,0.0922526866197586
17086,576,0.15648891031742096
17087,576,0.09890381991863251
17088,576,0.1690886914730072
17089,576,0.3736163079738617
17090,576,0.04112831875681877
17091,576,0.08529575169086456
17092,576,0.08785444498062134
17093,576,0.17133314907550812
17094,576,0.09248298406600952
17095,576,0.2849963307380676
17096,576,0.1658058911561966
17097,576,0.30308833718299866
17098,576,0.09872722625732422
17099,577,0.022255776450037956
17100,577,0.23417867720127106
17101,577,0.16260582208633423
17102,577,0.1601393222808838
17103,577,0.2334395945072174
17104,577,0.17008140683174133
17105,577,0.029556849971413612
17106,577,0.08484295010566711
17107,577,0.15924377739429474
17108,577,0.09237004816532135
17109,577,0.5839613080024719
17110,577,0.164742112159729
17111,577,0.029596980661153793
17112,577,0.2402082234621048
17113,577,0.22018581628799438
17114,577,0.15638461709022522
17115,577,0.0907219797372818
17116,578,0.16200155019760132
17117,578,0.0781320184469223
17118,578,0.08434037864208221
17119,578,0.15627354383468628
17120,578,0.2787805497646332
17121,578,0.16610556840896606
17122,578,0.15532898902893066
17123,578,0.22006332874298096
17124,578,0.09054848551750183
17125,578,0.07954340428113937
17126,578,0.08918878436088562
17127,578,0.37543120980262756
17128,578,0.09695623070001602
17129,578,0.1530899852514267
17130,578,0.016829730942845345
17131,578,0.022767551243305206
17132,578,0.14667628705501556
17133,578,0.2151678204536438
17134,578,0.09297212213277817
17135,579,0.020580630749464035
17136,579,0.2250264585018158
17137,579,0.16177251935005188
17138,579,0.22193655371665955
17139,579,0.14498019218444824
17140,579,0.09233568608760834
17141,579,0.21820175647735596
17142,579,0.1467393934726715
17143,579,0.16128379106521606
17144,579,0.022303270176053047
17145,579,0.2211081087589264
17146,579,0.04647862911224365
17147,579,0.23182649910449982
17148,579,0.15064942836761475
17149,579,0.023821666836738586
17150,579,0.08549032360315323
17151,579,0.1516800969839096
17152,579,0.15006481111049652
17153,579,0.08910613507032394
17154,580,0.2173941284418106
17155,580,0.0856776162981987
17156,580,0.08702842146158218
17157,580,0.27715668082237244
17158,580,0.4182108938694
17159,580,0.10336434096097946
17160,580,0.15178413689136505
17161,580,0.16355717182159424
17162,580,0.21906861662864685
17163,580,0.08942846953868866
17164,580,0.2872221767902374
17165,580,0.221795454621315
17166,580,0.03383108973503113
17167,580,0.16424241662025452
17168,580,0.14822417497634888
17169,581,0.14190742373466492
17170,581,0.20038221776485443
17171,581,0.1578991860151291
17172,581,0.02164406143128872
17173,581,0.22053948044776917
17174,581,0.22785906493663788
17175,581,0.15460295975208282
17176,581,0.02676844596862793
17177,581,0.1558704674243927
17178,581,0.3596370816230774
17179,581,0.23341819643974304
17180,581,0.1544802337884903
17181,581,0.04042524844408035
17182,581,0.1482522189617157
17183,581,0.20656359195709229
17184,582,0.3507657051086426
17185,582,0.2236342430114746
17186,582,0.018191736191511154
17187,582,0.08728982508182526
17188,582,0.2099427729845047
17189,582,0.09341872483491898
17190,582,0.16127623617649078
17191,582,0.3540850579738617
17192,582,0.3436412215232849
17193,582,0.1559155285358429
17194,582,0.15759249031543732
17195,582,0.1495944857597351
17196,582,0.26838403940200806
17197,582,0.08487363159656525
17198,582,0.021380692720413208
17199,582,0.22965985536575317
17200,582,0.21981008350849152
17201,582,0.2965710163116455
17202,582,0.08804822713136673
17203,582,0.4061031639575958
17204,582,0.02145170420408249
17205,582,0.15893004834651947
17206,582,0.16309259831905365
17207,583,0.0196204986423254
17208,583,0.16219837963581085
17209,583,0.22122009098529816
17210,583,0.09767782688140869
17211,583,0.022248659282922745
17212,583,0.14550286531448364
17213,583,0.09380070865154266
17214,583,0.20408020913600922
17215,583,0.09325292706489563
17216,583,0.148646280169487
17217,583,0.019956223666667938
17218,583,0.1484939008951187
17219,583,0.36806270480155945
17220,583,0.2837938964366913
17221,583,0.08406409621238708
17222,583,0.022977057844400406
17223,583,0.21952266991138458
17224,583,0.016610991209745407
17225,583,0.15575793385505676
17226,584,0.1667250543832779
17227,584,0.08714838325977325
17228,584,0.41901737451553345
17229,584,0.17235952615737915
17230,584,0.22825396060943604
17231,584,0.20612618327140808
17232,584,0.09486956894397736
17233,584,0.17283089458942413
17234,584,0.1492910385131836
17235,584,0.14985375106334686
17236,584,0.15101060271263123
17237,584,0.024198142811655998
17238,584,0.029642103239893913
17239,584,0.08828845620155334
17240,584,0.03162173926830292
17241,584,0.08612919598817825
17242,584,0.020815998315811157
17243,584,0.2147788405418396
17244,585,0.21125522255897522
17245,585,0.029591243714094162
17246,585,0.019483281299471855
17247,585,0.019018838182091713
17248,585,0.17100155353546143
17249,585,0.21582220494747162
17250,585,0.2867294251918793
17251,585,0.17138804495334625
17252,585,0.024136284366250038
17253,585,0.09930586069822311
17254,585,0.03638700768351555
17255,585,0.16285720467567444
17256,585,0.22471511363983154
17257,585,0.15427163243293762
17258,585,0.14622534811496735
17259,585,0.15330836176872253
17260,585,0.15587952733039856
17261,585,0.1669786125421524
17262,585,0.294225811958313
17263,585,0.08343909680843353
17264,585,0.35583582520484924
17265,585,0.29854100942611694
17266,585,0.21994590759277344
17267,586,0.2523729205131531
17268,586,0.1407608687877655
17269,586,0.09440053999423981
17270,586,0.09156680852174759
17271,586,0.15568765997886658
17272,586,0.1605505645275116
17273,586,0.02553419955074787
17274,586,0.22509469091892242
17275,586,0.20609115064144135
17276,586,0.14840641617774963
17277,586,0.15311037003993988
17278,586,0.08654038608074188
17279,587,0.10241428762674332
17280,587,0.36241939663887024
17281,587,0.025979986414313316
17282,587,0.15971295535564423
17283,587,0.10528101772069931
17284,587,0.09946247190237045
17285,587,0.3359510898590088
17286,587,0.16599804162979126
17287,587,0.1623004823923111
17288,587,0.08054793626070023
17289,587,0.15822312235832214
17290,587,0.17547711730003357
17291,587,0.10652945935726166
17292,587,0.1574718952178955
17293,587,0.09320429712533951
17294,587,0.20716845989227295
17295,587,0.1593763530254364
17296,588,0.2798420786857605
17297,588,0.3760455548763275
17298,588,0.15858981013298035
17299,588,0.2762722671031952
17300,588,0.09447531402111053
17301,588,0.0918273776769638
17302,588,0.10917189717292786
17303,588,0.16745319962501526
17304,588,0.24430657923221588
17305,588,0.039436787366867065
17306,588,0.10705830901861191
17307,588,0.3501676321029663
17308,588,0.09157866984605789
17309,588,0.1604030281305313
17310,588,0.21748678386211395
17311,588,0.08815857023000717
17312,588,0.15611359477043152
17313,588,0.16359691321849823
17314,588,0.19824256002902985
17315,588,0.090660460293293
17316,588,0.09414289146661758
17317,588,0.22944048047065735
17318,589,0.08966181427240372
17319,589,0.017289018258452415
17320,589,0.13439016044139862
17321,589,0.2812155783176422
17322,589,0.20178498327732086
17323,589,0.08392603695392609
17324,589,0.15583063662052155
17325,589,0.2770797312259674
17326,589,0.11206739395856857
17327,589,0.21691833436489105
17328,589,0.03079293668270111
17329,589,0.41614505648612976
17330,589,0.3504164218902588
17331,589,0.2828294634819031
17332,590,0.1664055585861206
17333,590,0.21757268905639648
17334,590,0.08806077390909195
17335,590,0.0867963582277298
17336,590,0.0947050079703331
17337,590,0.03161151334643364
17338,590,0.17345111072063446
17339,590,0.08742408454418182
17340,590,0.22012844681739807
17341,590,0.09833453595638275
17342,590,0.0877593383193016
17343,590,0.08960207551717758
17344,590,0.15141430497169495
17345,590,0.08253645151853561
17346,590,0.09095911681652069
17347,591,0.08494944870471954
17348,591,0.025142068043351173
17349,591,0.10166659206151962
17350,591,0.29089513421058655
17351,591,0.1586984395980835
17352,591,0.2260770946741104
17353,591,0.15598632395267487
17354,591,0.2235018014907837
17355,591,0.09973282366991043
17356,591,0.14614400267601013
17357,591,0.10048680007457733
17358,591,0.1641201674938202
17359,591,0.0289690550416708
17360,591,0.1665625423192978
17361,591,0.16362418234348297
17362,591,0.1740223616361618
17363,591,0.19773878157138824
17364,591,0.3400241434574127
17365,591,0.089366115629673
17366,591,0.09745265543460846
17367,591,0.21980327367782593
17368,591,0.08465681225061417
17369,592,0.09000369906425476
17370,592,0.22169212996959686
17371,592,0.0976017639040947
17372,592,0.08405958861112595
17373,592,0.1584349423646927
17374,592,0.22782325744628906
17375,592,0.17487816512584686
17376,592,0.14478501677513123
17377,593,0.22554728388786316
17378,593,0.35923948884010315
17379,593,0.1733192354440689
17380,593,0.15325400233268738
17381,593,0.09187894314527512
17382,593,0.15461941063404083
17383,593,0.07975061237812042
17384,593,0.22385719418525696
17385,593,0.15329350531101227
17386,593,0.15487945079803467
17387,593,0.22979950904846191
17388,594,0.0864393562078476
17389,594,0.27942079305648804
17390,594,0.030578212812542915
17391,594,0.08757196366786957
17392,594,0.26906925439834595
17393,594,0.21875329315662384
17394,594,0.16377800703048706
17395,594,0.029495133087038994
17396,594,0.22270184755325317
17397,594,0.09333187341690063
17398,594,0.09853669255971909
17399,594,0.14009995758533478
17400,594,0.21080991625785828
17401,594,0.35491329431533813
17402,594,0.2243289202451706
17403,594,0.022632930427789688
17404,594,0.21389928460121155
17405,594,0.15659821033477783
17406,595,0.04808787256479263
17407,595,0.1643875539302826
17408,595,0.22851994633674622
17409,595,0.08788483589887619
17410,595,0.1485375016927719
17411,595,0.1434660255908966
17412,595,0.08075150847434998
17413,595,0.017771266400814056
17414,595,0.28675663471221924
17415,595,0.23470905423164368
17416,595,0.2961839735507965
17417,595,0.22606752812862396
17418,595,0.2919953465461731
17419,596,0.22357739508152008
17420,596,0.1918107122182846
17421,596,0.156631201505661
17422,596,0.03192431479692459
17423,596,0.21950951218605042
17424,596,0.28771570324897766
17425,596,0.16084617376327515
17426,596,0.13263490796089172
17427,596,0.20627880096435547
17428,596,0.1684199571609497
17429,596,0.280131995677948
17430,596,0.020374922081828117
17431,596,0.22423458099365234
17432,596,0.09782768785953522
17433,596,0.35776761174201965
17434,596,0.22888031601905823
17435,596,0.149088054895401
17436,596,0.21447031199932098
17437,596,0.2756170928478241
17438,596,0.09806737303733826
17439,596,0.22929757833480835
17440,596,0.2952495217323303
17441,596,0.14983680844306946
17442,596,0.15127798914909363
17443,596,0.3529224991798401
17444,596,0.22714442014694214
17445,596,0.1626112312078476
17446,596,0.09819268435239792
17447,597,0.08251504600048065
17448,597,0.2169276475906372
17449,597,0.22489894926548004
17450,597,0.26805174350738525
17451,597,0.1612095683813095
17452,597,0.15710145235061646
17453,597,0.2750455439090729
17454,597,0.1576107144355774
17455,598,0.10099427402019501
17456,598,0.2963488698005676
17457,598,0.24744121730327606
17458,598,0.17354175448417664
17459,598,0.09245845675468445
17460,598,0.09414741396903992
17461,598,0.10172142833471298
17462,598,0.17022638022899628
17463,598,0.09686736017465591
17464,598,0.16235032677650452
17465,598,0.22982962429523468
17466,598,0.23028144240379333
17467,598,0.09891524910926819
17468,598,0.16498184204101562
17469,598,0.15487128496170044
17470,598,0.08453145623207092
17471,598,0.08842542767524719
17472,598,0.23380590975284576
17473,598,0.35146406292915344
17474,598,0.4072435200214386
17475,598,0.2148454636335373
17476,598,0.3588210940361023
17477,598,0.22081682085990906
17478,598,0.29388427734375
17479,599,0.283614844083786
17480,599,0.21315382421016693
17481,599,0.15926578640937805
17482,599,0.16520388424396515
17483,599,0.10008901357650757
17484,599,0.09550032764673233
17485,599,0.028380677103996277
17486,599,0.3609392046928406
17487,599,0.15428033471107483
17488,599,0.08820394426584244
17489,599,0.15656256675720215
17490,599,0.16563721001148224
17491,599,0.21526820957660675
17492,599,0.4285987913608551
17493,599,0.16760513186454773
17494,599,0.1105237603187561
17495,599,0.0875169038772583
17496,599,0.10024362802505493
17497,600,0.17082579433918
17498,600,0.02685735560953617
17499,600,0.22680889070034027
17500,600,0.27421870827674866
17501,600,0.149447500705719
17502,600,0.22373566031455994
17503,600,0.15673162043094635
17504,600,0.0917978435754776
17505,600,0.03447343409061432
17506,600,0.2951809763908386
17507,600,0.15186414122581482
17508,600,0.21593499183654785
17509,600,0.0880419984459877
17510,600,0.08861221373081207
17511,600,0.03929535672068596
17512,600,0.36384111642837524
