configuration,episode,goal_angle,cumulative_reward,success,episode_length,final_absolute_error,epsilon_used,epsilon_after_decay,mean_loss,replay_size,optimization_steps,episode_wall_clock_seconds,cumulative_wall_clock_seconds,terminated,truncated
config_a,1,0.2825395868172176,-125.7947279959917,False,150,1.1806501121507749,1.0,0.995,,150,0,0.28886144899979627,0.28890208999973765,False,True
config_a,2,-0.5670638717221037,-55.227648451132694,False,150,0.21425748038779202,0.995,0.990025,,300,0,0.28538850300037666,0.5755748499996116,False,True
config_a,3,-0.4439785767418311,-108.17631840705872,False,150,1.1586284987205029,0.990025,0.985074875,,450,0,0.2805547870002556,0.8561360969997622,False,True
config_a,4,0.3143637356043312,-78.64453658461571,False,150,0.4411473815276981,0.985074875,0.9801495006250001,0.02519997364972801,600,101,0.3823038819996327,1.238341533000039,False,True
config_a,5,0.1487023394431196,-131.97830446064472,False,150,0.8836085509569642,0.9801495006250001,0.9752487531218751,0.004626675844677569,750,251,0.44033293800021056,1.678732157000013,False,True
config_a,6,-0.43734299868543225,-25.22684338875114,True,111,0.015632469496124346,0.9752487531218751,0.9703725093562657,0.013756054722172258,861,362,0.3321810459997323,2.0108779509996566,True,False
config_a,7,-0.35933952624810694,-53.45106380134821,False,150,0.8152450525689159,0.9703725093562657,0.9655206468094844,0.02016831051480646,1011,512,0.4421079640001153,2.4529324139998607,False,True
config_a,8,-0.6752556038969942,-93.95064379004761,False,150,0.05210155257305915,0.9655206468094844,0.960693043575437,0.017017645389423706,1161,662,0.44602177299975665,2.899053535999883,False,True
config_a,9,-0.0025225670898392227,-69.72300113239325,False,150,0.24643406838139606,0.960693043575437,0.9558895783575597,0.02400191401170256,1311,812,0.4303993499997887,3.3294554389999576,False,True
config_a,10,0.2209207620258753,-19.958164087124167,False,150,0.4040661807722503,0.9558895783575597,0.9511101304657719,0.020723346893986066,1461,962,0.4255004649999137,3.754959299999882,False,True
config_a,11,0.30019662480847953,-26.194189978856596,False,150,0.4090487321230837,0.9511101304657719,0.946354579813443,0.02203065524925478,1611,1112,0.4268319329999031,4.181791963999785,False,True
config_a,12,-0.5721356003397541,-34.6623305679299,False,150,0.37017010145070817,0.946354579813443,0.9416228069143757,0.013694203599200894,1761,1262,0.43073453699980746,4.612527011999646,False,True
config_a,13,-0.24911341327952408,-71.34200885891914,False,150,0.4024120162351028,0.9416228069143757,0.9369146928798039,0.015584000349820902,1911,1412,0.4283604729998842,5.040890458999911,False,True
config_a,14,-0.5923313369919598,-41.87838422732894,False,150,0.5735863905794252,0.9369146928798039,0.9322301194154049,0.015911703953364244,2061,1562,0.43040526900040277,5.471298370999648,False,True
config_a,15,-0.0910043705343,-49.14409578929188,True,143,0.029493952081477974,0.9322301194154049,0.9275689688183278,0.015549162943306919,2204,1705,0.4073707690004085,5.878668129999824,True,False
config_a,16,-0.5211148741827851,-62.246484479168416,True,145,0.009499615216924773,0.9275689688183278,0.9229311239742362,0.02431749937220894,2349,1850,0.4124441320000187,6.291113953999684,True,False
config_a,17,-0.3109303372948684,-47.06576696485281,False,150,0.4202742143719598,0.9229311239742362,0.918316468354365,0.022972542794110873,2499,2000,0.4282156469998881,6.719331583999974,False,True
config_a,18,0.3929539928533785,-0.10536416184623221,True,62,0.017928810847156695,0.918316468354365,0.9137248860125932,0.03256331736432208,2561,2062,0.17632858300021326,6.895666515999892,True,False
config_a,19,-0.4403305186691821,-44.85291264262051,False,150,0.1347060068921374,0.9137248860125932,0.9091562615825302,0.029677484712253014,2711,2212,0.4723912439999367,7.368054305999976,False,True
config_a,20,0.5695238975449919,-105.26547199487686,False,150,0.5818914620580063,0.9091562615825302,0.9046104802746175,0.02425548991498848,2861,2362,0.43004748700013806,7.798100961999808,False,True
config_a,21,-0.7963080067314675,-73.96309081092475,False,150,0.04871090111420329,0.9046104802746175,0.9000874278732445,0.020859449980780483,3011,2512,0.4590738929996405,8.257178629999999,False,True
config_a,22,0.5097845826490548,-29.507484207255768,False,150,0.19508372087883286,0.9000874278732445,0.8955869907338783,0.0249443816455702,3161,2662,0.45708112399961465,8.714259262999803,False,True
config_a,23,0.4831343256743761,-31.927103411406282,False,150,0.07589336912218525,0.8955869907338783,0.8911090557802088,0.021638071859876314,3311,2812,0.4299518249999892,9.144214522999846,False,True
config_a,24,0.6902857964855127,-34.56979745057177,False,150,0.013694367135420382,0.8911090557802088,0.8866535105013078,0.020470386718710265,3461,2962,0.4348974879999332,9.579111630999705,False,True
config_a,25,0.025334351051786497,15.417176163382829,True,44,0.012052674085644755,0.8866535105013078,0.8822202429488013,0.031667630759660496,3505,3006,0.13276566600006845,9.711877295999784,True,False
config_a,26,-0.2450664976924909,16.490625676396302,True,26,0.001806211298008259,0.8822202429488013,0.8778091417340573,0.024612230714410543,3531,3032,0.08094154799982789,9.793826090000039,True,False
config_a,27,0.14513155663250255,10.850082893768558,True,67,0.004985247330887316,0.8778091417340573,0.8734200960253871,0.03044327701539246,3598,3099,0.19980098699988957,9.99361321699962,True,False
config_a,28,-0.13954441773992898,19.427365983556957,True,96,0.004352794296145462,0.8734200960253871,0.8690529955452602,0.036860704155211955,3694,3195,0.29350316099998963,10.287122215999716,True,False
config_a,29,-0.10585193886517108,15.657497215270995,True,24,0.01650332739239445,0.8690529955452602,0.8647077305675338,0.03393621484671409,3718,3219,0.07229332299993985,10.359430461999636,True,False
config_a,30,0.6844229261550632,-64.71684259930042,False,150,0.01791033401997577,0.8647077305675338,0.8603841919146962,0.03509337011103829,3868,3369,0.44759444999999687,10.807019402999686,False,True
config_a,31,-0.3986282609417726,-13.57409649365582,True,67,0.01818161933842366,0.8603841919146962,0.8560822709551227,0.042156764160174484,3935,3436,0.2045471690003069,11.011572710999644,True,False
config_a,32,0.6098199051253312,-62.176336197368784,False,150,0.07080121519619231,0.8560822709551227,0.851801859600347,0.0378321765207996,4085,3586,0.4649558039996009,11.476527834999615,False,True
config_a,33,-0.248915815263149,19.120238404208795,True,64,0.0020390033253294138,0.851801859600347,0.8475428503023453,0.03505382451112382,4149,3650,0.18897683200020765,11.665510796000035,True,False
config_a,34,0.7859162125789654,-17.909168298542507,False,150,0.38209873149331697,0.8475428503023453,0.8433051360508336,0.039711857515697675,4299,3800,0.4428034069997011,12.108277136999732,False,True
config_a,35,-0.5425996537128712,15.6750383940991,True,148,0.021886641855057065,0.8433051360508336,0.8390886103705794,0.03446762742336235,4447,3948,0.4557169579998117,12.56402668299961,True,False
config_a,36,-0.29579634012126665,-16.935854182997723,False,150,0.18724540838308534,0.8390886103705794,0.8348931673187264,0.03756943950429559,4597,4098,0.47066501199969935,13.034696712999903,False,True
config_a,37,-0.48638307039065903,24.318462275418277,True,109,0.020708277462122393,0.8348931673187264,0.8307187014821328,0.031172941276513107,4706,4207,0.32786560900012773,13.362565555999936,True,False
config_a,38,0.27196325560462586,15.310047686658798,True,20,0.002603433353497886,0.8307187014821328,0.8265651079747222,0.042091303737834096,4726,4227,0.061454069999854255,13.4240233419996,True,False
config_a,39,0.6063247200401634,5.943307258002459,True,42,0.022501601403761784,0.8265651079747222,0.8224322824348486,0.039419354360905434,4768,4269,0.12530531900029018,13.549332426999626,True,False
config_a,40,0.1054995612758054,17.197834734991194,True,14,0.024357332950223853,0.8224322824348486,0.8183201210226743,0.03454667502748115,4782,4283,0.04168627099988953,13.591020229999685,True,False
config_a,41,-0.19335837596688488,21.1807296638377,True,44,0.019777813239360148,0.8183201210226743,0.8142285204175609,0.04838573157956654,4826,4327,0.12990980600034163,13.720929514999625,True,False
config_a,42,0.7528665793445402,-23.55483414428309,False,150,0.06298655916951901,0.8142285204175609,0.810157377815473,0.044794220806409914,4976,4477,0.4413033290002204,14.162228427999707,False,True
config_a,43,0.2941790984755761,-71.34660936146975,False,150,0.14752999109119824,0.810157377815473,0.8061065909263957,0.050158335032562416,5126,4627,0.43792295000002923,14.6001536509998,False,True
config_a,44,0.3431661379906532,-40.25526080494747,False,150,0.31395793983469256,0.8061065909263957,0.8020760579717637,0.04379765215640267,5276,4777,0.43641218699985984,15.036567099999957,False,True
config_a,45,-0.6060536436369619,-6.739793808851399,True,76,0.02907617857735134,0.8020760579717637,0.798065677681905,0.04440830408987638,5352,4853,0.2206358349999391,15.257197306999842,True,False
config_a,46,0.5020908904982662,-22.138323978567488,True,116,0.030200446504104472,0.798065677681905,0.7940753492934954,0.03570119275888107,5468,4969,0.33993435699994734,15.597132784999758,True,False
config_a,47,-0.06891341952258812,17.174139656149784,True,13,0.016589915986301745,0.7940753492934954,0.7901049725470279,0.023568595616290204,5481,4982,0.03841597499967975,15.635569903000032,True,False
config_a,48,0.05212907066645778,17.625750046409667,True,9,0.006024708037499986,0.7901049725470279,0.7861544476842928,0.07094952805588643,5490,4991,0.02630741799976022,15.661879064000004,True,False
config_a,49,0.6495290165728298,1.5802104469388674,True,79,0.030949586437154175,0.7861544476842928,0.7822236754458713,0.044667944382829,5569,5070,0.2309981409998727,15.892870233999929,True,False
config_a,50,0.16577335165253881,9.222087027318775,True,85,0.01154974658081162,0.7822236754458713,0.778312557068642,0.0464628161095521,5654,5155,0.24853416600035416,16.14139456599969,True,False
config_a,51,0.7642351097278159,10.45941081771643,True,71,0.02660379215631925,0.778312557068642,0.7744209942832988,0.043289359252322725,5725,5226,0.20735220399956233,16.34970321899982,True,False
config_a,52,0.3379575564843966,15.357257960597053,True,46,0.005996032125055062,0.7744209942832988,0.7705488893118823,0.04404367842590031,5771,5272,0.13291502699985358,16.482621280999865,True,False
config_a,53,-0.22107304984804121,16.08316923796665,True,21,0.004214161388564952,0.7705488893118823,0.7666961448653229,0.047250354795583656,5792,5293,0.06065140900000188,16.543275573999836,True,False
config_a,54,0.24453407103151825,12.361754156928509,True,36,0.025469969435558237,0.7666961448653229,0.7628626641409962,0.07466709872500764,5828,5329,0.10362638300011895,16.646893944999647,True,False
config_a,55,-0.7466428048441289,15.895592582091922,True,40,0.014932680724269454,0.7628626641409962,0.7590483508202912,0.04841696165967733,5868,5369,0.11663998399990305,16.763542822999625,True,False
config_a,56,0.0058969335801940526,19.83362098924699,True,54,0.0035317647004825194,0.7590483508202912,0.7552531090661897,0.0488320940381123,5922,5423,0.15583367499993983,16.919378479999978,True,False
config_a,57,-0.7274915788685086,-25.595470052026176,True,132,0.033327356243195605,0.7552531090661897,0.7514768435208588,0.047904180849648335,6054,5555,0.3857929929999955,17.305168678999962,True,False
config_a,58,0.3784105914597091,6.596616370882837,True,91,0.02550515354383459,0.7514768435208588,0.7477194593032545,0.055689725011669015,6145,5646,0.2627356709999731,17.567909987999883,True,False
config_a,59,0.7158617861604102,8.42817078572697,True,122,0.026679338718429313,0.7477194593032545,0.7439808620067382,0.04622253844300743,6267,5768,0.3579859380001835,17.925894294000045,True,False
config_a,60,-0.7651082338892462,7.9713711284101,True,49,0.018805815894742173,0.7439808620067382,0.7402609576967045,0.05067002560411181,6316,5817,0.14494859400019777,18.070848034999926,True,False
config_a,61,-0.45953602923557835,15.768615091079846,True,112,0.009122271334172594,0.7402609576967045,0.736559652908221,0.0476605554244348,6428,5929,0.3391905929997847,18.410036254999795,True,False
config_a,62,-0.5572528245753583,9.054641364247072,True,36,0.024586165869481924,0.736559652908221,0.7328768546436799,0.036461226952572666,6464,5965,0.10690123499989568,18.51694586199983,True,False
config_a,63,0.38104754654262907,14.476280258689076,True,21,0.007816184706159357,0.7328768546436799,0.7292124703704616,0.0464565943749178,6485,5986,0.0625424960003329,18.57949192399974,True,False
config_a,64,-0.002161206712876451,28.86210136142326,True,50,0.0011606402977274314,0.7292124703704616,0.7255664080186093,0.052545978762209414,6535,6036,0.14645682300033513,18.725947254999937,True,False
config_a,65,-0.4746594600449594,14.059370665252208,True,24,0.002441130232976152,0.7255664080186093,0.7219385759785162,0.047368825413286686,6559,6060,0.07114073200000348,18.797089969999888,True,False
config_a,66,0.22915166968498912,13.765225169248879,True,53,0.03815579668756891,0.7219385759785162,0.7183288830986236,0.04328657641022835,6612,6113,0.15889677199993457,18.955987612999706,True,False
config_a,67,0.006805930598571264,18.399789364147,True,45,0.025979712438713894,0.7183288830986236,0.7147372386831305,0.04481452732450432,6657,6158,0.13293942400014203,19.088926886999616,True,False
config_a,68,0.05122980765059315,25.178340614261103,True,32,0.025775594842367883,0.7147372386831305,0.7111635524897149,0.045771537988912314,6689,6190,0.09380935699982729,19.182740871999613,True,False
config_a,69,0.2976709036620129,15.262604926154019,True,58,0.021069046419357418,0.7111635524897149,0.7076077347272662,0.04014510748072945,6747,6248,0.1721340849999251,19.35487085099976,True,False
config_a,70,-0.7688231134264853,0.7632168266922221,True,57,0.018941471727953685,0.7076077347272662,0.7040696960536299,0.05070459752817426,6804,6305,0.18002304899982846,19.534898656999758,True,False
config_a,71,-0.2537775386595955,15.252419031318276,True,40,0.028805786793108745,0.7040696960536299,0.7005493475733617,0.039808516623452306,6844,6345,0.11903091400017729,19.65393067199966,True,False
config_a,72,-0.6591965317884253,2.257889605872329,True,39,0.003586877076089179,0.7005493475733617,0.697046600835495,0.04620280479773497,6883,6384,0.1165565900000729,19.770465880999836,True,False
config_a,73,-0.22992177117269452,25.786990085896104,True,73,0.00657203504857598,0.697046600835495,0.6935613678313175,0.048140623517436525,6956,6457,0.21876037099991663,19.989251198999682,True,False
config_a,74,-0.028698057805840227,17.61033914005384,True,8,0.007623519979493815,0.6935613678313175,0.6900935609921609,0.04469041503034532,6964,6465,0.02408215499963262,20.01334365899993,True,False
config_a,75,-0.540222680156015,2.697288584429767,True,43,0.01705688138191963,0.6900935609921609,0.6866430931872001,0.04837446044697318,7007,6508,0.13178352699969764,20.145120175999637,True,False
config_a,76,-0.7367664137892613,9.7139678530395,True,41,0.0033232177799615847,0.6866430931872001,0.6832098777212641,0.04447727677662198,7048,6549,0.12725158000012016,20.273318791999827,True,False
config_a,77,0.6598279752978315,15.155184956127778,True,37,0.009585063804711358,0.6832098777212641,0.6797938283326578,0.04662907883726262,7085,6586,0.11367556300001525,20.386997017999875,True,False
config_a,78,0.7093044229902652,7.490460959356276,True,61,0.006255156060703926,0.6797938283326578,0.6763948591909945,0.041857081068465946,7146,6647,0.17878029300027265,20.565778382999724,True,False
config_a,79,-0.23707121093507644,25.642846154444847,True,35,0.0029621960162523886,0.6763948591909945,0.6730128848950395,0.039069201477936334,7181,6682,0.10243176899984974,20.668212435999976,True,False
config_a,80,0.7068551633266504,3.449479342717674,True,38,0.012682191554944766,0.6730128848950395,0.6696478204705644,0.040589083917438984,7219,6720,0.11079748000020118,20.77901343099984,True,False
config_a,81,-0.031392058814335044,17.7303684883751,True,8,0.0018201260418605862,0.6696478204705644,0.6662995813682115,0.0424463814124465,7227,6728,0.023715520000223478,20.802495734999866,True,False
config_a,82,-0.45687629337610947,19.150883068621624,True,31,0.009817857892182813,0.6662995813682115,0.6629680834613705,0.04475271683787146,7258,6759,0.09069785800011232,20.89342857199972,True,False
config_a,83,0.785344582176785,7.361035351804457,True,30,0.0011433066242092504,0.6629680834613705,0.6596532430440636,0.042984955074886484,7288,6789,0.08760450599993419,20.981034939999972,True,False
config_a,84,-0.3718738239935053,13.47926296016667,True,27,0.01803465526699355,0.6596532430440636,0.6563549768288433,0.05094350943410838,7315,6816,0.07870598399995288,21.059741624999788,True,False
config_a,85,-0.7353620973805841,10.785600259480995,True,60,0.019816600875793733,0.6563549768288433,0.653073201944699,0.035994032335778074,7375,6876,0.17674156700013555,21.236483992999638,True,False
config_a,86,0.5622153303565547,8.048857869522177,True,77,0.011326009808590776,0.653073201944699,0.6498078359349755,0.03886722144368407,7452,6953,0.22525310099990747,21.461737233999884,True,False
config_a,87,-0.13831088840018269,17.210070186760277,True,12,0.005799531514002504,0.6498078359349755,0.6465587967553006,0.04268493394677838,7464,6965,0.035311696999997366,21.49705738299963,True,False
config_a,88,0.5824601377902077,13.16548520406941,True,56,0.012231132603157557,0.6465587967553006,0.6433260027715241,0.04300864709408155,7520,7021,0.16240807500025767,21.659458938999705,True,False
config_a,89,-0.7177552668595419,-1.8413467848884508,True,48,5.044587575420145e-05,0.6433260027715241,0.6401093727576664,0.041720614108877875,7568,7069,0.13950314900012017,21.798963620999984,True,False
config_a,90,-0.3412289106199133,16.32677939115092,True,31,0.011235469662301212,0.6401093727576664,0.6369088258938781,0.043329252651141535,7599,7100,0.09007664599994314,21.889044111999738,True,False
config_a,91,0.708114962346738,6.464098428888244,True,38,0.00863858345705959,0.6369088258938781,0.6337242817644086,0.038777234718987814,7637,7138,0.1107724030002828,21.999817445999724,True,False
config_a,92,-0.789552619116218,7.375742126349358,True,33,0.004273706577147984,0.6337242817644086,0.6305556603555866,0.03680198459011136,7670,7171,0.09713285299994823,22.09695021899961,True,False
config_a,93,-0.2653694972695746,28.09780926887906,True,41,0.02659492400459562,0.6305556603555866,0.6274028820538087,0.041673838683381315,7711,7212,0.12098993200015684,22.21794246499985,True,False
config_a,94,0.2164555787604081,17.037282546260393,True,38,0.0018272726687283414,0.6274028820538087,0.6242658676435396,0.034858797725878264,7749,7250,0.11148691400012467,22.329432192999775,True,False
config_a,95,-0.784836122542418,8.548467005998827,True,28,0.0018508377207692162,0.6242658676435396,0.6211445383053219,0.05345208716711828,7777,7278,0.08276606200024617,22.41220087900001,True,False
config_a,96,-0.4819575001370005,8.197115536406635,True,42,0.0207999282119119,0.6211445383053219,0.6180388156137953,0.0366759646595234,7819,7320,0.12238089799984664,22.534579993999614,True,False
config_a,97,0.1264037204196633,16.466604217235,True,17,0.018558339377278493,0.6180388156137953,0.6149486215357263,0.034724186338922554,7836,7337,0.04993116200012082,22.58451635399979,True,False
config_a,98,-0.3956648722288355,13.261847107950597,True,28,0.011554641762414886,0.6149486215357263,0.6118738784280476,0.032694026960858276,7864,7365,0.08360539700015579,22.668120088999785,True,False
config_a,99,-0.3988752751894101,20.5428609718394,True,56,0.01733993360012681,0.6118738784280476,0.6088145090359074,0.03423067052582545,7920,7421,0.1654307140001947,22.83355039099979,True,False
config_a,100,0.5862795348561336,6.115747630689291,True,40,0.003899315764398059,0.6088145090359074,0.6057704364907278,0.03493549446575343,7960,7461,0.11773785400009729,22.951289727999665,True,False
config_a,101,0.36666758154688006,12.440519366692753,True,48,0.02932621366575089,0.6057704364907278,0.6027415843082742,0.03861811625150343,8008,7509,0.1439659349998692,23.096248696999737,True,False
config_a,102,-0.5577616683718589,7.316648841463028,True,37,0.002949513483293975,0.6027415843082742,0.5997278763867329,0.04652311290438111,8045,7546,0.10984980300008829,23.206102315999942,True,False
config_a,103,0.7312857839739095,-7.131100662704561,True,51,0.024839248042682005,0.5997278763867329,0.5967292370047992,0.037588928406145056,8096,7597,0.15397352299987688,23.360076879999724,True,False
config_a,104,0.32201634671155754,15.457533597666771,True,44,0.0070781135220855385,0.5967292370047992,0.5937455908197752,0.03929826731539585,8140,7641,0.1364786279996224,23.49655632999975,True,False
config_a,105,0.5440274058901522,7.513957463810219,True,45,0.014868216492166741,0.5937455908197752,0.5907768628656763,0.03845337972872787,8185,7686,0.13703945099996417,23.633596100999966,True,False
config_a,106,-0.4612953331009937,20.41083162628347,True,39,0.0009554138658718347,0.5907768628656763,0.5878229785513479,0.0392039518039196,8224,7725,0.12226946199962185,23.755868126999758,True,False
config_a,107,-0.4931498094047253,13.220529646147043,True,23,0.030951318670634165,0.5878229785513479,0.5848838636585911,0.03613969869911671,8247,7748,0.06879204400001981,23.824661894999736,True,False
config_a,108,0.01638575236332751,17.744404651538936,True,8,0.01626342296069984,0.5848838636585911,0.5819594443402982,0.06080449791625142,8255,7756,0.02464113400037604,23.84930048499973,True,False
config_a,109,0.4704629512411216,15.496427383460105,True,36,0.012839191784330461,0.5819594443402982,0.5790496471185967,0.0526040305590464,8291,7792,0.11049346900017554,23.959799562999706,True,False
config_a,110,0.25605791326469873,16.355888723582027,True,16,0.027490545832733887,0.5790496471185967,0.5761543988830038,0.04270070430357009,8307,7808,0.04866260900007546,24.008462701999633,True,False
config_a,111,-0.4879235123150332,14.15936369576957,True,21,0.007114234679052256,0.5761543988830038,0.5732736268885887,0.046039109073934104,8328,7829,0.06473661400013953,24.073202370999752,True,False
config_a,112,-0.6415583041032855,9.999994704310666,True,29,0.027468903710750392,0.5732736268885887,0.5704072587541458,0.039175013272926724,8357,7858,0.08823940799993579,24.16144764699993,True,False
config_a,113,-0.4885233763250799,8.806476408988237,True,34,0.010479199413100548,0.5704072587541458,0.567555222460375,0.03967905132209554,8391,7892,0.10163267300004009,24.26307380099979,True,False
config_a,114,-0.4657282227786643,12.650195220438764,True,23,0.0042722295478822,0.567555222460375,0.5647174463480732,0.044262525423065475,8414,7915,0.06850396700019701,24.331588182999894,True,False
config_a,115,0.5892540485072144,14.572149615176023,True,46,0.011399442756119926,0.5647174463480732,0.5618938591163328,0.04091204026632983,8460,7961,0.1379123570000047,24.469499989999804,True,False
config_a,116,-0.7784314223866593,7.2103041542461135,True,31,0.020032645580851383,0.5618938591163328,0.5590843898207511,0.04383930239465929,8491,7992,0.09707655900001555,24.56655132099968,True,False
config_a,117,0.17202774907953555,17.15523192436085,True,13,0.005542044241466787,0.5590843898207511,0.5562889678716474,0.05765693634748459,8504,8005,0.040661339000052976,24.607243084999936,True,False
config_a,118,-0.20016862387962786,16.85310484021902,True,15,0.014336393860599067,0.5562889678716474,0.5535075230322891,0.05875863681236903,8519,8020,0.044902665999870806,24.652143027999955,True,False
config_a,119,-0.17150285740777826,17.001970866229385,True,14,0.01486283360792856,0.5535075230322891,0.5507399854171277,0.04174352463866983,8533,8034,0.041982600999745046,24.694133019999754,True,False
config_a,120,0.3802617079902577,22.501633065321947,True,71,0.0009588934214627698,0.5507399854171277,0.547986285490042,0.046733882409376155,8604,8105,0.2117104039998594,24.90583876699975,True,False
config_a,121,0.31568772260978806,16.598689560577622,True,29,0.00017379295418978868,0.547986285490042,0.5452463540625918,0.04794742077075202,8633,8134,0.08708833899981983,24.992927147000046,True,False
config_a,122,-0.5665863683567345,13.031833473360166,True,23,0.006554780130076376,0.5452463540625918,0.5425201222922789,0.04168853965466437,8656,8157,0.07203669300042748,25.06497010799967,True,False
config_a,123,0.16089934250682203,18.39321394925937,True,22,0.03226086237090561,0.5425201222922789,0.5398075216808175,0.040745797313072464,8678,8179,0.06603927800006204,25.131010867999976,True,False
config_a,124,-0.5020310378742258,13.093588859587907,True,22,0.03365370857396266,0.5398075216808175,0.5371084840724134,0.04732793180102652,8700,8201,0.07081566899978498,25.201825495999856,True,False
config_a,125,0.06798242861764048,17.653261126810683,True,11,0.004027781842529221,0.5371084840724134,0.5344229416520513,0.04872243597426198,8711,8212,0.033686965000015334,25.23551983199968,True,False
config_a,126,-0.05336856480580843,17.682263593026438,True,9,0.006093938298005801,0.5344229416520513,0.531750826943791,0.03871577440036668,8720,8221,0.028222040999935416,25.26475837199996,True,False
config_a,127,-0.6684356665262268,12.220288978610188,True,24,0.03880511799739228,0.531750826943791,0.5290920728090721,0.044317143658796944,8744,8245,0.07228050499998062,25.337037212999803,True,False
config_a,128,0.42134288484418825,13.431187348393722,True,24,0.0021586954232542532,0.5290920728090721,0.5264466124450268,0.0635106225963682,8768,8269,0.07166994799990789,25.408712999999807,True,False
config_a,129,-0.763359156477009,12.24095419193618,True,45,0.003533235793381606,0.5264466124450268,0.5238143793828016,0.05725507645143403,8813,8314,0.13361478600018017,25.54232842700003,True,False
config_a,130,0.5928494955827062,8.682192698586732,True,35,0.012947857880458935,0.5238143793828016,0.5211953074858876,0.05087336360343865,8848,8349,0.10486041600006502,25.64719157599984,True,False
config_a,131,0.4216884689109821,15.044931590463968,True,31,0.01216705236202914,0.5211953074858876,0.5185893309484582,0.04776803842715679,8879,8380,0.09358755899984317,25.740782920999663,True,False
config_a,132,-0.21767905031657997,14.976549124531449,True,26,0.0032485559607409453,0.5185893309484582,0.5159963842937159,0.05082462534594994,8905,8406,0.08099951900021551,25.821778924999762,True,False
config_a,133,-0.7153463870172296,8.589936649729498,True,29,0.0048569631654951095,0.5159963842937159,0.5134164023722473,0.04930141825100471,8934,8435,0.08861982300004456,25.910406678999607,True,False
config_a,134,-0.04331106976125765,17.480655132140964,True,8,0.007508214849985727,0.5134164023722473,0.510849320360386,0.047376293456181884,8942,8443,0.024003988999993453,25.93441126899961,True,False
config_a,135,-0.6601569562891569,8.75261940942146,True,27,0.007511328755436364,0.510849320360386,0.5082950737585841,0.04878418002691534,8969,8470,0.08432867200008332,26.01873182899999,True,False
config_a,136,-0.24216948588261555,14.769295308645816,True,36,0.019777610301432158,0.5082950737585841,0.5057535983897912,0.06033769156783819,9005,8506,0.11188116900029854,26.130583873999967,True,False
config_a,137,-0.43018838063026466,18.439021136634985,True,48,0.0014426151220646721,0.5057535983897912,0.5032248303978422,0.061601318418979645,9053,8554,0.1450316370001019,26.275651864999872,True,False
config_a,138,-0.32957403318887873,15.69473733957857,True,18,0.011911251480604956,0.5032248303978422,0.500708706245853,0.04985711816698313,9071,8572,0.05430754999997589,26.329967115999807,True,False
config_a,139,-0.2162720181133757,18.777847071690488,True,24,0.0033639639090846107,0.500708706245853,0.4982051627146237,0.05470938157911102,9095,8596,0.07446457700007159,26.404433104999953,True,False
config_a,140,-0.6237723751975536,9.240861736238003,True,28,0.012376934395293748,0.4982051627146237,0.49571413690105054,0.054559990031910796,9123,8624,0.08863966199987772,26.49307519099966,True,False
config_a,141,-0.3374144114657089,14.605312952212987,True,22,0.03199621230103361,0.49571413690105054,0.4932355662165453,0.053000610999085686,9145,8646,0.06623194400026478,26.55930774599983,True,False
config_a,142,-0.7036215371618445,8.98828320149332,True,44,0.02298385890777299,0.4932355662165453,0.4907693883854626,0.048538556872782385,9189,8690,0.14770411500012415,26.707013663999987,True,False
config_a,143,-0.5527281322102013,12.20015321453102,True,43,0.016081968820147896,0.4907693883854626,0.4883155414435353,0.051023720048887784,9232,8733,0.13220852899985402,26.839220849999947,True,False
config_a,144,0.6424081638858459,6.118894363753496,True,32,0.014326679098242923,0.4883155414435353,0.4858739637363176,0.07449733652174473,9264,8765,0.09548401400024886,26.934711163999964,True,False
config_a,145,-0.33845695399621384,17.101447258051486,True,25,0.0322757117427066,0.4858739637363176,0.483444593917636,0.06263606153428554,9289,8790,0.0767687580000711,27.011479961999612,True,False
config_a,146,0.7519173897796521,6.513244570605455,True,29,0.003528216790242844,0.483444593917636,0.4810273709480478,0.07606457398626311,9318,8819,0.08691861799979961,27.09839975099976,True,False
config_a,147,-0.5916237016263474,5.832802922080735,True,41,0.02078555621047773,0.4810273709480478,0.47862223409330756,0.056951033632929735,9359,8860,0.12379986500036466,27.222201867999956,True,False
config_a,148,-0.46617494680061555,14.043024833523667,True,20,0.01280592636540262,0.47862223409330756,0.47622912292284103,0.04910557102411985,9379,8880,0.06172264899987567,27.283927751999727,True,False
config_a,149,-0.33041919950815085,15.661397365294397,True,18,0.009458131643310885,0.47622912292284103,0.4738479773082268,0.06403971546226078,9397,8898,0.0550785549999091,27.338992426000004,True,False
config_a,150,0.33796284357609263,15.041800039593362,True,19,0.023807041459234346,0.4738479773082268,0.47147873742168567,0.05585295569739843,9416,8917,0.06017607700005101,27.399189253999793,True,False
config_a,151,-0.24271661080426343,16.73111658394337,True,14,0.015339352983870708,0.47147873742168567,0.46912134373457726,0.03999827363129173,9430,8931,0.04183415099987542,27.442032092999852,True,False
config_a,152,-0.7944866168034249,9.952446491923183,True,24,0.010401916233099717,0.46912134373457726,0.46677573701590436,0.0574753664744397,9454,8955,0.07551876700017601,27.5175474749999,True,False
config_a,153,-0.631864346749299,11.138415921549313,True,38,0.005652281006092941,0.46677573701590436,0.46444185833082485,0.058029935058010254,9492,8993,0.11759643400000641,27.635144228999707,True,False
config_a,154,-0.5743749897448233,11.908827677118826,True,24,0.0030499003781782053,0.46444185833082485,0.46211964903917074,0.07609566502893965,9516,9017,0.07395592599959855,27.709102168999834,True,False
config_a,155,-0.7918155167765415,-0.09904122278094718,True,39,0.006344993441087965,0.46211964903917074,0.4598090507939749,0.06588315428831638,9555,9056,0.11875286600024992,27.827856296999926,True,False
config_a,156,0.4664840907779406,13.907075628114399,True,21,0.03490076945993137,0.4598090507939749,0.457510005540005,0.06712157846916289,9576,9077,0.06364310499975545,27.891487594999944,True,False
config_a,157,-0.6230758851585873,10.002091499604285,True,28,0.02146702589462557,0.457510005540005,0.45522245551230495,0.05514559814972537,9604,9105,0.0857671619996836,27.977271862999714,True,False
config_a,158,-0.2664452843407935,14.53356420304626,True,23,0.019695734748901683,0.45522245551230495,0.4529463432347434,0.06935278245288393,9627,9128,0.06876615600003788,28.04603985199992,True,False
config_a,159,-0.35681692122307607,14.954665917996316,True,22,0.003684567402180483,0.4529463432347434,0.4506816115185697,0.0599179786037315,9649,9150,0.06770377900011226,28.113743580999653,True,False
config_a,160,-0.17474237212932553,15.859270287211984,True,20,0.029219538298299846,0.4506816115185697,0.4484282034609769,0.05524679105728865,9669,9170,0.06062171500025215,28.174367588999758,True,False
config_a,161,0.08208588459471033,16.88777224570513,True,18,0.016131999796774266,0.4484282034609769,0.446186062443672,0.06742553102473418,9687,9188,0.05686510699979408,28.231233516999964,True,False
config_a,162,0.2514380745539486,20.038367389608176,True,53,0.006636311241383863,0.446186062443672,0.4439551321314536,0.06453510057532562,9740,9241,0.15931081700000504,28.390543992999937,True,False
config_a,163,-0.44633888147134526,16.624798758793624,True,25,0.028239656534895463,0.4439551321314536,0.4417353564707963,0.07385546624660493,9765,9266,0.07756318700012343,28.468108612999913,True,False
config_a,164,-0.2326613721517895,15.716251421906053,True,19,0.012521358913753666,0.4417353564707963,0.43952667968844233,0.06644612413487937,9784,9285,0.058098759000131395,28.52620202399976,True,False
config_a,165,0.5980768375069383,8.449908037763088,True,30,0.006821440164118342,0.43952667968844233,0.43732904629000013,0.07061807538072268,9814,9315,0.09400896500028466,28.620221224000034,True,False
config_a,166,0.3743429563823599,24.7995731475763,True,50,0.018003241121466618,0.43732904629000013,0.4351424010585501,0.06292819555848837,9864,9365,0.1521298260004187,28.772349636999934,True,False
config_a,167,0.08705767072169812,17.607269337726756,True,11,0.010597522270769266,0.4351424010585501,0.43296668905325736,0.07450958476825194,9875,9376,0.032672308000201156,28.80503242099985,True,False
config_a,168,0.3845430517310864,20.817305309383663,True,36,0.0009656080892381791,0.43296668905325736,0.43080185560799106,0.07243615947663784,9911,9412,0.11313000300015119,28.918160350999642,True,False
config_a,169,0.39444178948404884,15.299571694107726,True,17,0.004461124470905076,0.43080185560799106,0.4286478463299511,0.09853472078547758,9928,9429,0.054412736000358564,28.972568168999715,True,False
config_a,170,-0.6973830517758741,8.205947240861132,True,29,0.0011578943315313506,0.4286478463299511,0.42650460709830135,0.06688308446057911,9957,9458,0.08944885299979433,29.062022952000007,True,False
config_a,171,0.6443087902605946,11.933711962004963,True,24,0.012546142541975724,0.42650460709830135,0.42437208406280985,0.06930503939899306,9981,9482,0.07291018900014024,29.13493615599964,True,False
config_a,172,0.21466886214346714,15.450553703587502,True,20,0.004680820017244347,0.42437208406280985,0.4222502236424958,0.05585946002975106,10001,9502,0.06159339699979682,29.196529902999828,True,False
config_a,173,0.44256437031209783,14.778364844899624,True,18,0.021965428885574456,0.4222502236424958,0.42013897252428334,0.07133724602560203,10019,9520,0.0546372590001738,29.251169064999885,True,False
config_a,174,-0.7009209234383565,16.24557211569045,True,36,0.008284734817450512,0.42013897252428334,0.4180382776616619,0.07172583886939618,10055,9556,0.11034878400005255,29.361522195999896,True,False
config_a,175,-0.6070388874441277,7.884865092590916,True,29,0.009070515488708852,0.4180382776616619,0.4159480862733536,0.08495001796761463,10084,9585,0.08767290700006924,29.449196844999733,True,False
config_a,176,-0.39006198926416236,13.584787820372732,True,24,0.00876950425047196,0.4159480862733536,0.41386834584198684,0.07186206476762891,10108,9609,0.0747856339999089,29.525017835999734,True,False
config_a,177,0.5620845236223939,8.461401634942739,True,34,0.0039038647878498756,0.41386834584198684,0.4117990041127769,0.06580930756514564,10142,9643,0.10449485199978881,29.629518786999597,True,False
config_a,178,0.6246959121117801,10.375776579021476,True,27,0.003054652321599294,0.4117990041127769,0.40974000909221303,0.07611581427907502,10169,9670,0.08341642699997465,29.712872330999744,True,False
config_a,179,0.6519093235882978,9.170260802273697,True,27,0.0033900734742888794,0.40974000909221303,0.40769130904675194,0.07006384929021199,10196,9697,0.08264994000001025,29.795586245999857,True,False
config_a,180,0.4639709022724039,14.747429625759832,True,18,0.009136808101580018,0.40769130904675194,0.40565285250151817,0.05748681899987989,10214,9715,0.05515780199993969,29.85074874499969,True,False
config_a,181,-0.15886001825873863,17.298481978755444,True,13,0.006849890859151497,0.40565285250151817,0.4036245882390106,0.05573848477349831,10227,9728,0.041454966999936005,29.892207187999702,True,False
config_a,182,0.6362193727077838,15.33557078326121,True,29,0.008088252984976618,0.4036245882390106,0.4016064652978155,0.0657720077654411,10256,9757,0.08734267599993473,29.979549834999943,True,False
config_a,183,-0.3053656518516881,16.069308512751014,True,17,0.007095120062136806,0.4016064652978155,0.3995984329713264,0.08095857106587466,10273,9774,0.05492773500009207,30.03447501599976,True,False
config_a,184,-0.6391613620184642,11.53126752555836,True,25,0.03133110913048298,0.3995984329713264,0.3976004408064698,0.07031438872218132,10298,9799,0.0758040109999456,30.110284314999717,True,False
config_a,185,-0.28114292694484944,14.147697431914276,True,25,0.002399068557035311,0.3976004408064698,0.39561243860243744,0.08213002130389213,10323,9824,0.0776118700000552,30.18789859799972,True,False
config_a,186,-0.5556243105627264,15.151093749127178,True,27,9.222275539932934e-05,0.39561243860243744,0.3936343764094253,0.057110913787727,10350,9851,0.0847124720003194,30.272608415999912,True,False
config_a,187,0.12976395069863444,17.476816091226645,True,12,0.006464506570370163,0.3936343764094253,0.39166620452737816,0.07678266863028209,10362,9863,0.03712845500012918,30.30974486199966,True,False
config_a,188,0.6264020076564243,12.374715639743954,True,22,0.012594245017115258,0.39166620452737816,0.3897078735047413,0.07046202155338092,10384,9885,0.06822857799988924,30.377974211000037,True,False
config_a,189,-0.4860095228521546,12.239067306742072,True,24,0.009333007329599574,0.3897078735047413,0.3877593341372176,0.07469341872880857,10408,9909,0.07152481299999636,30.449499052999727,True,False
config_a,190,0.5396527543116298,12.869229297986385,True,23,0.002422062416286397,0.3877593341372176,0.3858205374665315,0.066854996525723,10431,9932,0.0697548849998384,30.519247467999776,True,False
config_a,191,0.6900172593940963,10.86399159822613,True,25,0.007787308694426676,0.3858205374665315,0.38389143477919885,0.07744832530617714,10456,9957,0.07870643900014329,30.59796564499993,True,False
config_a,192,0.6843096294713136,12.001062146981711,True,23,0.015508001612727473,0.38389143477919885,0.3819719776053028,0.06463772633477398,10479,9980,0.07118470700015678,30.66915028199992,True,False
config_a,193,0.2935103091809306,18.715796921076254,True,38,0.03715970470666036,0.3819719776053028,0.3800621177172763,0.08523964543679827,10517,10018,0.1157105400002365,30.78486215399971,True,False
config_a,194,-0.5702425460101628,13.023091610858682,True,31,0.011342968587785718,0.3800621177172763,0.37816180712868996,0.08177404934840818,10548,10049,0.09845730899996852,30.883323478999955,True,False
config_a,195,-0.5656205282440901,12.009597197873518,True,24,0.005347390144987085,0.37816180712868996,0.37627099809304654,0.07947793447722991,10572,10073,0.07280888900004356,30.956130754999776,True,False
config_a,196,-0.6189597699122971,12.132430065714289,True,48,0.013049953080090937,0.37627099809304654,0.3743896431025813,0.07714222247401874,10620,10121,0.1463557430001856,31.102491654999994,True,False
config_a,197,-0.49229568219141306,11.232999541796744,True,27,0.008750124853691976,0.3743896431025813,0.37251769488706843,0.08742808178067207,10647,10148,0.08266883800024516,31.185162214999764,True,False
config_a,198,0.28616671114461356,16.104174501542,True,17,0.010612005088009968,0.37251769488706843,0.3706551064126331,0.08346624540932038,10664,10165,0.0509295850001763,31.236094573999708,True,False
config_a,199,-0.6843416430103334,11.626380959374364,True,49,0.011136055643935161,0.3706551064126331,0.36880183088056995,0.07776594895641414,10713,10214,0.14859595899997657,31.384687449000012,True,False
config_a,200,0.3895027697394411,15.22038767763879,True,19,0.0031832599085862,0.36880183088056995,0.3669578217261671,0.07133846573139492,10732,10233,0.0586972070000229,31.44338719999996,True,False
config_a,201,0.5292594506856572,21.9450983827468,True,42,0.011334800304525383,0.3669578217261671,0.36512303261753626,0.08817570616624185,10774,10275,0.15108801899987157,31.595507129999987,True,False
config_a,202,-0.21380186296617298,18.54952439130284,True,20,0.0030691058033033847,0.36512303261753626,0.3632974174544486,0.08265973655506968,10794,10295,0.061185831999864604,31.65670085399961,True,False
config_a,203,0.7615582399527638,10.452557911071926,True,25,0.006943413142014299,0.3632974174544486,0.3614809303671764,0.0889601667970419,10819,10320,0.0760846930002117,31.732786316999864,True,False
config_a,204,0.5285450566664449,14.582385036058259,True,29,0.0015633345124326237,0.3614809303671764,0.3596735257153405,0.07535109861657538,10848,10349,0.09304534300008527,31.825830909999695,True,False
config_a,205,-0.5072519964982207,12.096964030899107,True,27,0.003160875960600995,0.3596735257153405,0.3578751580867638,0.07638213162620862,10875,10376,0.0846427489996131,31.91047670299986,True,False
config_a,206,0.4787787532185708,11.859792841714807,True,28,0.006442767229355606,0.3578751580867638,0.35608578229633,0.08628215840352434,10903,10404,0.0913161360003869,32.00179430099979,True,False
config_a,207,0.053392638378020885,17.63320430252934,True,9,0.023209889877314524,0.35608578229633,0.3543053533848483,0.08873014069265789,10912,10413,0.027513720000115427,32.029309181999906,True,False
config_a,208,-0.026806822319846324,17.679072657600045,True,8,0.01181992221122279,0.3543053533848483,0.35253382661792404,0.057443635538220406,10920,10421,0.024826740000207792,32.05414254199968,True,False
config_a,209,0.20725276210911692,22.016890394245273,True,28,0.005653640385941544,0.35253382661792404,0.3507711574848344,0.09817066502624325,10948,10449,0.08826497600011862,32.14240246999998,True,False
config_a,210,-0.6291470505028203,8.925055050849915,True,28,0.006339658009217097,0.3507711574848344,0.34901730169741024,0.0777087748449828,10976,10477,0.08642721799969877,32.22883486599994,True,False
config_a,211,0.48472278377867717,14.21204328685999,True,20,0.0022802206705060946,0.34901730169741024,0.3472722151889232,0.09291669623926282,10996,10497,0.06045319399981963,32.289289431999805,True,False
config_a,212,-0.6390884493933685,11.44919881511014,True,26,0.014423393645851212,0.3472722151889232,0.3455358541129786,0.08862222000383414,11022,10523,0.07886889599967617,32.368161552999936,True,False
config_a,213,-0.15827812378218264,16.917496900388507,True,15,0.0025182945171784155,0.3455358541129786,0.3438081748424137,0.05556762789686521,11037,10538,0.04853415800016592,32.41669346699973,True,False
config_a,214,-0.5631367732835705,12.891121614652002,True,24,5.609275293738669e-05,0.3438081748424137,0.3420891339682016,0.07226100983098149,11061,10562,0.07388946199989732,32.490586014999735,True,False
config_a,215,-0.7510137781656353,8.382720587961376,True,28,0.01717947040119172,0.3420891339682016,0.3403786882983606,0.07882553019693919,11089,10590,0.09043977999999697,32.58102633499993,True,False
config_a,216,0.4111931701882361,16.751776507683097,True,24,0.024697432080726944,0.3403786882983606,0.3386767948568688,0.0966073681289951,11113,10614,0.07593346700014081,32.65696339799979,True,False
config_a,217,0.13525015649168637,18.7433965190663,True,20,0.006627147600229699,0.3386767948568688,0.33698341088258443,0.07221230557188392,11133,10634,0.06553060699980051,32.722484601999895,True,False
config_a,218,-0.5753206811531977,13.683463132128235,True,19,0.007504413506821739,0.33698341088258443,0.3352984938281715,0.08572921333344359,11152,10653,0.06218132999993031,32.78467991299976,True,False
config_a,219,0.28026410803456403,16.464388172561303,True,15,0.002255823823181513,0.3352984938281715,0.33362200135903064,0.08822912015020848,11167,10668,0.047224714000094536,32.831909493999774,True,False
config_a,220,-0.2720038978956121,15.644082180841359,True,19,0.020562961629712884,0.33362200135903064,0.33195389135223546,0.09211760827977407,11186,10687,0.057871670999702474,32.88977949299988,True,False
config_a,221,0.5112702338051418,12.611647439468651,True,22,0.03568783717752755,0.33195389135223546,0.3302941218954743,0.07343755628574979,11208,10709,0.06963754000025801,32.959419907999745,True,False
config_a,222,0.702852576069803,11.436435567215085,True,24,0.006686579392734315,0.3302941218954743,0.32864265128599696,0.0870421720513453,11232,10733,0.07573553300017011,33.03515586200001,True,False
config_a,223,-0.5390137246350117,10.261271456186659,True,33,0.01005753184154179,0.32864265128599696,0.326999438029567,0.09787458858706734,11265,10766,0.10140057800026625,33.13655005099963,True,False
config_a,224,-0.4582473555240631,19.137804916419555,True,28,0.0065325182451447805,0.326999438029567,0.3253644408394192,0.0916317984062646,11293,10794,0.08806678200016904,33.22462745899975,True,False
config_a,225,0.018234270979915146,17.702640874893405,True,8,0.0090190686080683,0.3253644408394192,0.3237376186352221,0.11883795633912086,11301,10802,0.024830256000313966,33.24946198999987,True,False
config_a,226,-0.3321396583848813,15.791026105359197,True,18,0.0031185873631299765,0.3237376186352221,0.322118930542046,0.0769673820791973,11319,10820,0.054511773999820434,33.30494598699988,True,False
config_a,227,0.46291597913972815,14.371700254734606,True,19,0.007711087804288308,0.322118930542046,0.32050833588933575,0.0843079416571479,11338,10839,0.05783644000030108,33.362784668999666,True,False
config_a,228,-0.29435366253267714,16.2971160611487,True,15,0.029632749156341953,0.32050833588933575,0.31890579420988907,0.10912599513928095,11353,10854,0.04876267800000278,33.41154824799969,True,False
config_a,229,0.7968740354921917,7.3907349309884,True,29,0.009889566120266147,0.31890579420988907,0.3173112652388396,0.09738334364675243,11382,10883,0.08921558799966078,33.50076325400005,True,False
config_a,230,0.6060715436459814,9.93210237789899,True,26,0.01005980818480312,0.3173112652388396,0.3157247089126454,0.09947536298288749,11408,10909,0.08011857200017403,33.58088326799998,True,False
config_a,231,-0.5662245431626824,12.882053391833324,True,21,0.00040348950039070797,0.3157247089126454,0.3141460853680822,0.09397958804454122,11429,10930,0.06574518099978377,33.646631823999996,True,False
config_a,232,0.08461482691376043,17.52424766505137,True,12,0.019914410574138508,0.3141460853680822,0.3125753549412418,0.09017035473758976,11441,10942,0.03758829699972921,33.684222513999885,True,False
config_a,233,-0.13247559266341702,17.27460590004921,True,12,0.009231750064762304,0.3125753549412418,0.31101247816653554,0.09924451618765791,11453,10954,0.03805321800018646,33.722276101999796,True,False
config_a,234,-0.765781568292945,8.591404665401205,True,29,0.009359430351776332,0.31101247816653554,0.30945741577570285,0.0930412943507063,11482,10983,0.090806920000432,33.8130842139999,True,False
config_a,235,-0.7290357577413131,11.135802648216487,True,24,0.010485799161213949,0.30945741577570285,0.3079101286968243,0.10567557873825233,11506,11007,0.08279359300013311,33.89588002999972,True,False
config_a,236,0.6229490115017686,11.551562742132228,True,25,0.010884943156242888,0.3079101286968243,0.3063705780533402,0.108183568790555,11531,11032,0.07886992700014162,33.97475455499989,True,False
config_a,237,0.03030542679010506,17.724436858622358,True,8,0.0008461043398166578,0.3063705780533402,0.30483872516307353,0.09643603209406137,11539,11040,0.024162713999885455,33.99892309699999,True,False
config_a,238,0.31871612496917945,16.2505900825141,True,16,0.009837482715831458,0.30483872516307353,0.3033145315372582,0.09568348655011505,11555,11056,0.049088221000147314,34.04800887500005,True,False
config_a,239,-0.5146095981238543,13.863427406677511,True,20,7.351214264628148e-05,0.3033145315372582,0.3017979588795719,0.07176144598051906,11575,11076,0.06200970499958203,34.1100180389999,True,False
config_a,240,-0.3991525002666336,15.326833895035087,True,17,0.028083181078899733,0.3017979588795719,0.30028896908517405,0.08310047022121794,11592,11093,0.05360101099995518,34.16362336599968,True,False
config_a,241,-0.4219816036329645,14.59855691930279,True,20,0.007629787971114299,0.30028896908517405,0.2987875242397482,0.11159660406410694,11612,11113,0.06216116999985388,34.2257850269998,True,False
config_a,242,-0.7943053166710018,9.898203466413543,True,24,0.02496249557591934,0.2987875242397482,0.29729358661854943,0.08476865524426103,11636,11137,0.0733330670000214,34.2991214689996,True,False
config_a,243,0.7809722502314351,11.011953032121529,True,23,0.00819469698550046,0.29729358661854943,0.29580711868545667,0.10580417951164038,11659,11160,0.06935442999974839,34.368478892999974,True,False
config_a,244,0.4834523843549978,13.78592182919383,True,21,0.007394013725272486,0.29580711868545667,0.2943280830920294,0.09427153611821788,11680,11181,0.06316394900022715,34.43164066899999,True,False
config_a,245,-0.08515210729656908,17.448091993958222,True,10,0.0016708956188424828,0.2943280830920294,0.29285644267656924,0.10271652974188328,11690,11191,0.03015671299999667,34.461804091999966,True,False
config_a,246,-0.7268586034369895,7.790384056745097,True,27,0.00214517003226522,0.29285644267656924,0.2913921604631864,0.08087399098332282,11717,11218,0.08299739599988243,34.54479687100002,True,False
config_a,247,0.13555134590283624,17.194461399171267,True,12,0.0001933096561269887,0.2913921604631864,0.28993519966087045,0.10619798582047224,11729,11230,0.03736303300001964,34.58216756499996,True,False
config_a,248,-0.13867567758017818,17.23265265248483,True,12,0.03638926226744435,0.28993519966087045,0.2884855236625661,0.07324267039075494,11741,11242,0.03588388600019243,34.61805171099968,True,False
config_a,249,-0.5024140409141895,14.16195333637297,True,20,0.0070058177132334976,0.2884855236625661,0.28704309604425327,0.0980250420048833,11761,11262,0.06198727200035137,34.6800369499997,True,False
config_a,250,0.02705779210514403,17.755650189518928,True,8,0.011171035929622146,0.28704309604425327,0.285607880564032,0.11612447071820498,11769,11270,0.025102099000378075,34.70514218399967,True,False
config_a,251,0.375174263866038,15.716823038831352,True,17,0.003995295441879043,0.285607880564032,0.28417984116121187,0.10777526885709342,11786,11287,0.05295190699962404,34.75908997999977,True,False
config_a,252,-0.40347556017503267,14.93985089546768,True,20,0.0005887105421610306,0.28417984116121187,0.2827589419554058,0.0999159355647862,11806,11307,0.061159443000178726,34.820253217999834,True,False
config_a,253,0.5384823368469769,12.297928148997016,True,24,0.002799738139244057,0.2827589419554058,0.28134514724562876,0.10545602883212268,11830,11331,0.07172436800010473,34.89201351999964,True,False
config_a,254,-0.5803840273522758,9.834304752480238,True,28,0.006059531455030132,0.28134514724562876,0.2799384215094006,0.08818385397483196,11858,11359,0.08872396800006754,34.98073750699996,True,False
config_a,255,0.3673834654197108,23.470374632906164,True,37,0.01005212293957869,0.2799384215094006,0.27853872940185365,0.0767509879393352,11895,11396,0.11863606800034177,35.09937347499999,True,False
config_a,256,-0.5811721740425035,12.548839854542166,True,22,0.01637725098794729,0.27853872940185365,0.27714603575484437,0.07110741996968334,11917,11418,0.07365989199979595,35.1730379239998,True,False
config_a,257,-0.32150039498500843,18.496400502719915,True,23,0.006467250207119857,0.27714603575484437,0.2757603055760701,0.08471216358568358,11940,11441,0.07145013099989228,35.24449010799981,True,False
config_a,258,0.46515750471915274,14.570583284075838,True,20,0.003756270093851488,0.2757603055760701,0.2743815040481898,0.0979089125059545,11960,11461,0.06065057700016041,35.30514261799999,True,False
config_a,259,0.7736228401942042,13.335398174542934,True,41,0.002703667349727157,0.2743815040481898,0.2730095965279488,0.10690841664810007,12001,11502,0.12883453499989628,35.43397901499975,True,False
config_a,260,-0.6999256188091927,7.548673570144455,True,32,0.008472449528505899,0.2730095965279488,0.27164454854530906,0.11198308557504788,12033,11534,0.09814674800009016,35.53212769599986,True,False
config_a,261,0.00038582192440583807,17.721701583242975,True,8,0.005128308013885848,0.27164454854530906,0.2702863258025825,0.13097874564118683,12041,11542,0.023968255999989196,35.556102740999904,True,False
config_a,262,0.33883482917182706,15.661601283866911,True,27,0.005258277258593735,0.2702863258025825,0.2689348941735696,0.0943060978833172,12068,11569,0.08165244400015581,35.63775387299984,True,False
config_a,263,-0.13588919072246775,17.229714234825224,True,12,0.02620145868044045,0.2689348941735696,0.26759021970270175,0.10527702219163378,12080,11581,0.03690466199986986,35.67465928599995,True,False
config_a,264,0.42232436188385414,15.104458965186495,True,18,0.03628249302702646,0.26759021970270175,0.2662522686041882,0.06340384938650662,12098,11599,0.055576855000254,35.7302378129998,True,False
config_a,265,-0.3363866681889885,16.093190377764405,True,15,0.016645609430275543,0.2662522686041882,0.2649210072611673,0.09858007654547692,12113,11614,0.04678041400029542,35.777020471000014,True,False
config_a,266,0.26560820151635567,16.29463107837364,True,15,0.027903036616567345,0.2649210072611673,0.26359640222486147,0.11185217512150605,12128,11629,0.04763215899993156,35.82465781799965,True,False
config_a,267,0.48460111241989234,14.674731222400442,True,18,0.008688023527531341,0.26359640222486147,0.26227842021373715,0.09396282987048228,12146,11647,0.05705067200005942,35.881708680999964,True,False
config_a,268,-0.33986811843782727,13.33356044376269,True,23,0.008007880667565859,0.26227842021373715,0.2609670281126685,0.08506817848462125,12169,11670,0.06967696899982911,35.95138723199989,True,False
config_a,269,0.04227060308039454,17.69549112552777,True,8,0.0060167193617812476,0.2609670281126685,0.25966219297210513,0.09148144396021962,12177,11678,0.024754934000156936,35.97613994199992,True,False
config_a,270,0.7288320323291051,9.817219741130248,True,26,0.00987116758465112,0.25966219297210513,0.2583638820072446,0.08526393577743036,12203,11704,0.08076363899999706,36.05691081099985,True,False
config_a,271,-0.22327782991756995,16.650798844193922,True,14,0.00021343336479051622,0.2583638820072446,0.2570720625972084,0.10548104731632131,12217,11718,0.04223645799993392,36.09915180600001,True,False
config_a,272,-0.3303983195898848,20.007157772628126,True,25,0.007452374715943566,0.2570720625972084,0.25578670228422234,0.10673607856035233,12242,11743,0.07612650400005805,36.17527690799989,True,False
config_a,273,-0.5178073862379133,13.088232892681845,True,21,0.012956400527256884,0.25578670228422234,0.25450776877280124,0.08946432847352255,12263,11764,0.0655672869997943,36.240845717999946,True,False
config_a,274,0.4242635431687096,14.418704898725263,True,21,0.007805551684760714,0.25450776877280124,0.2532352299289372,0.09990868868217581,12284,11785,0.06457312099973933,36.305418908999854,True,False
config_a,275,0.6423082746314916,12.885519750678213,True,21,0.00045912889393506795,0.2532352299289372,0.2519690537792925,0.10139900880555312,12305,11806,0.07757319200027268,36.38299085899962,True,False
config_a,276,-0.311797991543736,16.337081353925168,True,16,0.002018545333699273,0.2519690537792925,0.2507092085103961,0.09650786081328988,12321,11822,0.04914147999988927,36.43315428599999,True,False
config_a,277,-0.5062820693955656,14.47284885905683,True,19,0.0013232121949637854,0.2507092085103961,0.2494556624678441,0.13247548612324814,12340,11841,0.05875425100020948,36.49191131199996,True,False
config_a,278,-0.23409342809198908,16.9159151090309,True,14,0.00427817893971652,0.2494556624678441,0.24820838415550486,0.09337188556258168,12354,11855,0.04290381900000284,36.53481682399979,True,False
config_a,279,0.3879806192082613,18.167551802285015,True,23,0.010522217263573053,0.24820838415550486,0.24696734223472733,0.10967974210886852,12377,11878,0.07049227900006372,36.60530675899963,True,False
config_a,280,-0.6444936717841758,12.409455787250772,True,22,0.008363747252771003,0.24696734223472733,0.2457325055235537,0.09881242483176968,12399,11900,0.06766030399967349,36.67297069899996,True,False
config_a,281,0.46839277587613326,19.070765202149047,True,29,0.018622172005071658,0.2457325055235537,0.24450384299593592,0.10072144878835514,12428,11929,0.08858558200017796,36.76155431799998,True,False
config_a,282,-0.28056608526388194,16.3275391606614,True,16,0.0036486238087716227,0.24450384299593592,0.24328132378095624,0.0972638288512826,12444,11945,0.048945659000310116,36.81050410399985,True,False
config_a,283,0.3294641733983239,15.626089923409744,True,17,0.004770085532725787,0.24328132378095624,0.24206491716205145,0.09600451862549081,12461,11962,0.05438779899986912,36.86488036599985,True,False
config_a,284,-0.6266331731525489,11.084586845338345,True,33,0.016019423849173098,0.24206491716205145,0.2408545925762412,0.09981592936497746,12494,11995,0.10770472800004427,36.97259736199976,True,False
config_a,285,0.6912858026519624,11.64313537813723,True,22,0.006253838676179346,0.2408545925762412,0.23965031961336,0.12209507331929424,12516,12017,0.07057332900012625,37.043174196999644,True,False
config_a,286,-0.05242351016047275,17.714022657449824,True,9,0.017530110077088955,0.23965031961336,0.2384520680152932,0.08518993709650305,12525,12026,0.027665534000334446,37.07083999199995,True,False
config_a,287,0.3257345102799625,16.00495621024165,True,29,0.007590211805903246,0.2384520680152932,0.23725980767521673,0.11224458450130348,12554,12055,0.09561316600002101,37.16645279699969,True,False
config_a,288,-0.6056981971227618,10.55168760966044,True,26,0.011186557630725513,0.23725980767521673,0.23607350863684065,0.09981868158166225,12580,12081,0.07910004899986234,37.24555360699969,True,False
config_a,289,0.3201177429433377,15.967764338478446,True,16,0.003010309572447578,0.23607350863684065,0.23489314109365644,0.09174103767145425,12596,12097,0.05027691600025719,37.29583303699974,True,False
config_a,290,0.23541892088274374,16.92565883027273,True,14,0.005417314837748766,0.23489314109365644,0.23371867538818816,0.12014261646462339,12610,12111,0.043503880000116624,37.3393381879996,True,False
config_a,291,-0.09011702492403784,17.423262537037953,True,10,0.0035690471750358665,0.23371867538818816,0.23255008201124722,0.11170177552849055,12620,12121,0.031713904999833176,37.371055297999646,True,False
config_a,292,0.004271648898549252,17.64273618790321,True,8,0.03869025119248104,0.23255008201124722,0.231387331601191,0.11835067276842892,12628,12129,0.02456976899975416,37.39562636899973,True,False
config_a,293,0.26326975798977736,16.62609116951935,True,15,0.0019346277429971859,0.231387331601191,0.23023039494318503,0.11218105380733807,12643,12144,0.04587887499974386,37.44150783899977,True,False
config_a,294,-0.018416491057941742,17.5355542067904,True,8,0.002553705352802624,0.23023039494318503,0.2290792429684691,0.13149336632341146,12651,12152,0.025191311000071437,37.46670578999965,True,False
config_a,295,0.47389195880839363,14.917035651806508,True,18,0.00946618539227545,0.2290792429684691,0.22793384675362674,0.1286571795741717,12669,12170,0.054201293000005535,37.52089323099972,True,False
config_a,296,-0.7199102030022202,11.590447264816612,True,22,0.03442733732925907,0.22793384675362674,0.22679417751985861,0.06753383746201341,12691,12192,0.06863059499983137,37.58953270999973,True,False
config_a,297,0.22657024756433453,16.552423862228167,True,16,0.009831345425956817,0.22679417751985861,0.22566020663225933,0.09294658061116934,12707,12208,0.048970445999657386,37.638506610999684,True,False
config_a,298,0.6650986866646396,16.032722911704333,True,38,0.007765700932366393,0.22566020663225933,0.22453190559909803,0.11839753786396039,12745,12246,0.11571607299993047,37.754214561000026,True,False
config_a,299,0.5208581623542374,13.38960173483938,True,21,0.01688360926023491,0.22453190559909803,0.22340924607110255,0.10088035916643483,12766,12267,0.06562824699994962,37.8198516919997,True,False
config_a,300,-0.7530622144536343,9.880185389891267,True,25,0.008239381345629626,0.22340924607110255,0.22229219984074702,0.11851785667240619,12791,12292,0.07764100299982601,37.897491802999866,True,False
config_a,301,0.3837368995933732,15.785353838163427,True,17,0.009412449300856385,0.22229219984074702,0.2211807388415433,0.12545407782582677,12808,12309,0.05258853799978169,37.9511811149996,True,False
config_a,302,0.5069521081663886,14.086707763629965,True,19,0.007918391373798184,0.2211807388415433,0.22007483514733558,0.10916318509139512,12827,12328,0.061307993000355054,38.01246021599991,True,False
config_a,303,-0.5027993970685938,14.154452842939644,True,20,0.007591070789433663,0.22007483514733558,0.2189744609715989,0.09589519491419196,12847,12348,0.061605464999956894,38.07409961099984,True,False
config_a,304,0.5140429023401196,13.493355502118355,True,22,0.0013503278470432534,0.2189744609715989,0.2178795886667409,0.10253982948647304,12869,12370,0.0670811740001227,38.141180895999696,True,False
config_a,305,0.16310118284593111,21.065831373108086,True,18,0.005775860294497365,0.2178795886667409,0.2167901907234072,0.10439525006545915,12887,12388,0.05443059199978961,38.195613241000046,True,False
config_a,306,0.13323116346199337,17.309820008603857,True,13,0.00937636025926808,0.2167901907234072,0.21570623976979014,0.08885182526249152,12900,12401,0.04022595300011744,38.23584459199992,True,False
config_a,307,-0.6658763504923102,12.460636615008116,True,21,0.012316378896223945,0.21570623976979014,0.21462770857094118,0.09427892753765696,12921,12422,0.063572154999747,38.29941314200005,True,False
config_a,308,-0.7524853857881393,10.61732586901635,True,23,0.010932143653533677,0.21462770857094118,0.21355457002808648,0.12091096231470937,12944,12445,0.07124075999990964,38.37065391199985,True,False
config_a,309,-0.7719312798389215,11.140985115943478,True,22,0.00866761013202455,0.21355457002808648,0.21248679717794605,0.09773095570166003,12966,12467,0.06836146600016946,38.43901622899966,True,False
config_a,310,-0.4654311317410956,14.302877122862263,True,20,0.008164624375991636,0.21248679717794605,0.21142436319205632,0.11944254087284208,12986,12487,0.06211297799973181,38.50113602800002,True,False
config_a,311,-0.7037553976823148,12.233290367375593,True,21,0.015188386899228745,0.21142436319205632,0.21036724137609603,0.0727039273118689,13007,12508,0.06718622000016694,38.56828798799961,True,False
config_a,312,-0.7221696555779085,12.018771724984981,True,22,0.008269373700656613,0.21036724137609603,0.20931540516921554,0.14128096274692903,13029,12530,0.06801000399991608,38.636332712999774,True,False
config_a,313,-0.5115385501572036,14.582837112061679,True,19,0.004982618064162336,0.20931540516921554,0.20826882814336947,0.10119111443820752,13048,12549,0.05778797699986171,38.6941250269997,True,False
config_a,314,-0.7201171098653865,12.025257641077042,True,22,0.011903693174980634,0.20826882814336947,0.20722748400265262,0.0973548809574409,13070,12571,0.06818966099990575,38.76231454699973,True,False
config_a,315,-0.6004995139828163,13.54209789960878,True,19,0.009195068707321452,0.20722748400265262,0.20619134658263935,0.10694320686161518,13089,12590,0.05777389699960622,38.82009143799996,True,False
config_a,316,0.24435618708953588,16.628261550795287,True,14,0.016269943522277786,0.20619134658263935,0.20516038984972615,0.08913832104631833,13103,12604,0.04300365699964459,38.86307745899967,True,False
config_a,317,-0.38593428595961365,15.334474390745163,True,17,0.010380217234542521,0.20516038984972615,0.2041345879004775,0.10419036382261444,13120,12621,0.05256092699983128,38.915657973999714,True,False
config_a,318,0.41783046446106487,15.275902009103447,True,17,0.008663037149982955,0.2041345879004775,0.2031139149609751,0.10848836195381249,13137,12638,0.0593516889998682,38.97500941299995,True,False
config_a,319,-0.5870102558742227,13.60284392235335,True,20,0.004984733164546062,0.2031139149609751,0.20209834538617025,0.09609747100621462,13157,12658,0.06078267399971082,39.035794088999864,True,False
config_a,320,-0.6578255249785698,12.8088183718035,True,20,0.008447314051828414,0.20209834538617025,0.2010878536592394,0.0964772873558104,13177,12678,0.06397499300010168,39.099767769999744,True,False
config_a,321,0.42064766877804716,15.203825251595116,True,19,0.007746175099443753,0.2010878536592394,0.2000824143909432,0.09328938608891085,13196,12697,0.05928209600006085,39.15905296999972,True,False
config_a,322,-0.15833613898360177,17.24029510510154,True,12,0.006225181856773704,0.2000824143909432,0.19908200231898848,0.11296184360980988,13208,12709,0.036838113000158046,39.195894428999964,True,False
config_a,323,-0.37038653494044066,14.55244932877831,True,21,0.03097040180548366,0.19908200231898848,0.19808659230739353,0.11570591665804386,13229,12730,0.06507025900009467,39.260964737999984,True,False
config_a,324,-0.5653170345982499,13.395756307354894,True,20,0.02229137821367011,0.19808659230739353,0.19709615934585656,0.09681396745145321,13249,12750,0.06038167800033989,39.321350721999806,True,False
config_a,325,-0.6965923905221244,12.117588495928795,True,21,0.007452964444559895,0.19709615934585656,0.19611067854912728,0.10336786331165404,13270,12771,0.06578121500024281,39.3871327679999,True,False
config_a,326,0.4053587879353009,14.390268977649974,True,19,0.020725835151414962,0.19611067854912728,0.19513012515638165,0.10755462189646144,13289,12790,0.05935677600018607,39.44747939299987,True,False
config_a,327,-0.3933264303912097,14.308149574045093,True,20,0.014315298720737168,0.19513012515638165,0.19415447453059972,0.09449351113289595,13309,12810,0.05942229399988719,39.50690619399984,True,False
config_a,328,-0.16077282384104907,17.120090576517395,True,12,0.0012271612422379286,0.19415447453059972,0.19318370215794672,0.10492852718258898,13321,12822,0.035736478000217176,39.5426487499999,True,False
config_a,329,0.2977781706997493,17.906629824917765,True,20,0.006480609376332214,0.19318370215794672,0.192217783647157,0.10205736625939607,13341,12842,0.06048562299974947,39.603128363999986,True,False
config_a,330,-0.28277830576259577,15.248191903438418,True,19,0.007120772443048151,0.192217783647157,0.1912566947289212,0.12411836652379286,13360,12861,0.05600147399991329,39.6591360579996,True,False
config_a,331,-0.5554420930633592,14.105802658759057,True,19,0.0014959809518448886,0.1912566947289212,0.1903004112552766,0.12466901560363017,13379,12880,0.05878681099966343,39.71792466099987,True,False
config_a,332,-0.13779693173414942,17.447154062148183,True,12,0.00926725958061006,0.1903004112552766,0.18934890919900021,0.09028843091800809,13391,12892,0.03581688699978258,39.7537454039998,True,False
config_a,333,0.7639353604664687,10.40599771363195,True,24,0.0033726790814024854,0.18934890919900021,0.18840216465300522,0.13738256568710008,13415,12916,0.07143212400023913,39.825176375999945,True,False
config_a,334,0.5894199229819503,13.360748735815285,True,20,0.010311442202190269,0.18840216465300522,0.18746015382974018,0.09402125347405672,13435,12936,0.0596721750002871,39.884849842999756,True,False
config_a,335,-0.09973483118157112,17.483806298696436,True,11,0.0030322709370468742,0.18746015382974018,0.1865228530605915,0.12320246750658209,13446,12947,0.03298656500010111,39.91784104499993,True,False
config_a,336,0.7181915423320095,11.851109850639478,True,22,0.006562282340165759,0.1865228530605915,0.18559023879528855,0.14001987772909077,13468,12969,0.06566846699979578,39.98350750899999,True,False
config_a,337,0.6069289553488983,13.2423937224783,True,21,0.007915653148886426,0.18559023879528855,0.1846622876013121,0.1014687308065948,13489,12990,0.06272612900011154,40.046233567999934,True,False
config_a,338,-0.6621534116241494,12.510689470451325,True,21,0.0024092793619737707,0.1846622876013121,0.18373897616330553,0.09121251044174035,13510,13011,0.06268572899989522,40.10892228099965,True,False
config_a,339,0.1080959154372666,17.5804145201575,True,12,0.001365105795093427,0.18373897616330553,0.182820281282489,0.08691837281609575,13522,13023,0.03551192400027503,40.14443033899988,True,False
config_a,340,0.3029691395926324,15.346270761545748,True,19,0.011004423104749528,0.182820281282489,0.18190617987607657,0.10140823033687316,13541,13042,0.061808847000065725,40.20624446399961,True,False
config_a,341,-0.20338255194858323,16.830560702225192,True,13,0.008209679726136954,0.18190617987607657,0.18099664897669618,0.09602214997777572,13554,13055,0.03893715899994277,40.2451876529999,True,False
config_a,342,0.6314517990318711,12.700915803946554,True,22,0.005267468296277111,0.18099664897669618,0.1800916657318127,0.10310158082707362,13576,13077,0.06518306699990717,40.31037002799985,True,False
config_a,343,0.4798986635645255,14.44920633912552,True,20,0.0017695868855518437,0.1800916657318127,0.17919120740315364,0.14221086353063583,13596,13097,0.0605528820001382,40.370919665999736,True,False
config_a,344,0.19158431862309,17.156508947117253,True,13,0.0005150246556084037,0.17919120740315364,0.17829525136613786,0.13524902024521276,13609,13110,0.040959822999866446,40.41188663899993,True,False
config_a,345,0.08978112670148308,17.12923430916853,True,13,0.009358564608842865,0.17829525136613786,0.17740377510930716,0.1530796673435431,13622,13123,0.03884823699991102,40.450735678,True,False
config_a,346,0.5506689846594393,12.532186084054409,True,22,0.014789959129227648,0.17740377510930716,0.17651675623376062,0.08655725669285114,13644,13145,0.06529026600037469,40.51602568299995,True,False
config_a,347,0.5078410783526583,14.2116819283925,True,18,0.027627450403440945,0.17651675623376062,0.1756341724525918,0.09997255106767018,13662,13163,0.053711835000285646,40.56974056299987,True,False
config_a,348,0.735750222301627,11.848277305066585,True,22,0.010834090956717946,0.1756341724525918,0.17475600159032884,0.1338893777098168,13684,13185,0.06562935900001321,40.6353695519997,True,False
config_a,349,0.24592455756578824,16.41043757200241,True,16,0.008626238715622125,0.17475600159032884,0.17388222158237718,0.11838563974015415,13700,13201,0.047283642000365944,40.68265640799973,True,False
config_a,350,-0.39962377066080923,14.486522926576434,True,19,0.020202757346212463,0.17388222158237718,0.1730128104744653,0.12974758044277368,13719,13220,0.05669482399980552,40.739351041999726,True,False
config_a,351,0.3696203757994321,15.570658563001778,True,16,0.01722958365042948,0.1730128104744653,0.17214774642209296,0.11432258563581854,13735,13236,0.047486782999840216,40.78781598799969,True,False
config_a,352,0.37069751557699115,14.154041706770657,True,20,0.008514645386069553,0.17214774642209296,0.1712870076899825,0.12418785765767097,13755,13256,0.05923711800005549,40.84706134899989,True,False
config_a,353,-0.46012511971596787,15.128086409298703,True,18,0.005868409358359583,0.1712870076899825,0.17043057265153258,0.10369408958488041,13773,13274,0.05370955199987293,40.900770910999654,True,False
config_a,354,-0.10237765770751339,17.49218629563693,True,11,0.004687864532909952,0.17043057265153258,0.16957841978827493,0.13047728552059693,13784,13285,0.03270571699977154,40.93348423999987,True,False
config_a,355,-0.19698917102738722,16.936088731884958,True,15,0.0022385827978869954,0.16957841978827493,0.16873052768933355,0.09394534093638261,13799,13300,0.04456040800005212,40.97804317600003,True,False
config_a,356,0.16594987719881682,17.191521226847545,True,13,0.012022368076941153,0.16873052768933355,0.1678868750508869,0.11732029341734372,13812,13313,0.038735600000109116,41.01678106999998,True,False
config_a,357,0.6722524415379161,12.029664640873671,True,22,0.012800942880568988,0.1678868750508869,0.16704744067563246,0.14924369354478337,13834,13335,0.06554836900022565,41.082328567999866,True,False
config_a,358,-0.1870857592231927,17.092397630983033,True,13,0.0015329597918011806,0.16704744067563246,0.1662122034722543,0.1567600931112583,13847,13348,0.038819484999748965,41.12114846299983,True,False
config_a,359,0.11214440917382318,17.582857379550113,True,11,0.004446359226964902,0.1662122034722543,0.16538114245489302,0.08786367929794571,13858,13359,0.03264143200021863,41.1537948629998,True,False
config_a,360,0.5810114076290647,13.16419626874849,True,21,0.015190299251454542,0.16538114245489302,0.16455423674261854,0.12473691219375246,13879,13380,0.062122421999902144,41.21591398999999,True,False
config_a,361,0.20261864934793228,16.917359218513592,True,13,0.0014666915714154627,0.16455423674261854,0.16373146555890544,0.12246833111231144,13892,13393,0.039176706000034756,41.25509186699992,True,False
config_a,362,-0.5553061598340044,13.611235127114924,True,21,0.0067641891413882105,0.16373146555890544,0.16291280823111093,0.11498310558852695,13913,13414,0.06224211999960971,41.31733601099995,True,False
config_a,363,0.45438988763272437,14.184942270047031,True,21,0.016330010338549195,0.16291280823111093,0.16209824418995536,0.11843259960767769,13934,13435,0.06617969699982496,41.38351396400003,True,False
config_a,364,0.3713717229006759,22.140159962705365,True,26,0.0009219450719599731,0.16209824418995536,0.16128775296900558,0.10632915332770118,13960,13461,0.08515960500017172,41.46867710499964,True,False
config_a,365,0.6650651058110784,12.629594947141594,True,20,0.003693487019908126,0.16128775296900558,0.16048131420416054,0.1454514816403389,13980,13481,0.06419889500011777,41.53287470899977,True,False
config_a,366,0.07735074367424022,21.059419449744745,True,15,0.009254371929760336,0.16048131420416054,0.15967890763313974,0.12852546845873197,13995,13496,0.0448361480002859,41.57771766699989,True,False
config_a,367,0.12741662552419286,17.212116570409854,True,11,0.0021994497076379405,0.15967890763313974,0.15888051309497406,0.1057084339924834,14006,13507,0.03290358100002777,41.61062361199993,True,False
config_a,368,0.21439871659909548,16.687537822080778,True,13,0.0016723187199176315,0.15888051309497406,0.1580861105294992,0.12140189139888836,14019,13520,0.038813656000002084,41.649438669999654,True,False
config_a,369,0.008703712011284948,17.576351699628866,True,8,0.004185638188554174,0.1580861105294992,0.1572956799768517,0.10396263026632369,14027,13528,0.023893955999938044,41.67333704199973,True,False
config_a,370,0.4584592885960499,15.063320173701504,True,18,0.0019679214830602976,0.1572956799768517,0.15650920157696743,0.1007579882732696,14045,13546,0.053598377000071196,41.726933194999674,True,False
config_a,371,-0.04383629116417631,21.360856953020722,True,13,6.1707608071878695e-06,0.15650920157696743,0.1557266555690826,0.09254239599865216,14058,13559,0.03881845299974884,41.765754682999614,True,False
config_a,372,-0.08521192801553445,17.330516273435205,True,11,0.0005373335677886643,0.1557266555690826,0.1549480222912372,0.10131572593342174,14069,13570,0.03246430999979566,41.79821476699999,True,False
config_a,373,-0.7201622246438574,11.91645550269168,True,22,0.00711146541618668,0.1549480222912372,0.15417328217978102,0.12675162447108465,14091,13592,0.06625013100028809,41.86446916399973,True,False
config_a,374,0.18348276681083464,16.971672681998463,True,14,0.007526770459384352,0.15417328217978102,0.1534024157688821,0.1177981857742582,14105,13606,0.04153643900008319,41.90600882699982,True,False
config_a,375,0.613401918980967,13.333525190502407,True,20,0.0027103881596283186,0.1534024157688821,0.1526354036900377,0.13062853375449776,14125,13626,0.0597708209998018,41.96577790599986,True,False
config_a,376,0.4220243119583549,13.871240086946637,True,21,0.004673761459234926,0.1526354036900377,0.1518722266715875,0.11109202896200475,14146,13647,0.06256062300008125,42.02926289099969,True,False
config_a,377,0.4926391764841731,14.629797259904445,True,19,0.004166600901429729,0.1518722266715875,0.15111286553822956,0.13263612230749508,14165,13666,0.05687193699986892,42.08613665099983,True,False
config_a,378,-0.7376324449287992,11.647888947412138,True,22,0.003174122298793769,0.15111286553822956,0.15035730121053842,0.12272622182287952,14187,13688,0.0663626679997833,42.15250077099972,True,False
config_a,379,-0.043028352506480294,17.540364862978457,True,8,0.01618416944950811,0.15035730121053842,0.14960551470448571,0.14106594119220972,14195,13696,0.02418563900027948,42.176692258,True,False
config_a,380,-0.0059246645699359,17.76233091771137,True,8,0.007083358716156864,0.14960551470448571,0.14885748713096328,0.12886967533268034,14203,13704,0.02439962500011461,42.20109308599967,True,False
config_a,381,0.4788819738800243,14.902720484160819,True,18,0.007473790202081165,0.14885748713096328,0.14811319969530845,0.11482399722768201,14221,13722,0.05425348999960988,42.2553455139996,True,False
config_a,382,-0.25529629695678424,16.64438999881968,True,14,0.006718641009013093,0.14811319969530845,0.1473726336968319,0.1300503628860627,14235,13736,0.044132713000180956,42.29947915899993,True,False
config_a,383,0.30135445703090347,21.669832861667963,True,23,0.002499544928445452,0.1473726336968319,0.14663577052834775,0.11043546616059283,14258,13759,0.06907129999990502,42.36854956699972,True,False
config_a,384,0.7293148919343437,10.817546171694994,True,23,0.01593164082456311,0.14663577052834775,0.14590259167570602,0.11847295409635357,14281,13782,0.06972162500005652,42.438271722999616,True,False
config_a,385,-0.11490017621157356,17.30032269032672,True,11,0.0029768566520369244,0.14590259167570602,0.1451730787173275,0.12422779913653027,14292,13793,0.03398124099976485,42.472258572999635,True,False
config_a,386,-0.43270063181538493,14.086603977216873,True,20,0.024480253954276776,0.1451730787173275,0.14444721332374086,0.0971770839765668,14312,13813,0.05935320099979435,42.53161217499974,True,False
config_a,387,-0.4887139772503881,21.26348155205487,True,27,0.006193989964830171,0.14444721332374086,0.14372497725712216,0.14255149979834203,14339,13840,0.08113229599985061,42.612732472999596,True,False
config_a,388,0.4971946774699474,14.359634353476576,True,19,0.01114551223083593,0.14372497725712216,0.14300635237083656,0.08818121774024085,14358,13859,0.058314458999575436,42.671057477999966,True,False
config_a,389,-0.765003336246906,9.9978976754006,True,25,0.0052007807069522904,0.14300635237083656,0.14229132060898236,0.1460561390221119,14383,13884,0.07497440400038613,42.746036298000035,True,False
config_a,390,-0.006507440695616262,17.947940476238728,True,8,0.006507440695616262,0.14229132060898236,0.14157986400593744,0.16062292829155922,14391,13892,0.024636448000364908,42.77068022699996,True,False
config_a,391,-0.763841215114532,11.45150453557726,True,22,0.011138958811713673,0.14157986400593744,0.14087196468590776,0.13439435985955325,14413,13914,0.0669862039999316,42.837661773000036,True,False
config_a,392,0.01574082925221809,17.833566054009133,True,8,0.005197526538489438,0.14087196468590776,0.14016760486247823,0.10900264489464462,14421,13922,0.024208612000165886,42.86187550299974,True,False
config_a,393,-0.7167285933734906,11.017783611331835,True,23,0.015868472265044176,0.14016760486247823,0.13946676683816583,0.12463249144670756,14444,13945,0.06958907800026282,42.931461235999905,True,False
config_a,394,0.5546039166307823,12.534778810996794,True,22,0.0007057613270663454,0.13946676683816583,0.138769433003975,0.11629652545194734,14466,13967,0.06659754600013912,42.99805966399981,True,False
config_a,395,-0.0950428775896317,19.255662309308537,True,17,0.0009204728942402152,0.138769433003975,0.13807558583895513,0.15005292962579167,14483,13984,0.05054489299982379,43.04860684100004,True,False
config_a,396,0.241950130887028,19.31426068278961,True,18,0.0033774192510324097,0.13807558583895513,0.13738520790976036,0.1128953102355202,14501,14002,0.05399355400004424,43.10260263800001,True,False
config_a,397,0.40033060552489563,15.49493586831959,True,17,0.0006741471269130495,0.13738520790976036,0.13669828187021155,0.10634107734350597,14518,14019,0.05150498900002276,43.15410734699981,True,False
config_a,398,0.27226080466871494,16.227340805577114,True,16,0.007359519162765948,0.13669828187021155,0.13601479046086049,0.11107251781504601,14534,14035,0.04905357000006916,43.203155818999676,True,False
config_a,399,-0.22297144214715403,16.775243289698846,True,14,0.00569579422096958,0.13601479046086049,0.1353347165085562,0.17972676189882414,14548,14049,0.04230362699991019,43.24546685699988,True,False
config_a,400,0.0023587687360679954,17.80368585883989,True,8,0.00044463567236105624,0.1353347165085562,0.1346580429260134,0.1169781459029764,14556,14057,0.024705879999601166,43.270181019999654,True,False
config_a,401,-0.6414538442152131,14.712876114994287,True,25,0.0166281186945908,0.1346580429260134,0.13398475271138335,0.13964320354163648,14581,14082,0.07467070300026535,43.3458070519996,True,False
config_a,402,-0.19399200379932924,16.985277930856682,True,13,0.008500662042237123,0.13398475271138335,0.13331482894782642,0.1184560743948588,14594,14095,0.0391112779998366,43.3849255199998,True,False
config_a,403,0.5956399304539686,17.076983585441486,True,25,0.0007211679958725181,0.13331482894782642,0.13264825480308728,0.12416646130383015,14619,14120,0.07493047800016939,43.45985367499998,True,False
config_a,404,0.7690719641092871,11.288791938286158,True,23,0.01754990427006009,0.13264825480308728,0.13198501352907185,0.12900296380014523,14642,14143,0.068890551000095,43.52874542799964,True,False
config_a,405,-0.6585043996421137,11.458369695208967,True,23,0.00706947012632575,0.13198501352907185,0.1313250884614265,0.13875662179096884,14665,14166,0.0683716009998534,43.59711812099977,True,False
config_a,406,0.2050922085133806,16.96704690984916,True,13,0.00319413809172997,0.1313250884614265,0.13066846301911936,0.1546936768751878,14678,14179,0.03904622200025187,43.636169439999776,True,False
config_a,407,0.7151376724387921,12.083695153624284,True,22,0.002912309856757611,0.13066846301911936,0.13001512070402377,0.14680138949982144,14700,14201,0.0664067839998097,43.70256611800005,True,False
config_a,408,0.05013875317744143,17.582674226537346,True,9,0.00506726346948367,0.13001512070402377,0.12936504510050365,0.15772581472992897,14709,14210,0.027574940000249626,43.7301555199997,True,False
config_a,409,0.4045338426066942,15.468462618428747,True,17,0.007334450255724434,0.12936504510050365,0.12871821987500112,0.12281288206577301,14726,14227,0.051062391999948886,43.78121645900001,True,False
config_a,410,0.7465292662292311,10.232197564467787,True,25,0.007195189045994144,0.12871821987500112,0.12807462877562611,0.11653533428907395,14751,14252,0.0747312729999976,43.855947772000036,True,False
config_a,411,-0.7732344694844644,10.796457083942368,True,24,0.014450194470172373,0.12807462877562611,0.12743425563174798,0.13523391564376652,14775,14276,0.07219139200014979,43.92813963499975,True,False
config_a,412,0.14781227136534336,17.193049754062667,True,12,0.007776929807117916,0.12743425563174798,0.12679708435358925,0.13800132631634673,14787,14288,0.03634431000000404,43.9644856269997,True,False
config_a,413,-0.05758892815939132,17.424687095178523,True,12,0.0038400394023275428,0.12679708435358925,0.1261630989318213,0.14464341290295124,14799,14300,0.036739777000093454,44.00122849899981,True,False
config_a,414,0.12708363842290438,17.205949857024827,True,11,0.01036408058890835,0.1261630989318213,0.1255322834371622,0.11099329150535843,14810,14311,0.03251176999992822,44.03374457499967,True,False
config_a,415,-0.5579818890980056,13.89916617181152,True,20,0.011439374525863966,0.1255322834371622,0.12490462201997637,0.13230089005082846,14830,14331,0.059875607000321907,44.09361638599967,True,False
config_a,416,-0.3329434532295752,17.6917859360532,True,23,0.017732241441134555,0.12490462201997637,0.1242800989098765,0.12148360989016035,14853,14354,0.06800999400002183,44.161628113000006,True,False
config_a,417,-0.09305299791661059,17.483567627961747,True,11,0.0016016747665678205,0.1242800989098765,0.12365869841532712,0.13519588993354278,14864,14365,0.03292597500012562,44.194560808000006,True,False
config_a,418,-0.737872230528226,11.650201641744934,True,23,0.004885578784393552,0.12365869841532712,0.12304040492325048,0.123582539756013,14887,14388,0.06965913200019713,44.26421550299983,True,False
config_a,419,-0.3155036854183214,16.102582892590725,True,15,4.0644569283376786e-05,0.12304040492325048,0.12242520289863423,0.12745927162468434,14902,14403,0.04476078600009714,44.308980164999866,True,False
config_a,420,0.5358402896192194,14.2124872918881,True,19,0.0053206266722334306,0.12242520289863423,0.12181307688414106,0.15139465994740786,14921,14422,0.056518863000292185,44.36550025999986,True,False
config_a,421,0.21971374689023726,20.980173479544465,True,23,0.001996220832013035,0.12181307688414106,0.12120401149972035,0.12332548468333224,14944,14445,0.06840878599996358,44.43390792399987,True,False
config_a,422,-0.18563343598511006,16.95906818159856,True,14,0.002677545545761717,0.12120401149972035,0.12059799144222175,0.14820757734456233,14958,14459,0.04189701400036938,44.475808332999804,True,False
config_a,423,-0.5455801446256034,13.671659210603684,True,20,0.0064825274710376135,0.12059799144222175,0.11999500148501063,0.13198812771588564,14978,14479,0.059997807999934594,44.53580648199977,True,False
config_a,424,0.08902883385961946,17.430770916491745,True,13,0.0061491768835996025,0.11999500148501063,0.11939502647758558,0.1420823299827484,14991,14492,0.0387508329999946,44.574562822999724,True,False
config_a,425,0.3068464206373682,16.3208136966452,True,16,0.009143434338942436,0.11939502647758558,0.11879805134519765,0.12879086937755346,15007,14508,0.04892968500007555,44.62348995399998,True,False
config_a,426,0.3825949701805289,15.589175153151155,True,17,0.015269004701525257,0.11879805134519765,0.11820406108847166,0.1231875440434498,15024,14525,0.050790667999990546,44.67528835899975,True,False
config_a,427,0.6540237259023711,10.828696559928359,True,25,0.004503117749216523,0.11820406108847166,0.1176130407830293,0.13263134106993676,15049,14550,0.07443912899998395,44.74972876999982,True,False
config_a,428,0.6190859679925189,13.201993950828909,True,20,0.020983273456169127,0.1176130407830293,0.11702497557911415,0.13119597416371107,15069,14570,0.05957134499976746,44.809303138999894,True,False
config_a,429,0.33452048387036437,17.42353678929867,True,23,4.7860108685127134e-05,0.11702497557911415,0.11643985070121858,0.14760029955726603,15092,14593,0.06824999000036769,44.87755230799985,True,False
config_a,430,0.2432250942050529,16.801818957226352,True,14,0.01471803007053446,0.11643985070121858,0.11585765144771248,0.1452577550496374,15106,14607,0.04162655199979781,44.91918296699987,True,False
config_a,431,-0.031595590905034276,17.583216891018672,True,8,0.001362968063672268,0.11585765144771248,0.11527836319047392,0.1278761241119355,15114,14615,0.024008756000057474,44.94319613899961,True,False
config_a,432,0.7658730485933185,10.620839093066753,True,23,0.004035084277097978,0.11527836319047392,0.11470197137452155,0.10621325039993161,15137,14638,0.06923815700019986,45.01242791699997,True,False
config_a,433,0.6092480109145426,12.766486312868073,True,22,0.003497861118753498,0.11470197137452155,0.11412846151764894,0.13397987034510483,15159,14660,0.06588617999977942,45.07831585999975,True,False
config_a,434,-0.4354418389583833,15.101772607275052,True,18,0.009158261035474846,0.11412846151764894,0.1135578192100607,0.16396273031002945,15177,14678,0.054230104999987816,45.13254833799965,True,False
config_a,435,-0.7506383439228966,10.744583475217222,True,24,0.004676665761857435,0.1135578192100607,0.11299003011401039,0.11951211413058142,15201,14702,0.07188120099999651,45.204431141999976,True,False
config_a,436,-0.535384784322592,14.299097607354634,True,19,0.008804261525170776,0.11299003011401039,0.11242507996344034,0.1740436267695929,15220,14721,0.057087597999725403,45.26151949999985,True,False
config_a,437,-0.6277115350915206,13.036608679313213,True,20,0.0052561677840506915,0.11242507996344034,0.11186295456362313,0.11966226305812597,15240,14741,0.059888375000355154,45.321410229999856,True,False
config_a,438,0.24706470399944336,16.532903567724862,True,15,0.006557236828919899,0.11186295456362313,0.11130363979080501,0.1783647040526072,15255,14756,0.045518331000039325,45.36693185499962,True,False
config_a,439,-0.7596542308202636,10.527046145731584,True,23,0.0018154738370619317,0.11130363979080501,0.11074712159185099,0.12773873689381973,15278,14779,0.06892504200004623,45.43585730799987,True,False
config_a,440,-0.2965167468423422,16.19212900977582,True,15,0.003056756411597694,0.11074712159185099,0.11019338598389174,0.11398860489328702,15293,14794,0.04590861999986373,45.481766798999615,True,False
config_a,441,-0.7229098127154407,11.825725174322724,True,22,0.016527144097918445,0.11019338598389174,0.10964241905397228,0.14473911010744897,15315,14816,0.06647574600037842,45.548239980999824,True,False
config_a,442,0.12011861215554409,17.421762379072607,True,11,0.010733277232832794,0.10964241905397228,0.10909420695870241,0.11986127732829614,15326,14827,0.03348703799974828,45.58173519100001,True,False
config_a,443,-0.49443361218500465,13.447792632901109,True,20,0.01852039342294426,0.10909420695870241,0.1085487359239089,0.14073822144418954,15346,14847,0.06016892199977519,45.64190259099996,True,False
config_a,444,-0.20782876058935573,16.877781474575567,True,13,0.02496256962402496,0.1085487359239089,0.10800599224428936,0.1475828901792948,15359,14860,0.039365065000311006,45.6812699799998,True,False
config_a,445,-0.47729810188693045,13.826186931191478,True,21,0.008652090047729044,0.10800599224428936,0.10746596228306791,0.17191313792552268,15380,14881,0.062670466000327,45.74394259899964,True,False
config_a,446,-0.7296677773955742,11.632671268284321,True,23,0.004570634681314134,0.10746596228306791,0.10692863247165257,0.1449262984097004,15403,14904,0.06926921299964306,45.81321286399998,True,False
config_a,447,0.7942673837479848,11.024362492980435,True,23,0.0009897607010546094,0.10692863247165257,0.1063939893092943,0.11853454197230547,15426,14927,0.06931020399997578,45.8825235889999,True,False
config_a,448,0.24954678444106437,18.365824362952843,True,19,0.01291301989090321,0.1063939893092943,0.10586201936274783,0.10661765315422886,15445,14946,0.0568542409996553,45.93937752900001,True,False
config_a,449,0.2663829096094903,16.17096835426055,True,16,0.004419882811065867,0.10586201936274783,0.10533270926593409,0.11092332075349987,15461,14962,0.048463222999998834,45.98784397700001,True,False
config_a,450,-0.22437950278547347,16.838647835931624,True,14,0.013131925230187164,0.10533270926593409,0.10480604571960442,0.11450241412967443,15475,14976,0.041944715000227006,46.02979179699969,True,False
config_a,451,0.4676499649812744,14.74355447848793,True,17,0.00626355979260379,0.10480604571960442,0.1042820154910064,0.12195872855098809,15492,14993,0.051324160999683954,46.082034500999725,True,False
config_a,452,0.004483144282571239,17.526453936565666,True,8,0.020681344962716446,0.1042820154910064,0.10376060541355137,0.1372573075350374,15500,15001,0.02403823899976487,46.10607733699999,True,False
config_a,453,-0.7791396398429952,10.796456767883502,True,23,0.008509233248290338,0.10376060541355137,0.1032418023864836,0.11555218000126921,15523,15024,0.06923298999981853,46.1753072219999,True,False
config_a,454,0.6426617149119274,13.072642682812875,True,20,0.00013284806615720957,0.1032418023864836,0.10272559337455119,0.12462529968470334,15543,15044,0.06037398599983135,46.23568117800005,True,False
config_a,455,-0.5404123468860332,14.038401868764776,True,19,0.013705570253018662,0.10272559337455119,0.10221196540767843,0.15664628197095895,15562,15063,0.058205115999953705,46.29388780699992,True,False
config_a,456,-0.2857567383756692,16.48329038047232,True,15,0.013038467398427955,0.10221196540767843,0.10170090558064004,0.12650716118514538,15577,15078,0.044849117000012484,46.338740849999795,True,False
config_a,457,-0.479436870732852,14.750146299554036,True,18,0.003142627745039428,0.10170090558064004,0.10119240105273684,0.10713991077823772,15595,15096,0.05415347199959797,46.39289494199966,True,False
config_a,458,0.6805079052892213,12.553445018385538,True,21,0.009173182734156238,0.10119240105273684,0.10068643904747315,0.14845515973865986,15616,15117,0.06333696600040639,46.45623367999997,True,False
config_a,459,-0.30588726840614433,15.657009313208983,True,18,0.013721572025416573,0.10068643904747315,0.10018300685223579,0.10928452966941728,15634,15135,0.053711645000021235,46.50994735899985,True,False
config_a,460,0.19942507728586345,17.060963173815978,True,13,0.0053262315947945615,0.10018300685223579,0.0996820918179746,0.14474698686255857,15647,15148,0.03952869800014014,46.54948058299988,True,False
config_a,461,0.06433316809261547,17.3928684317274,True,10,0.0016706922294770915,0.0996820918179746,0.09918368135888474,0.12168672606348992,15657,15158,0.0299377290002667,46.57942041499973,True,False
config_a,462,0.0651577870836606,17.54712368157925,True,10,0.0008338438768222961,0.09918368135888474,0.09868776295209031,0.14289624728262423,15667,15168,0.030060460999720817,46.609482928000034,True,False
config_a,463,-0.48277135572758034,14.843383747246117,True,18,0.013093024720447821,0.09868776295209031,0.09819432413732986,0.11501874143464698,15685,15186,0.054021615000237944,46.66350216000001,True,False
config_a,464,0.05738265325210856,17.59913025475107,True,12,0.018140008605946903,0.09819432413732986,0.09770335251664321,0.1320592351257801,15697,15198,0.03553828299982342,46.69904371799976,True,False
config_a,465,0.2607145603625156,16.71905364994891,True,14,0.0028412907463703507,0.09770335251664321,0.09721483575406,0.13392949596579587,15711,15212,0.04251059499983967,46.74155249999967,True,False
config_a,466,0.7060023493179612,12.24243745985441,True,21,0.014886826124718144,0.09721483575406,0.09672876157528969,0.12934722733639537,15732,15233,0.0632838969995646,46.80483696800002,True,False
config_a,467,-0.4006397768649496,14.852366106468253,True,19,0.0058033724613349436,0.09672876157528969,0.09624511776741324,0.12929299777667774,15751,15252,0.056869463000111864,46.86170841499961,True,False
config_a,468,-0.5759478170022123,11.674884191947058,True,24,0.003510229230502926,0.09624511776741324,0.09576389217857617,0.1496407869271934,15775,15276,0.07157022999990659,46.933277241999804,True,False
config_a,469,-0.4970415189568746,14.052018233505077,True,20,0.0006801574595256543,0.09576389217857617,0.09528507271768329,0.14179144240915775,15795,15296,0.060309952000352496,46.99358891599968,True,False
config_a,470,-0.7312741141015953,11.601123595749959,True,23,0.01245331490215118,0.09528507271768329,0.09480864735409487,0.1644036656488543,15818,15319,0.06967319299974406,47.06326467300005,True,False
config_a,471,0.723415913188378,12.047361294180154,True,21,0.001140021686210857,0.09480864735409487,0.0943346041173244,0.13437467565139136,15839,15340,0.06299118200013254,47.126258319000044,True,False
config_a,472,0.3370195150729294,16.05940417922102,True,16,0.0040340284216820455,0.0943346041173244,0.09386293109673778,0.11775268404744565,15855,15356,0.047920617000272614,47.17418022799984,True,False
config_a,473,0.0321187784550071,17.661401056218892,True,8,0.006593506036525941,0.09386293109673778,0.09339361644125409,0.07198608363978565,15863,15364,0.024248572000033164,47.19843498899991,True,False
config_a,474,-0.5311015934277613,14.063561417593155,True,18,0.003698402570331716,0.09339361644125409,0.09292664835904782,0.14343271570073235,15881,15382,0.055435014000067895,47.25386678799987,True,False
config_a,475,0.6773006649419926,12.477279736148194,True,21,0.004775429183228486,0.09292664835904782,0.09246201511725258,0.13884949125349522,15902,15403,0.06360702699976173,47.31747225299978,True,False
config_a,476,0.09727484560987809,20.16749383639544,True,15,0.008687965673779635,0.09246201511725258,0.09199970504166631,0.10663285218179226,15917,15418,0.0453979009998875,47.36379165299968,True,False
config_a,477,0.2418612826635751,16.747437508497388,True,14,0.010241296048470294,0.09199970504166631,0.09153970651645797,0.12876802988882577,15931,15432,0.04203728200036494,47.405830947999675,True,False
config_a,478,-0.2602984625456747,16.582710625662003,True,14,0.007333852386859241,0.09153970651645797,0.09108200798387568,0.1511141194828919,15945,15446,0.04508905300008337,47.45091629599983,True,False
config_a,479,0.15917100279739294,17.31511406889185,True,12,0.012657445956804597,0.09108200798387568,0.0906265979439563,0.14688454320033392,15957,15458,0.035823927000365074,47.48674710299974,True,False
config_a,480,-0.6373985588211485,13.017255971627309,True,20,0.016186960841324316,0.0906265979439563,0.09017346495423652,0.1630461262539029,15977,15478,0.060667743000067276,47.547413503999906,True,False
config_a,481,-0.05872383180927376,17.660703484620896,True,9,0.012874084458784026,0.09017346495423652,0.08972259762946533,0.180075297339095,15986,15487,0.027494250000017928,47.57488881599966,True,False
config_a,482,-0.30349352713938543,16.18889009132399,True,15,0.012954106062973703,0.08972259762946533,0.089273984641318,0.12482081117729346,16001,15502,0.04524724800012336,47.62015988999974,True,False
config_a,483,-0.05733952759552241,17.591143471811662,True,10,0.01770099968456291,0.089273984641318,0.0888276147181114,0.17147595025599002,16011,15512,0.030422467999869696,47.65058456099996,True,False
config_a,484,-0.3462613626366402,15.818109835404902,True,16,0.008144550860200328,0.0888276147181114,0.08838347664452084,0.11350552854128182,16027,15528,0.0486512219999895,47.69923397000002,True,False
config_a,485,-0.5558933625335778,12.451871907757596,True,23,0.002782920188622695,0.08838347664452084,0.08794155926129824,0.13403882839433526,16050,15551,0.06970823499977996,47.76894249599991,True,False
config_a,486,-0.5017518785253219,14.473117788368835,True,18,0.01523606196577676,0.08794155926129824,0.08750185146499175,0.17121445584214395,16068,15569,0.054469901000175014,47.82340540699988,True,False
config_a,487,-0.6024729552029,13.499257618631237,True,19,0.014884749601734248,0.08750185146499175,0.08706434220766679,0.14040926089020153,16087,15588,0.05737520399998175,47.88079069599962,True,False
config_a,488,-0.15820358187171946,17.177069503610255,True,12,0.00014402574094246612,0.08706434220766679,0.08662902049662846,0.1411603392722706,16099,15600,0.03631167200001073,47.91710472099976,True,False
config_a,489,0.5395671519175396,14.112642739433795,True,18,0.015638703353284322,0.08662902049662846,0.08619587539414532,0.1391688362798757,16117,15618,0.054197917000237794,47.971302897999976,True,False
config_a,490,0.4350456432763228,15.051305316435172,True,17,0.005559669424036129,0.08619587539414532,0.08576489601717459,0.11842360183158342,16134,15635,0.05286766200015336,48.024168837999696,True,False
config_a,491,0.7935819465070728,9.996078073233367,True,25,0.013756378866413121,0.08576489601717459,0.08533607153708872,0.12973824203014372,16159,15660,0.07574734199988598,48.09990970999979,True,False
config_a,492,-0.588953522385671,13.709595277823972,True,20,0.004460516114749957,0.08533607153708872,0.08490939117940327,0.12470604693517089,16179,15680,0.060527273999923636,48.16044616799991,True,False
config_a,493,-0.052894837323639754,17.5041113382671,True,9,0.007385928623474869,0.08490939117940327,0.08448484422350626,0.14142829345332253,16188,15689,0.027158681999935652,48.18760936599983,True,False
config_a,494,0.47565431900970156,14.910194064117968,True,18,0.015891213962086426,0.08448484422350626,0.08406242000238873,0.15535006506575477,16206,15707,0.055078554000374425,48.24268525699972,True,False
config_a,495,0.5540498875567081,12.927589468983934,True,21,0.015926174163900075,0.08406242000238873,0.08364210790237678,0.11595002402152334,16227,15728,0.070456465999996,48.31314372599991,True,False
config_a,496,0.40985107556419265,15.453988422243855,True,17,0.022165739852414212,0.08364210790237678,0.0832238973628649,0.13848636869122,16244,15745,0.05150210400006472,48.364648784999645,True,False
config_a,497,-0.7635883126453997,11.053843915718607,True,23,0.0005590953977290258,0.0832238973628649,0.08280777787605056,0.13999382503654645,16267,15768,0.06939336799996454,48.43404302399995,True,False
config_a,498,-0.6346829602308498,12.924414280615746,True,20,0.021610084376815886,0.08280777787605056,0.08239373898667031,0.1593148429878056,16287,15788,0.06077981899989027,48.49482367399969,True,False
config_a,499,-0.35152043251405196,17.558039558539168,True,20,0.007851271533417525,0.08239373898667031,0.08198177029173696,0.16231287894770502,16307,15808,0.06054460999985167,48.555368374999944,True,False
config_a,500,-0.208713254347351,16.775538522121497,True,15,0.034348704499851446,0.08198177029173696,0.08157186144027828,0.1383116224159797,16322,15823,0.045160228999975516,48.600532079000004,True,False
config_a,501,0.10177536943625809,17.631048673711483,True,11,0.0003179422506538604,0.08157186144027828,0.0811640021330769,0.14986119283871216,16333,15834,0.03380847500011441,48.63528524599997,True,False
config_a,502,-0.6531478457711037,12.759404595242813,True,20,0.012737242898465562,0.0811640021330769,0.08075818212241151,0.14948106743395329,16353,15854,0.06168739600025219,48.696973043999606,True,False
config_a,503,0.3487860378138523,14.97197559204651,True,20,0.016820808936027276,0.08075818212241151,0.08035439121179945,0.10897154482081532,16373,15874,0.06129608499986716,48.75827289499966,True,False
config_a,504,0.29561142899135207,15.904509969498031,True,16,0.007372043573824538,0.08035439121179945,0.07995261925574046,0.14055687142536044,16389,15890,0.048264136999932816,48.806540477,True,False
config_a,505,-0.3748211419024456,14.890549525723326,True,18,0.004135113057929463,0.07995261925574046,0.07955285615946175,0.1450107458771931,16407,15908,0.054413137000210554,48.86095688899968,True,False
config_a,506,-0.7384740211898191,11.573620228422806,True,22,0.013605693005323882,0.07955285615946175,0.07915509187866444,0.15207451378757303,16429,15930,0.06608956199988825,48.9270460609996,True,False
config_a,507,-0.5898429364566463,13.690343458851567,True,20,0.01195748560687604,0.07915509187866444,0.07875931641927113,0.11756275715306401,16449,15950,0.060553422999873874,48.98760220799977,True,False
config_a,508,-0.7053424384616035,12.02412853243295,True,22,0.006193104852041609,0.07875931641927113,0.07836551983717477,0.13010710655626925,16471,15972,0.06643376400006673,49.054036171999996,True,False
config_a,509,0.11079570456514409,17.556210978748275,True,11,0.00318917091699307,0.07836551983717477,0.07797369223798889,0.1978575477207249,16482,15983,0.03346794900016903,49.08750651499986,True,False
config_a,510,0.04824258547396809,17.726512460596858,True,9,0.021958699656070266,0.07797369223798889,0.07758382377679894,0.18086197392808068,16491,15992,0.027165962999788462,49.11467815599963,True,False
config_a,511,-0.34570607852057056,15.878494366933591,True,16,0.0016693420860983132,0.07758382377679894,0.07719590465791494,0.15042280207853764,16507,16008,0.04809737999994468,49.16277414399974,True,False
config_a,512,0.7715527166031175,11.105011262465268,True,23,0.01141111739706413,0.07719590465791494,0.07680992513462537,0.11871722680719002,16530,16031,0.0694208590002745,49.232193990999804,True,False
config_a,513,0.7497373108220267,10.795924621738958,True,23,0.010626730889371605,0.07680992513462537,0.07642587550895225,0.1493607796728611,16553,16054,0.06900323799982289,49.30119828099987,True,False
config_a,514,-0.3808298769907964,15.54638298167847,True,16,0.001678734295709805,0.07642587550895225,0.07604374613140748,0.15978020918555558,16569,16070,0.04836539799998718,49.349564028999794,True,False
config_a,515,0.6755912914921376,12.561726433527657,True,21,0.0018521156419275542,0.07604374613140748,0.07566352740075044,0.13520901472795577,16590,16091,0.06299745200021789,49.41256385399993,True,False
config_a,516,0.7617327489004637,11.00079501940636,True,23,0.0006000468369455891,0.07566352740075044,0.07528520976374668,0.13488598070714786,16613,16114,0.06933498099988356,49.48189690199979,True,False
config_a,517,0.3044892367631493,16.416632554121314,True,15,0.01294896007742452,0.07528520976374668,0.07490878371492794,0.1463207141806682,16628,16129,0.04505827799994222,49.52696071799983,True,False
config_a,518,0.5696897931678,13.822263045608997,True,20,0.008949632279025121,0.07490878371492794,0.0745342397963533,0.14997523762285708,16648,16149,0.06020498599991697,49.587166864999745,True,False
config_a,519,-0.5418290192173882,13.478877762006595,True,21,0.005680999245187279,0.0745342397963533,0.07416156859737154,0.15811258501240186,16669,16170,0.06336759099986011,49.65053436599965,True,False
config_a,520,-0.4089204345082319,15.498644699249416,True,17,0.004276257643812065,0.07416156859737154,0.07379076075438468,0.15005620021153898,16686,16187,0.05085567499963872,49.701384011999835,True,False
config_a,521,-0.3304967663869336,17.63990869024783,True,22,0.01434161920746685,0.07379076075438468,0.07342180695061275,0.14569278560917487,16708,16209,0.06607853599962255,49.76747125099973,True,False
config_a,522,-0.7108372050432439,11.96418532412499,True,21,0.008332868525098291,0.07342180695061275,0.07305469791585968,0.12924516591287794,16729,16230,0.06369084100015243,49.83116553799982,True,False
config_a,523,-0.4394330785188684,14.147594987647608,True,20,0.009136715925928629,0.07305469791585968,0.07268942442628039,0.17817328907549382,16749,16250,0.06003058600026634,49.891197507000015,True,False
config_a,524,-0.4785529050868288,17.45828780150041,True,22,0.010158002248861264,0.07268942442628039,0.07232597730414898,0.16041274199431593,16771,16272,0.06621909399973447,49.95741767299978,True,False
config_a,525,-0.14886668027011185,17.28420279100537,True,12,0.019786329745042575,0.07232597730414898,0.07196434741762824,0.15060935728251934,16783,16284,0.036141949000011664,49.99356431899969,True,False
config_a,526,0.07332079156217597,17.77371353333292,True,10,0.004468917911436512,0.07196434741762824,0.0716045256805401,0.18026542402803897,16793,16294,0.03128696200019476,50.02575621400001,True,False
config_a,527,0.3491283185357923,15.996891509531999,True,16,0.013282693892311681,0.0716045256805401,0.0712465030521374,0.15750139579176903,16809,16310,0.04878099400002611,50.07453392399975,True,False
config_a,528,-0.19711619363622945,17.11707169925794,True,13,0.009881592051434185,0.0712465030521374,0.0708902705368767,0.12870292695095906,16822,16323,0.03923048500018922,50.11376402899987,True,False
config_a,529,-0.04915322193826965,17.728666653530674,True,9,0.008554600188861332,0.0708902705368767,0.07053581918419231,0.13848496104280153,16831,16332,0.02744240299989542,50.14121267199971,True,False
config_a,530,-0.5802224588156508,13.727550470456482,True,19,0.006781625212952669,0.07053581918419231,0.07018314008827135,0.1339757241504757,16850,16351,0.05717206300005273,50.19838530499965,True,False
config_a,531,0.3619837002242112,15.943873209506274,True,16,0.003257316621799178,0.07018314008827135,0.06983222438783,0.16673195699695498,16866,16367,0.048267331999795715,50.2466573239999,True,False
config_a,532,0.794349513394496,9.56144427503459,True,25,0.011506565647645628,0.06983222438783,0.06948306326589085,0.1345513129979372,16891,16392,0.0747430000001259,50.32139478599993,True,False
config_a,533,-0.4752870148556088,14.997191990655846,True,18,0.0041278665074077625,0.06948306326589085,0.0691356479495614,0.14835917194270426,16909,16410,0.05445535999979256,50.375853509999615,True,False
config_a,534,0.6092527092760114,13.420755669116625,True,21,0.0013734590165367377,0.0691356479495614,0.06878996970981359,0.116075323451133,16930,16431,0.06310969800006205,50.438965772999836,True,False
config_a,535,-0.7406600595085229,11.744232785142959,True,21,0.005126232119536556,0.06878996970981359,0.06844601986126451,0.15671817470519317,16951,16452,0.06326659200021822,50.50223227399965,True,False
config_a,536,0.7090472403503723,12.2709509763401,True,21,0.011038353016992852,0.06844601986126451,0.06810378976195819,0.150862532623467,16972,16473,0.06319290200008254,50.56542665799998,True,False
config_a,537,-0.15821890308672582,17.201896266196854,True,12,0.008388786396162251,0.06810378976195819,0.0677632708131484,0.14539359665165344,16984,16485,0.036133608000000095,50.601565792999736,True,False
config_a,538,-0.1514054795869152,17.408530608261934,True,12,0.002242275715306913,0.0677632708131484,0.06742445445908266,0.14685288832212487,16996,16497,0.03627627900004882,50.637839948999954,True,False
config_a,539,0.1394013540410416,17.338063720334322,True,12,0.006059640062937299,0.06742445445908266,0.06708733218678724,0.15336141642183065,17008,16509,0.036203340999691136,50.67404704499995,True,False
config_a,540,0.6644643064223141,12.766724213690031,True,21,0.0016731964048000147,0.06708733218678724,0.0667518955258533,0.13957946791890122,17029,16530,0.06328860299981898,50.737324071999865,True,False
config_a,541,0.657467159491361,12.653578886110335,True,22,0.005345142430280836,0.0667518955258533,0.06641813604822402,0.14893719740211964,17051,16552,0.06530159299973093,50.80263681099996,True,False
config_a,542,0.6866202331323352,11.838819019473156,True,23,0.0018120558822452004,0.06641813604822402,0.0660860453679829,0.17204462461497472,17074,16575,0.06897055999979784,50.871608772999934,True,False
config_a,543,0.23025112884798338,16.963760299712884,True,14,0.0003724372708115431,0.0660860453679829,0.06575561514114299,0.13752087584829756,17088,16589,0.04170549000036772,50.91331803899993,True,False
config_a,544,0.38103914044387954,15.72354568659066,True,17,0.006977091423066573,0.06575561514114299,0.06542683706543727,0.14880491804112406,17105,16606,0.05217827900014527,50.96549535599979,True,False
config_a,545,-0.6605069105686481,12.04814925044775,True,21,0.008582871275420456,0.06542683706543727,0.06509970288011008,0.15793117246634902,17126,16627,0.06299050200004785,51.02848828099968,True,False
config_a,546,-0.5582431307493748,13.708489828882739,True,19,0.008333471223382016,0.06509970288011008,0.06477420436570952,0.16742198404512906,17145,16646,0.057333641999775864,51.08582506799985,True,False
config_a,547,0.2856137255591358,16.526586753787704,True,15,0.009172752911730586,0.06477420436570952,0.06445033334388098,0.147542011924088,17160,16661,0.04487030900008904,51.13068885699977,True,False
config_a,548,-0.32166978799054147,15.53155875793891,True,19,0.011162816284367216,0.06445033334388098,0.06412808167716157,0.11499707979199134,17179,16680,0.05726979799965193,51.187963771999875,True,False
config_a,549,0.15003376696392812,17.27115307650529,True,12,0.014681404106122203,0.06412808167716157,0.06380744126877576,0.13889598955089846,17191,16692,0.03591478199996345,51.22388440299983,True,False
config_a,550,-0.4904895269873601,14.556594952987506,True,18,0.008955737698889465,0.06380744126877576,0.06348840406243188,0.1518795792427328,17209,16710,0.05403356299984807,51.277920170000016,True,False
config_a,551,0.063254460933298,17.71745468379813,True,9,0.014477540626628899,0.06348840406243188,0.06317096204211972,0.13731619425945812,17218,16719,0.027228106000166008,51.306068201000016,True,False
config_a,552,0.5329176431492664,14.107176803727633,True,20,0.0141444683162536,0.06317096204211972,0.06285510723190912,0.1480292479507625,17238,16739,0.06022749900012059,51.36629344699986,True,False
config_a,553,-0.05296836087744494,17.66049212189391,True,9,0.02569895287536953,0.06285510723190912,0.06254083169574957,0.11367735804782973,17247,16748,0.027013377000002947,51.39331057899972,True,False
config_a,554,-0.269375510187429,16.62680519635323,True,14,0.001100655715331078,0.06254083169574957,0.062228127537270826,0.16902284111295426,17261,16762,0.04241418199990221,51.43572534099985,True,False
config_a,555,-0.23331894148325394,16.88258222754812,True,14,0.007587418581880251,0.062228127537270826,0.06191698689958447,0.16449894503291165,17275,16776,0.0419778740001675,51.47770487799971,True,False
config_a,556,-0.1144880112483424,17.448149626678788,True,11,0.012217220946262597,0.06191698689958447,0.061607401965086545,0.1715814405205575,17286,16787,0.033267652000176895,51.510947462999866,True,False
config_a,557,0.05264456611297297,17.739718401664867,True,9,0.01755671901706539,0.061607401965086545,0.06129936495526111,0.1307020928296778,17295,16796,0.02739710700006981,51.53837208999994,True,False
config_a,558,0.08069600483287953,17.726364226876466,True,10,0.0077670614738147015,0.06129936495526111,0.0609928681304848,0.11013410557061434,17305,16806,0.0301675789996807,51.56854243399994,True,False
config_a,559,-0.10773396688352166,17.493819818996418,True,11,0.017843704131230237,0.0609928681304848,0.060687903789832374,0.1501998630436984,17316,16817,0.032787079000172525,51.6013314249999,True,False
config_a,560,0.7728144105100079,11.393268168414943,True,22,0.006461198204369523,0.060687903789832374,0.06038446427088321,0.12460643239319324,17338,16839,0.06665557299993452,51.66798230099994,True,False
config_a,561,-0.31234286682239265,15.329735074730706,True,19,0.01199065491295509,0.06038446427088321,0.06008254194952879,0.18378023685593353,17357,16858,0.05665449499974784,51.72464152199973,True,False
config_a,562,0.07225705777374036,17.569409620575605,True,12,0.011761366011127733,0.06008254194952879,0.05978212923978115,0.15231395714605847,17369,16870,0.03600480499972036,51.76064924299999,True,False
config_a,563,0.13456155354471055,17.374411300430076,True,12,0.013624297982855138,0.05978212923978115,0.05948321859358224,0.15913551642249027,17381,16882,0.03637267200019778,51.797021864999806,True,False
config_a,564,-0.0016672854333983356,17.57663536207692,True,8,0.001067435134532411,0.05948321859358224,0.05918580250061433,0.13802797463722527,17389,16890,0.024038560000008147,51.821064921000016,True,False
config_a,565,-0.27191191003974446,16.284678711812013,True,16,0.0063474279476523066,0.05918580250061433,0.058889873488111255,0.14048884098883718,17405,16906,0.04815860000007888,51.86922078799989,True,False
config_a,566,0.7373924002695504,11.820313857561269,True,22,0.0002954701841015872,0.058889873488111255,0.058595424120670696,0.14494521856646647,17427,16928,0.06596678100004283,51.93518916999983,True,False
config_a,567,-0.792578718725499,10.669361808756365,True,23,0.025201881529128944,0.058595424120670696,0.05830244700006734,0.1514909558969995,17450,16951,0.06955877300015345,52.004747502999635,True,False
config_a,568,0.4806698700928931,14.708844974357635,True,18,0.012452854706917593,0.05830244700006734,0.058010934765067,0.1869956474337313,17468,16969,0.05446050699993066,52.059209302,True,False
config_a,569,0.14262858429613912,17.379669760260732,True,12,0.005557267231426577,0.058010934765067,0.05772088009124167,0.22264905646443367,17480,16981,0.03607918699981383,52.095293115000004,True,False
config_a,570,-0.5589727379162371,14.056285855453462,True,19,0.01284696577357769,0.05772088009124167,0.05743227569078546,0.14021788655143036,17499,17000,0.05736269599992738,52.15265522999971,True,False
config_a,571,-0.4993939728042621,14.224424919567536,True,19,0.003719552016934191,0.05743227569078546,0.05714511431233153,0.1521553560895355,17518,17019,0.05701596100016104,52.20967224299966,True,False
config_a,572,-0.17885982763879493,17.265076219371984,True,13,0.0006813645797812407,0.05714511431233153,0.05685938874076987,0.1396481040865183,17531,17032,0.039053893000073,52.2487283989999,True,False
config_a,573,-0.7224221885153439,11.31358332775999,True,23,0.0010488414214206987,0.05685938874076987,0.056575091797066025,0.20604642804550088,17554,17055,0.06953906399985499,52.3182666419998,True,False
config_a,574,-0.16890557872620227,17.27468266800279,True,13,0.007125798515766363,0.056575091797066025,0.056292216338080694,0.11692038808877651,17567,17068,0.039302241999848775,52.35757192799974,True,False
config_a,575,-0.11459924736405114,17.35779859398026,True,11,0.0037368237071745414,0.056292216338080694,0.05601075525639029,0.17874309031123464,17578,17079,0.03295243399998071,52.39052925899978,True,False
config_a,576,-0.5129243832983239,14.287317727459595,True,19,0.005396725606143904,0.05601075525639029,0.05573070148010834,0.1483811502786059,17597,17098,0.057176889999936975,52.448661597999944,True,False
config_a,577,0.46233632459473606,14.922882171813399,True,17,0.005525869560549734,0.05573070148010834,0.0554520479727078,0.1667361919055967,17614,17115,0.0508326809999744,52.49949360699975,True,False
config_a,578,-0.48051458173327416,14.607546211392037,True,19,0.00015224214741638153,0.0554520479727078,0.05517478773284426,0.14106302835831516,17633,17134,0.05724574199985,52.55674099199996,True,False
config_a,579,0.5478708477362313,14.170215029577957,True,19,0.00943100813047848,0.05517478773284426,0.05489891379418004,0.13502031319627636,17652,17153,0.0569823109999561,52.613724284,True,False
config_a,580,-0.28161389388330993,16.45764775534626,True,15,0.026049136634769432,0.05489891379418004,0.05462441922520914,0.17786571929852169,17667,17168,0.04530841900032101,52.65903176199981,True,False
config_a,581,0.2919064892558385,16.39199807305704,True,15,0.0001990433319371543,0.05462441922520914,0.0543512971290831,0.16334999191264313,17682,17183,0.044451176000166015,52.703486903999874,True,False
config_a,582,0.7622027707244823,11.256636777403765,True,23,0.006443228837909598,0.0543512971290831,0.05407954064343768,0.18537622123308803,17705,17206,0.07328976300004797,52.77677703699965,True,False
config_a,583,-0.5642949942270228,13.802455367520452,True,19,0.009398430601525343,0.05407954064343768,0.05380914294022049,0.13302568003143134,17724,17225,0.056895671999882325,52.83366729199997,True,False
config_a,584,-0.43195552704278345,15.198629311239348,True,18,0.0038444924852055196,0.05380914294022049,0.05354009722551939,0.13849782302147812,17742,17243,0.054493135000029724,52.88816943999973,True,False
config_a,585,-0.4394476739289468,16.354207722144203,True,23,0.016025115195403117,0.05354009722551939,0.05327239673939179,0.160884452983737,17765,17266,0.06883721199983484,52.9570070929999,True,False
config_a,586,0.12672358276255424,17.45994928651489,True,12,0.01327354327489949,0.05327239673939179,0.053006034755694834,0.14500971464440227,17777,17278,0.03600058000029094,52.993010045999654,True,False
config_a,587,0.42568187995776663,15.20306371069746,True,17,0.005435088956151024,0.053006034755694834,0.052741004581916356,0.15632461000453024,17794,17295,0.051344970999707584,53.04435403599973,True,False
config_a,588,-0.6797597174464549,12.079088776075514,True,22,0.014347203604495817,0.052741004581916356,0.052477299559006776,0.17202139815146272,17816,17317,0.06582826500016381,53.1101842639996,True,False
config_a,589,-0.22326160921216365,17.027676161687122,True,14,0.006553639940108907,0.052477299559006776,0.052214913061211746,0.18931054044514894,17830,17331,0.04223085900002843,53.152420340999925,True,False
config_a,590,-0.28429075155341577,16.51881686327979,True,15,0.00690487716764665,0.052214913061211746,0.05195383849590569,0.11778409108519554,17845,17346,0.04496111300022676,53.19738061299995,True,False
config_a,591,0.6751870266464062,12.259808154939673,True,22,0.0017165572401577345,0.05195383849590569,0.05169406930342616,0.1518009372732856,17867,17368,0.0662552990002041,53.26363666299994,True,False
config_a,592,0.0361058416777833,17.81680178658571,True,8,0.01689569773452209,0.05169406930342616,0.05143559895690903,0.149909820407629,17875,17376,0.02388296899971465,53.28752482899972,True,False
config_a,593,0.10523315181557236,17.459394824240007,True,11,0.00013034462733564622,0.05143559895690903,0.051178420962124486,0.18176714872772043,17886,17387,0.033098411000082706,53.32062363099976,True,False
config_a,594,0.47391785589907753,14.812176028569228,True,18,0.0016276113252721158,0.051178420962124486,0.05092252885731386,0.16127549670636654,17904,17405,0.05407296099974701,53.37469458899977,True,False
config_a,595,0.17575621394639573,17.022379449848085,True,13,0.00513028604220872,0.05092252885731386,0.05066791621302729,0.17347069600453743,17917,17418,0.038997789999939414,53.4136939809996,True,False
config_a,596,0.6419294686975396,17.46590681820526,True,28,0.00040354757208282965,0.05066791621302729,0.05041457663196215,0.19258361994954093,17945,17446,0.08433323799999926,53.49802919299964,True,False
config_a,597,-0.009909593930800709,17.60974716040655,True,8,0.0004548469708850998,0.05041457663196215,0.050162503748802344,0.19292008318006992,17953,17454,0.024436901999706606,53.522470169999906,True,False
config_a,598,-0.7741406376609024,10.609087094152345,True,24,0.020207520879751417,0.050162503748802344,0.05,0.19453395654757819,17977,17478,0.07262388399976771,53.59509137999976,True,False
config_a,599,-0.1792319584737475,18.79698411579011,True,18,0.008102782648793494,0.05,0.05,0.17114378015200296,17995,17496,0.05425343900014923,53.649338800999885,True,False
config_a,600,-0.3342542065381249,15.98641667701304,True,16,0.019135344390448117,0.05,0.05,0.16235422517638654,18011,17512,0.048833482999725675,53.69818301899977,True,False
